Protocollo;Gruppo;DataOraIncidente;Localizzazione1;STRADA1;Localizzazione2;STRADA2;Strada02;Chilometrica;DaSpecificare;NaturaIncidente;particolaritastrade;TipoStrada;FondoStradale;Pavimentazione;Segnaletica;CondizioneAtmosferica;Traffico;Visibilita;Illuminazione;NUM_FERITI;NUM_RISERVATA;NUM_MORTI;NUM_ILLESI;Longitudine;Latitudine;Confermato;Progressivo;TipoVeicolo;StatoVeicolo;TipoPersona;Sesso;Tipolesione;Deceduto;DecedutoDopo;CinturaCascoUtilizzato;Airbag;
4160097;4;01/01/2019 20:40:00;Strada Urbana;VIA SALARIA;in prossimità;;della chilometrica;15.8;;Scontro laterale fra veicoli in marcia;Rettilineo;Una carreggiata a doppio senso;Asciutto;Asfaltata;Verticale ed orizzontale;Sereno;Scarso;Buona;Sufficiente;0;0;0;3;12.5116;41.9875;-1;1;Autovettura privata;In marcia / fermata / arresto;Conducente;M;Illeso;0;;Non accertato;
4160097;4;01/01/2019 20:40:00;Strada Urbana;VIA SALARIA;in prossimità;;della chilometrica;15.8;;Scontro laterale fra veicoli in marcia;Rettilineo;Una carreggiata a doppio senso;Asciutto;Asfaltata;Verticale ed orizzontale;Sereno;Scarso;Buona;Sufficiente;0;0;0;3;12.5116;41.9875;-1;1;Autovettura privata;In marcia / fermata / arresto;Passeggero;F;Illeso;0;;;
4160097;4;01/01/2019 20:40:00;Strada Urbana;VIA SALARIA;in prossimità;;della chilometrica;15.8;;Scontro laterale fra veicoli in marcia;Rettilineo;Una carreggiata a doppio senso;Asciutto;Asfaltata;Verticale ed orizzontale;Sereno;Scarso;Buona;Sufficiente;0;0;0;3;12.5116;41.9875;-1;2;Autovettura privata;In marcia / fermata / arresto;Conducente;M;Illeso;0;;;
4160136;13;01/01/2019 04:30:00;Strada Urbana;VIA BRUNO MOLAJOLI;in corrispondenza;;del palo luce n.;7;;Veicolo in marcia contro ostacolo accidentale;Rettilineo;Una carreggiata a doppio senso;Asciutto;Asfaltata;Assente;Sereno;Normale;Sufficiente;Sufficiente;0;0;0;5;12.3629;41.7709;-1;1;Autovettura privata;In marcia / fermata / arresto;Conducente;M;Illeso;0;;Non accertato;Inesploso
4160136;13;01/01/2019 04:30:00;Strada Urbana;VIA BRUNO MOLAJOLI;in corrispondenza;;del palo luce n.;7;;Veicolo in marcia contro ostacolo accidentale;Rettilineo;Una carreggiata a doppio senso;Asciutto;Asfaltata;Assente;Sereno;Normale;Sufficiente;Sufficiente;0;0;0;5;12.3629;41.7709;-1;1;Autovettura privata;In marcia / fermata / arresto;Passeggero;F;Illeso;0;;Non accertato;Inesploso
4160136;13;01/01/2019 04:30:00;Strada Urbana;VIA BRUNO MOLAJOLI;in corrispondenza;;del palo luce n.;7;;Veicolo in marcia contro ostacolo accidentale;Rettilineo;Una carreggiata a doppio senso;Asciutto;Asfaltata;Assente;Sereno;Normale;Sufficiente;Sufficiente;0;0;0;5;12.3629;41.7709;-1;1;Autovettura privata;In marcia / fermata / arresto;Passeggero;M;Illeso;0;;Non accertato;Inesploso
4160136;13;01/01/2019 04:30:00;Strada Urbana;VIA BRUNO MOLAJOLI;in corrispondenza;;del palo luce n.;7;;Veicolo in marcia contro ostacolo accidentale;Rettilineo;Una carreggiata a doppio senso;Asciutto;Asfaltata;Assente;Sereno;Normale;Sufficiente;Sufficiente;0;0;0;5;12.3629;41.7709;-1;1;Autovettura privata;In marcia / fermata / arresto;Passeggero;M;Illeso;0;;Non accertato;Inesploso
4160136;13;01/01/2019 04:30:00;Strada Urbana;VIA BRUNO MOLAJOLI;in corrispondenza;;del palo luce n.;7;;Veicolo in marcia contro ostacolo accidentale;Rettilineo;Una carreggiata a doppio senso;Asciutto;Asfaltata;Assente;Sereno;Normale;Sufficiente;Sufficiente;0;0;0;5;12.3629;41.7709;-1;1;Autovettura privata;In marcia / fermata / arresto;Passeggero;F;Illeso;0;;Non accertato;Inesploso
4160143;8;01/01/2019 01:10:00;Strada Urbana;VIA CASILINA;in prossimità;;del civico n.;1765;;Tamponamento;Rettilineo;Una carreggiata a doppio senso;Asciutto;Asfaltata;Verticale ed orizzontale;Sereno;Intenso;Buona;Ore Diurne;1;0;0;2;12.6703;41.864;-1;1;Autovettura privata;In marcia / fermata / arresto;Conducente;F;Rifiuta cure immediate;0;NON DECEDUTO;Non accertato;Inesploso
4160143;8;01/01/2019 01:10:00;Strada Urbana;VIA CASILINA;in prossimità;;del civico n.;1765;;Tamponamento;Rettilineo;Una carreggiata a doppio senso;Asciutto;Asfaltata;Verticale ed orizzontale;Sereno;Intenso;Buona;Ore Diurne;1;0;0;2;12.6703;41.864;-1;2;Autovettura privata;In marcia / fermata / arresto;Conducente;M;Illeso;0;;Non accertato;Inesploso
4160143;8;01/01/2019 01:10:00;Strada Urbana;VIA CASILINA;in prossimità;;del civico n.;1765;;Tamponamento;Rettilineo;Una carreggiata a doppio senso;Asciutto;Asfaltata;Verticale ed orizzontale;Sereno;Intenso;Buona;Ore Diurne;1;0;0;2;12.6703;41.864;-1;2;Autovettura privata;In marcia / fermata / arresto;Passeggero;M;Illeso;0;;Non accertato;Inesploso
4160146;8;01/01/2019 05:50:00;Strada Urbana;VIA CASILINA;in corrispondenza;;del civico n.;1430;;Scontro frontale/laterale SX fra veicoli in marcia;Rettilineo;Una carreggiata a doppio senso;Asciutto;Asfaltata;Verticale ed orizzontale;Sereno;Scarso;Buona;Sufficiente;0;0;0;2;12.6203;41.8627;-1;1;Autovettura privata;In marcia / fermata / arresto;Conducente;M;Illeso;0;;Non accertato;Inesploso
4160146;8;01/01/2019 05:50:00;Strada Urbana;VIA CASILINA;in corrispondenza;;del civico n.;1430;;Scontro frontale/laterale SX fra veicoli in marcia;Rettilineo;Una carreggiata a doppio senso;Asciutto;Asfaltata;Verticale ed orizzontale;Sereno;Scarso;Buona;Sufficiente;0;0;0;2;12.6203;41.8627;-1;2;Autovettura privata;In marcia / fermata / arresto;Conducente;M;Illeso;0;;Non accertato;Inesploso
4160155;5;02/01/2019 08:10:00;Strada Urbana;VIA DI PORTONACCIO;da specificare;;;;altezza largo G. Pittaluga;Scontro laterale fra veicoli in marcia;Rettilineo;Due carreggiate;Asciutto;Asfaltata;Verticale ed orizzontale;Sereno;Normale;Buona;Ore Diurne;1;0;0;1;12.5374;41.8995;-1;1;Autovettura privata;In marcia / fermata / arresto;Conducente;M;Illeso;0;;Non accertato;
4160155;5;02/01/2019 08:10:00;Strada Urbana;VIA DI PORTONACCIO;da specificare;;;;altezza largo G. Pittaluga;Scontro laterale fra veicoli in marcia;Rettilineo;Due carreggiate;Asciutto;Asfaltata;Verticale ed orizzontale;Sereno;Normale;Buona;Ore Diurne;1;0;0;1;12.5374;41.8995;-1;2;Motociclo a solo;In marcia / fermata / arresto;Conducente;M;Rimandato;0;NON DECEDUTO;Non accertato;
4160155;5;02/01/2019 08:10:00;Strada Urbana;VIA DI PORTONACCIO;da specificare;;;;altezza largo G. Pittaluga;Scontro laterale fra veicoli in marcia;Rettilineo;Due carreggiate;Asciutto;Asfaltata;Verticale ed orizzontale;Sereno;Normale;Buona;Ore Diurne;1;0;0;1;12.5374;41.8995;-1;3;Autovettura privata;Sosta;;;;;;;
4160155;5;02/01/2019 08:10:00;Strada Urbana;VIA DI PORTONACCIO;da specificare;;;;altezza largo G. Pittaluga;Scontro laterale fra veicoli in marcia;Rettilineo;Due carreggiate;Asciutto;Asfaltata;Verticale ed orizzontale;Sereno;Normale;Buona;Ore Diurne;1;0;0;1;12.5374;41.8995;-1;4;Autovettura privata;Sosta;;;;;;;
4160167;16;01/01/2019 04:30:00;Strada Urbana;PIAZZA DELLA ROVERE;da specificare;;;;altezza ponte Principe Amedeo Savoia Aosta;Veicolo in marcia contro ostacolo fisso;Rettilineo;Una carreggiata a senso unico di marcia;Asciutto;Asfaltata;Verticale ed orizzontale;Sereno;Normale;Buona;Sufficiente;2;0;0;1;12.4631;41.9009;-1;1;Autovettura privata;In marcia / fermata / arresto;Conducente;M;Rimandato;0;NON DECEDUTO;;
4160167;16;01/01/2019 04:30:00;Strada Urbana;PIAZZA DELLA ROVERE;da specificare;;;;altezza ponte Principe Amedeo Savoia Aosta;Veicolo in marcia contro ostacolo fisso;Rettilineo;Una carreggiata a senso unico di marcia;Asciutto;Asfaltata;Verticale ed orizzontale;Sereno;Normale;Buona;Sufficiente;2;0;0;1;12.4631;41.9009;-1;1;Autovettura privata;In marcia / fermata / arresto;Passeggero;M;Illeso;0;;;
4160167;16;01/01/2019 04:30:00;Strada Urbana;PIAZZA DELLA ROVERE;da specificare;;;;altezza ponte Principe Amedeo Savoia Aosta;Veicolo in marcia contro ostacolo fisso;Rettilineo;Una carreggiata a senso unico di marcia;Asciutto;Asfaltata;Verticale ed orizzontale;Sereno;Normale;Buona;Sufficiente;2;0;0;1;12.4631;41.9009;-1;1;Autovettura privata;In marcia / fermata / arresto;Passeggero;F;Rimandato;0;NON DECEDUTO;;
4160169;8;01/01/2019 15:50:00;Strada Urbana;VIA SANT'ELPIDIO A MARE;all'intersezione con;VIA ACQUALAGNA;VIA ACQUALAGNA;;;Scontro frontale/laterale DX fra veicoli in marcia;Incrocio;Una carreggiata a senso unico di marcia;Asciutto;Asfaltata;Verticale ed orizzontale;Sereno;Scarso;Buona;Ore Diurne;1;0;0;3;12.7264;41.9181;-1;1;Autovettura privata;In marcia / fermata / arresto;Conducente;M;Illeso;0;;Non accertato;Inesploso
4160169;8;01/01/2019 15:50:00;Strada Urbana;VIA SANT'ELPIDIO A MARE;all'intersezione con;VIA ACQUALAGNA;VIA ACQUALAGNA;;;Scontro frontale/laterale DX fra veicoli in marcia;Incrocio;Una carreggiata a senso unico di marcia;Asciutto;Asfaltata;Verticale ed orizzontale;Sereno;Scarso;Buona;Ore Diurne;1;0;0;3;12.7264;41.9181;-1;1;Autovettura privata;In marcia / fermata / arresto;Passeggero;F;Rimandato;0;NON DECEDUTO;Non accertato;Inesploso
4160169;8;01/01/2019 15:50:00;Strada Urbana;VIA SANT'ELPIDIO A MARE;all'intersezione con;VIA ACQUALAGNA;VIA ACQUALAGNA;;;Scontro frontale/laterale DX fra veicoli in marcia;Incrocio;Una carreggiata a senso unico di marcia;Asciutto;Asfaltata;Verticale ed orizzontale;Sereno;Scarso;Buona;Ore Diurne;1;0;0;3;12.7264;41.9181;-1;2;Autovettura privata;In marcia / fermata / arresto;Conducente;M;Illeso;0;;Non accertato;Inesploso
4160169;8;01/01/2019 15:50:00;Strada Urbana;VIA SANT'ELPIDIO A MARE;all'intersezione con;VIA ACQUALAGNA;VIA ACQUALAGNA;;;Scontro frontale/laterale DX fra veicoli in marcia;Incrocio;Una carreggiata a senso unico di marcia;Asciutto;Asfaltata;Verticale ed orizzontale;Sereno;Scarso;Buona;Ore Diurne;1;0;0;3;12.7264;41.9181;-1;2;Autovettura privata;In marcia / fermata / arresto;Passeggero;F;Illeso;0;;Non accertato;Inesploso
4160194;13;01/01/2019 12:00:00;Strada Urbana;VIA DI PRATO CORNELIO;all'intersezione con;VIA CESARE MACCARI;VIA CESARE MACCARI;;;Scontro laterale fra veicoli in marcia;Incrocio;Una carreggiata a doppio senso;Asciutto;Asfaltata;Verticale ed orizzontale;Sereno;Scarso;Buona;Ore Diurne;1;0;0;4;12.3626;41.7738;-1;1;Autovettura privata;In marcia / fermata / arresto;Conducente;M;Rimandato;0;NON DECEDUTO;;
4160194;13;01/01/2019 12:00:00;Strada Urbana;VIA DI PRATO CORNELIO;all'intersezione con;VIA CESARE MACCARI;VIA CESARE MACCARI;;;Scontro laterale fra veicoli in marcia;Incrocio;Una carreggiata a doppio senso;Asciutto;Asfaltata;Verticale ed orizzontale;Sereno;Scarso;Buona;Ore Diurne;1;0;0;4;12.3626;41.7738;-1;1;Autovettura privata;In marcia / fermata / arresto;Passeggero;F;Illeso;0;;;
4160194;13;01/01/2019 12:00:00;Strada Urbana;VIA DI PRATO CORNELIO;all'intersezione con;VIA CESARE MACCARI;VIA CESARE MACCARI;;;Scontro laterale fra veicoli in marcia;Incrocio;Una carreggiata a doppio senso;Asciutto;Asfaltata;Verticale ed orizzontale;Sereno;Scarso;Buona;Ore Diurne;1;0;0;4;12.3626;41.7738;-1;1;Autovettura privata;In marcia / fermata / arresto;Passeggero;F;Illeso;0;;;
4160194;13;01/01/2019 12:00:00;Strada Urbana;VIA DI PRATO CORNELIO;all'intersezione con;VIA CESARE MACCARI;VIA CESARE MACCARI;;;Scontro laterale fra veicoli in marcia;Incrocio;Una carreggiata a doppio senso;Asciutto;Asfaltata;Verticale ed orizzontale;Sereno;Scarso;Buona;Ore Diurne;1;0;0;4;12.3626;41.7738;-1;1;Autovettura privata;In marcia / fermata / arresto;Passeggero;M;Illeso;0;;;
4160194;13;01/01/2019 12:00:00;Strada Urbana;VIA DI PRATO CORNELIO;all'intersezione con;VIA CESARE MACCARI;VIA CESARE MACCARI;;;Scontro laterale fra veicoli in marcia;Incrocio;Una carreggiata a doppio senso;Asciutto;Asfaltata;Verticale ed orizzontale;Sereno;Scarso;Buona;Ore Diurne;1;0;0;4;12.3626;41.7738;-1;2;Autovettura privata;In marcia / fermata / arresto;Conducente;M;Illeso;0;;;
4160198;2;01/01/2019 04:30:00;Strada Urbana;VIA NOMENTANA;in corrispondenza;;del civico n.;385;;Veicolo in marcia contro ostacolo fisso;Rettilineo;Due carreggiate;Asciutto;Asfaltata;Verticale ed orizzontale;Sereno;Scarso;Buona;Ore Diurne;1;0;0;0;12.5225;41.926;-1;1;Autovettura pubblica;In marcia / fermata / arresto;Conducente;M;Rimandato;0;NON DECEDUTO;;
4160200;2;01/01/2019 02:20:00;Strada Urbana;VIA CATANIA;in prossimità;;del civico n.;4;;Tamponamento;Rettilineo;Due carreggiate;Asciutto;Asfaltata;Verticale ed orizzontale;Sereno;Scarso;Sufficiente;Sufficiente;1;0;0;1;12.5164;41.9106;-1;1;Motociclo a solo;In marcia / fermata / arresto;Conducente;M;Illeso;0;;Non accertato;
4160200;2;01/01/2019 02:20:00;Strada Urbana;VIA CATANIA;in prossimità;;del civico n.;4;;Tamponamento;Rettilineo;Due carreggiate;Asciutto;Asfaltata;Verticale ed orizzontale;Sereno;Scarso;Sufficiente;Sufficiente;1;0;0;1;12.5164;41.9106;-1;2;Motociclo a solo;In marcia / fermata / arresto;Conducente;M;Rimandato;0;NON DECEDUTO;;
4160232;3;01/01/2019 12:15:00;Strada Urbana;VIA TIBURTINA;in corrispondenza;;del civico n.;281;;Tamponamento;Rettilineo;Una carreggiata a senso unico di marcia;Asciutto;Asfaltata;Verticale;Sereno;Scarso;Buona;Ore Diurne;1;0;0;0;12.5172;41.8999;-1;1;Velocipede;In marcia / fermata / arresto;Conducente;M;Rifiuta cure immediate;0;NON DECEDUTO;Esente;
4160232;3;01/01/2019 12:15:00;Strada Urbana;VIA TIBURTINA;in corrispondenza;;del civico n.;281;;Tamponamento;Rettilineo;Una carreggiata a senso unico di marcia;Asciutto;Asfaltata;Verticale;Sereno;Scarso;Buona;Ore Diurne;1;0;0;0;12.5172;41.8999;-1;2;Autovettura privata;Allontanatosi;;;;;;;
4160240;17;01/01/2019 02:30:00;Strada Urbana;VIA FARINI;all'intersezione con;VIA GIOBERTI;VIA GIOBERTI;;;Scontro frontale/laterale DX fra veicoli in marcia;Intersezione semaforizzata;Una carreggiata a senso unico di marcia;Asciutto;Asfaltata;Verticale ed orizzontale;Sereno;Scarso;Insufficiente;Insufficiente;1;0;0;3;12.4998;41.8981;-1;1;Autovettura privata;In marcia / fermata / arresto;Conducente;M;Rimandato;0;NON DECEDUTO;;
4160240;17;01/01/2019 02:30:00;Strada Urbana;VIA FARINI;all'intersezione con;VIA GIOBERTI;VIA GIOBERTI;;;Scontro frontale/laterale DX fra veicoli in marcia;Intersezione semaforizzata;Una carreggiata a senso unico di marcia;Asciutto;Asfaltata;Verticale ed orizzontale;Sereno;Scarso;Insufficiente;Insufficiente;1;0;0;3;12.4998;41.8981;-1;2;Autovettura privata;In marcia / fermata / arresto;Conducente;F;Illeso;0;;;
4160240;17;01/01/2019 02:30:00;Strada Urbana;VIA FARINI;all'intersezione con;VIA GIOBERTI;VIA GIOBERTI;;;Scontro frontale/laterale DX fra veicoli in marcia;Intersezione semaforizzata;Una carreggiata a senso unico di marcia;Asciutto;Asfaltata;Verticale ed orizzontale;Sereno;Scarso;Insufficiente;Insufficiente;1;0;0;3;12.4998;41.8981;-1;2;Autovettura privata;In marcia / fermata / arresto;Passeggero;M;Illeso;0;;;
4160240;17;01/01/2019 02:30:00;Strada Urbana;VIA FARINI;all'intersezione con;VIA GIOBERTI;VIA GIOBERTI;;;Scontro frontale/laterale DX fra veicoli in marcia;Intersezione semaforizzata;Una carreggiata a senso unico di marcia;Asciutto;Asfaltata;Verticale ed orizzontale;Sereno;Scarso;Insufficiente;Insufficiente;1;0;0;3;12.4998;41.8981;-1;2;Autovettura privata;In marcia / fermata / arresto;Passeggero;F;Illeso;0;;;
4160263;12;01/01/2019 05:50:00;Strada Urbana;VIA CRISTOFORO COLOMBO;all'intersezione con;VIALE DELLA CIVILTA' DEL LAVORO;VIALE DELLA CIVILTA' DEL LAVORO;;;Investimento di pedone;Intersezione semaforizzata;Due carreggiate;Asciutto;Asfaltata;Verticale ed orizzontale;Sereno;Scarso;Buona;Sufficiente;1;0;0;2;12.4121;41.786;-1;;;;Pedone;M;Rimandato;0;NON DECEDUTO;;
4160263;12;01/01/2019 05:50:00;Strada Urbana;VIA CRISTOFORO COLOMBO;all'intersezione con;VIALE DELLA CIVILTA' DEL LAVORO;VIALE DELLA CIVILTA' DEL LAVORO;;;Investimento di pedone;Intersezione semaforizzata;Due carreggiate;Asciutto;Asfaltata;Verticale ed orizzontale;Sereno;Scarso;Buona;Sufficiente;1;0;0;2;12.4121;41.786;-1;1;Autovettura privata;In marcia / fermata / arresto;Conducente;M;Illeso;0;;Utilizzato;Inesploso
4160263;12;01/01/2019 05:50:00;Strada Urbana;VIA CRISTOFORO COLOMBO;all'intersezione con;VIALE DELLA CIVILTA' DEL LAVORO;VIALE DELLA CIVILTA' DEL LAVORO;;;Investimento di pedone;Intersezione semaforizzata;Due carreggiate;Asciutto;Asfaltata;Verticale ed orizzontale;Sereno;Scarso;Buona;Sufficiente;1;0;0;2;12.4121;41.786;-1;1;Autovettura privata;In marcia / fermata / arresto;Passeggero;M;Illeso;0;;Utilizzato;Inesploso
4160265;13;01/01/2019 05:10:00;Strada Urbana;CORSO DUCA DI GENOVA;all'intersezione con;VIALE DELLE REPUBBLICHE MARINARE;VIALE DELLE REPUBBLICHE MARINARE;;;Scontro frontale/laterale SX fra veicoli in marcia;Incrocio;Una carreggiata a doppio senso;Asciutto;Asfaltata;Verticale ed orizzontale;Sereno;Scarso;Buona;Sufficiente;0;0;0;2;12.2682;41.735;-1;1;Autovettura privata;In marcia / fermata / arresto;Conducente;M;Illeso;0;;Non accertato;Esploso
4160265;13;01/01/2019 05:10:00;Strada Urbana;CORSO DUCA DI GENOVA;all'intersezione con;VIALE DELLE REPUBBLICHE MARINARE;VIALE DELLE REPUBBLICHE MARINARE;;;Scontro frontale/laterale SX fra veicoli in marcia;Incrocio;Una carreggiata a doppio senso;Asciutto;Asfaltata;Verticale ed orizzontale;Sereno;Scarso;Buona;Sufficiente;0;0;0;2;12.2682;41.735;-1;2;Autovettura privata;In marcia / fermata / arresto;Conducente;M;Illeso;0;;Non accertato;
4160265;13;01/01/2019 05:10:00;Strada Urbana;CORSO DUCA DI GENOVA;all'intersezione con;VIALE DELLE REPUBBLICHE MARINARE;VIALE DELLE REPUBBLICHE MARINARE;;;Scontro frontale/laterale SX fra veicoli in marcia;Incrocio;Una carreggiata a doppio senso;Asciutto;Asfaltata;Verticale ed orizzontale;Sereno;Scarso;Buona;Sufficiente;0;0;0;2;12.2682;41.735;-1;3;Autovettura privata;Sosta;;;;;;;
4160265;13;01/01/2019 05:10:00;Strada Urbana;CORSO DUCA DI GENOVA;all'intersezione con;VIALE DELLE REPUBBLICHE MARINARE;VIALE DELLE REPUBBLICHE MARINARE;;;Scontro frontale/laterale SX fra veicoli in marcia;Incrocio;Una carreggiata a doppio senso;Asciutto;Asfaltata;Verticale ed orizzontale;Sereno;Scarso;Buona;Sufficiente;0;0;0;2;12.2682;41.735;-1;4;Autovettura privata;Sosta;;;;;;;
4160269;13;01/01/2019 16:30:00;Strada Urbana;VIA ARISTIDE CARABELLI;in prossimità;;del palo luce n.;9;;Veicolo in marcia contro veicolo in sosta;Rettilineo;Una carreggiata a senso unico di marcia;Asciutto;Asfaltata;Assente;Sereno;Scarso;Sufficiente;Ore Diurne;0;0;0;1;12.2685;41.7387;-1;1;Autovettura privata;Sosta;;;;;;;
4160269;13;01/01/2019 16:30:00;Strada Urbana;VIA ARISTIDE CARABELLI;in prossimità;;del palo luce n.;9;;Veicolo in marcia contro veicolo in sosta;Rettilineo;Una carreggiata a senso unico di marcia;Asciutto;Asfaltata;Assente;Sereno;Scarso;Sufficiente;Ore Diurne;0;0;0;1;12.2685;41.7387;-1;2;Autovettura privata;In marcia / fermata / arresto;Conducente;M;Illeso;0;;;
4160282;2;02/01/2019 07:30:00;Strada Urbana;VIA FRANCESCO GAI;all'intersezione semaforizzata con;VIALE PINTURICCHIO;VIALE PINTURICCHIO;;;Investimento di pedone;Intersezione semaforizzata;Una carreggiata a doppio senso;Asciutto;Asfaltata;Verticale ed orizzontale;Sereno;Scarso;Buona;Ore Diurne;1;0;0;1;12.4656;41.9315;-1;;;;Pedone;F;Rimandato;0;NON DECEDUTO;;
4160282;2;02/01/2019 07:30:00;Strada Urbana;VIA FRANCESCO GAI;all'intersezione semaforizzata con;VIALE PINTURICCHIO;VIALE PINTURICCHIO;;;Investimento di pedone;Intersezione semaforizzata;Una carreggiata a doppio senso;Asciutto;Asfaltata;Verticale ed orizzontale;Sereno;Scarso;Buona;Ore Diurne;1;0;0;1;12.4656;41.9315;-1;1;Autocarro inferiore 35 q.;In marcia / fermata / arresto;Conducente;M;Illeso;0;;;
4160295;2;02/01/2019 09:35:00;Strada Urbana;VIALE SOMALIA;da specificare;;;;alt. rampa imm.ne Circ.ne Salaria dir. S.Giovanni ;Tamponamento;Rettilineo;Una carreggiata a doppio senso;Asciutto;Con buche;Verticale ed orizzontale;Sereno;Scarso;Buona;Ore Diurne;0;0;0;2;12.5203;41.9338;-1;1;Motociclo a solo;In marcia / fermata / arresto;Conducente;M;Illeso;0;;;
4160295;2;02/01/2019 09:35:00;Strada Urbana;VIALE SOMALIA;da specificare;;;;alt. rampa imm.ne Circ.ne Salaria dir. S.Giovanni ;Tamponamento;Rettilineo;Una carreggiata a doppio senso;Asciutto;Con buche;Verticale ed orizzontale;Sereno;Scarso;Buona;Ore Diurne;0;0;0;2;12.5203;41.9338;-1;2;Autovettura privata;In marcia / fermata / arresto;Conducente;M;Illeso;0;;;
4160318;13;01/01/2019 03:45:00;Strada Urbana;VIA VALFLORIANA;all'intersezione con;VIA DOBBIACO;VIA DOBBIACO;;;Scontro frontale/laterale SX fra veicoli in marcia;Incrocio;Una carreggiata a doppio senso;Asciutto;Asfaltata;Verticale;Sereno;Scarso;Sufficiente;Sufficiente;5;0;0;1;12.376;41.7313;-1;1;Autovettura privata;In marcia / fermata / arresto;Conducente;M;Rimandato;0;NON DECEDUTO;Non accertato;Esploso
4160318;13;01/01/2019 03:45:00;Strada Urbana;VIA VALFLORIANA;all'intersezione con;VIA DOBBIACO;VIA DOBBIACO;;;Scontro frontale/laterale SX fra veicoli in marcia;Incrocio;Una carreggiata a doppio senso;Asciutto;Asfaltata;Verticale;Sereno;Scarso;Sufficiente;Sufficiente;5;0;0;1;12.376;41.7313;-1;1;Autovettura privata;In marcia / fermata / arresto;Passeggero;F;Illeso;0;;;
4160318;13;01/01/2019 03:45:00;Strada Urbana;VIA VALFLORIANA;all'intersezione con;VIA DOBBIACO;VIA DOBBIACO;;;Scontro frontale/laterale SX fra veicoli in marcia;Incrocio;Una carreggiata a doppio senso;Asciutto;Asfaltata;Verticale;Sereno;Scarso;Sufficiente;Sufficiente;5;0;0;1;12.376;41.7313;-1;1;Autovettura privata;In marcia / fermata / arresto;Passeggero;F;Rimandato;0;NON DECEDUTO;;
4160318;13;01/01/2019 03:45:00;Strada Urbana;VIA VALFLORIANA;all'intersezione con;VIA DOBBIACO;VIA DOBBIACO;;;Scontro frontale/laterale SX fra veicoli in marcia;Incrocio;Una carreggiata a doppio senso;Asciutto;Asfaltata;Verticale;Sereno;Scarso;Sufficiente;Sufficiente;5;0;0;1;12.376;41.7313;-1;1;Autovettura privata;In marcia / fermata / arresto;Passeggero;F;Rimandato;0;NON DECEDUTO;Non accertato;
4160318;13;01/01/2019 03:45:00;Strada Urbana;VIA VALFLORIANA;all'intersezione con;VIA DOBBIACO;VIA DOBBIACO;;;Scontro frontale/laterale SX fra veicoli in marcia;Incrocio;Una carreggiata a doppio senso;Asciutto;Asfaltata;Verticale;Sereno;Scarso;Sufficiente;Sufficiente;5;0;0;1;12.376;41.7313;-1;2;Autovettura privata;In marcia / fermata / arresto;Conducente;M;Rimandato;0;NON DECEDUTO;;
4160318;13;01/01/2019 03:45:00;Strada Urbana;VIA VALFLORIANA;all'intersezione con;VIA DOBBIACO;VIA DOBBIACO;;;Scontro frontale/laterale SX fra veicoli in marcia;Incrocio;Una carreggiata a doppio senso;Asciutto;Asfaltata;Verticale;Sereno;Scarso;Sufficiente;Sufficiente;5;0;0;1;12.376;41.7313;-1;2;Autovettura privata;In marcia / fermata / arresto;Passeggero;F;Rimandato;0;NON DECEDUTO;;
4160318;13;01/01/2019 03:45:00;Strada Urbana;VIA VALFLORIANA;all'intersezione con;VIA DOBBIACO;VIA DOBBIACO;;;Scontro frontale/laterale SX fra veicoli in marcia;Incrocio;Una carreggiata a doppio senso;Asciutto;Asfaltata;Verticale;Sereno;Scarso;Sufficiente;Sufficiente;5;0;0;1;12.376;41.7313;-1;3;Autovettura privata;Sosta;;;;;;;
4160323;13;01/01/2019 11:00:00;Strada Urbana;VIA LITORANEA;da specificare;;;;km 2,850;Scontro laterale fra veicoli in marcia;Rettilineo;Una carreggiata a doppio senso;Asciutto;Asfaltata;Verticale ed orizzontale;Sereno;Normale;Buona;Ore Diurne;0;0;0;2;12.3735;41.6876;-1;1;Motociclo con passeggero;In marcia / fermata / arresto;Conducente;M;Illeso;0;;Non accertato;
4160323;13;01/01/2019 11:00:00;Strada Urbana;VIA LITORANEA;da specificare;;;;km 2,850;Scontro laterale fra veicoli in marcia;Rettilineo;Una carreggiata a doppio senso;Asciutto;Asfaltata;Verticale ed orizzontale;Sereno;Normale;Buona;Ore Diurne;0;0;0;2;12.3735;41.6876;-1;2;Motociclo con passeggero;In marcia / fermata / arresto;Conducente;M;Illeso;0;;;
4160385;18;01/01/2019 03:10:00;Strada Urbana;VIA AURELIA;in corrispondenza;;del civico n.;230;;Veicolo in marcia contro ostacolo accidentale;Rettilineo;Una carreggiata a doppio senso;Asciutto;Asfaltata;Orizzontale;Sereno;Scarso;Buona;Sufficiente;0;0;0;1;12.4434;41.8991;-1;1;Autovettura privata;In marcia / fermata / arresto;Conducente;M;Illeso;0;;;
4160391;16;01/01/2019 04:40:00;Strada Urbana;VIA COLONNELLO TOMMASO MASALA;da specificare;;;;fronte civico 42;Veicolo in marcia contro veicolo in sosta;Rettilineo;Due carreggiate;Asciutto;Asfaltata;Verticale ed orizzontale;Sereno;Normale;Buona;Sufficiente;0;0;0;0;12.3935;41.8297;-1;1;Autovettura privata;Sosta;;;;;;;
4160391;16;01/01/2019 04:40:00;Strada Urbana;VIA COLONNELLO TOMMASO MASALA;da specificare;;;;fronte civico 42;Veicolo in marcia contro veicolo in sosta;Rettilineo;Due carreggiate;Asciutto;Asfaltata;Verticale ed orizzontale;Sereno;Normale;Buona;Sufficiente;0;0;0;0;12.3935;41.8297;-1;2;Autovettura privata;Allontanatosi;;;;;;;