Protocollo;Gruppo;DataOraIncidente;Localizzazione1;STRADA1;Localizzazione2;STRADA2;Strada02;Chilometrica;DaSpecificare;NaturaIncidente;particolaritastrade;TipoStrada;FondoStradale;Pavimentazione;Segnaletica;CondizioneAtmosferica;Traffico;Visibilita;Illuminazione;NUM_FERITI;NUM_RISERVATA;NUM_MORTI;NUM_ILLESI;Longitudine;Latitudine;Confermato;Progressivo;TipoVeicolo;StatoVeicolo;TipoPersona;Sesso;Tipolesione;Deceduto;DecedutoDopo;CinturaCascoUtilizzato;Airbag;
4161182;7;02/01/2019 15:10:00;Strada Urbana;VIA CASILINA;all'intersezione con;VIALE PALMIRO TOGLIATTI;VIALE PALMIRO TOGLIATTI;;;Tamponamento;Incrocio;Due carreggiate;Asciutto;Asfaltata;Verticale ed orizzontale;Sereno;Normale;Buona;Ore Diurne;0;0;0;3;12.57;41.874;-1;1;Autovettura privata;In marcia / fermata / arresto;Passeggero;F;Illeso;0;;Non accertato;Inesploso
4161182;7;02/01/2019 15:10:00;Strada Urbana;VIA CASILINA;all'intersezione con;VIALE PALMIRO TOGLIATTI;VIALE PALMIRO TOGLIATTI;;;Tamponamento;Incrocio;Due carreggiate;Asciutto;Asfaltata;Verticale ed orizzontale;Sereno;Normale;Buona;Ore Diurne;0;0;0;3;12.57;41.874;-1;2;Autovettura privata;In marcia / fermata / arresto;Conducente;M;Illeso;0;;Non accertato;Inesploso
4161185;4;02/01/2019 12:50:00;Strada Urbana;VIA MARIO SOLDATI;in prossimità;;del civico n.;18;;Veicolo in marcia contro ostacolo fisso;Rettilineo;Una carreggiata a doppio senso;Asciutto;Asfaltata;Verticale ed orizzontale;Sereno;Scarso;Buona;Ore Diurne;0;0;0;1;12.5317;41.9685;-1;1;Autovettura privata;In marcia / fermata / arresto;Conducente;M;Illeso;0;;Non accertato;
4161186;5;02/01/2019 13:30:00;Strada Urbana;VIA TIBURTINA;da specificare;;;;ALTEZZA SOTTOPASSO "SAN GETULLO";Scontro laterale fra veicoli in marcia;Rettilineo;Più di due carreggiate;Asciutto;Asfaltata;Verticale ed orizzontale;Sereno;Normale;Buona;Ore Diurne;0;0;0;2;12.6431;41.9416;-1;1;Autovettura privata;In marcia / fermata / arresto;Conducente;M;Illeso;0;;Non accertato;Inesploso
4161186;5;02/01/2019 13:30:00;Strada Urbana;VIA TIBURTINA;da specificare;;;;ALTEZZA SOTTOPASSO "SAN GETULLO";Scontro laterale fra veicoli in marcia;Rettilineo;Più di due carreggiate;Asciutto;Asfaltata;Verticale ed orizzontale;Sereno;Normale;Buona;Ore Diurne;0;0;0;2;12.6431;41.9416;-1;2;Veicolo speciale;In marcia / fermata / arresto;Conducente;M;Illeso;0;;Non accertato;Inesploso
4161191;17;02/01/2019 20:40:00;Strada Urbana;VIA CIPRO;in prossimità;;del civico n.;46;;Tamponamento;Rettilineo;Due carreggiate;Asciutto;Asfaltata;Verticale ed orizzontale;Sereno;Normale;Buona;Sufficiente;0;0;0;1;12.4462;41.9069;-1;1;Autovettura privata;In marcia / fermata / arresto;Conducente;M;Illeso;0;;;
4161191;17;02/01/2019 20:40:00;Strada Urbana;VIA CIPRO;in prossimità;;del civico n.;46;;Tamponamento;Rettilineo;Due carreggiate;Asciutto;Asfaltata;Verticale ed orizzontale;Sereno;Normale;Buona;Sufficiente;0;0;0;1;12.4462;41.9069;-1;2;Autovettura privata;Allontanatosi;;;;;;;
4161197;20;02/01/2019 18:30:00;Strada Urbana;VIA CASSIA;in prossimità;;del civico n.;865;;Scontro laterale fra veicoli in marcia;Rettilineo;Una carreggiata a doppio senso;Asciutto;Asfaltata;Verticale ed orizzontale;Sereno;Intenso;Buona;Sufficiente;1;0;0;3;12.4367;41.9694;-1;1;Motociclo a solo;In marcia / fermata / arresto;Conducente;M;Rimandato;0;NON DECEDUTO;;
4161197;20;02/01/2019 18:30:00;Strada Urbana;VIA CASSIA;in prossimità;;del civico n.;865;;Scontro laterale fra veicoli in marcia;Rettilineo;Una carreggiata a doppio senso;Asciutto;Asfaltata;Verticale ed orizzontale;Sereno;Intenso;Buona;Sufficiente;1;0;0;3;12.4367;41.9694;-1;2;Autovettura privata;In marcia / fermata / arresto;Conducente;M;Illeso;0;;;
4161197;20;02/01/2019 18:30:00;Strada Urbana;VIA CASSIA;in prossimità;;del civico n.;865;;Scontro laterale fra veicoli in marcia;Rettilineo;Una carreggiata a doppio senso;Asciutto;Asfaltata;Verticale ed orizzontale;Sereno;Intenso;Buona;Sufficiente;1;0;0;3;12.4367;41.9694;-1;2;Autovettura privata;In marcia / fermata / arresto;Passeggero;F;Illeso;0;;;
4161197;20;02/01/2019 18:30:00;Strada Urbana;VIA CASSIA;in prossimità;;del civico n.;865;;Scontro laterale fra veicoli in marcia;Rettilineo;Una carreggiata a doppio senso;Asciutto;Asfaltata;Verticale ed orizzontale;Sereno;Intenso;Buona;Sufficiente;1;0;0;3;12.4367;41.9694;-1;2;Autovettura privata;In marcia / fermata / arresto;Passeggero;M;Illeso;0;;;
4161213;5;03/01/2019 01:40:00;Strada Urbana;VIA PRENESTINA;all'intersezione con;VIALE PALMIRO TOGLIATTI;VIALE PALMIRO TOGLIATTI;;;Scontro frontale/laterale DX fra veicoli in marcia;Intersezione semaforizzata;Due carreggiate;Asciutto;Asfaltata;Verticale ed orizzontale;Sereno;Scarso;Buona;Sufficiente;2;0;0;1;12.575;41.8948;-1;1;Autovettura privata;In marcia / fermata / arresto;Conducente;M;Illeso;0;;Non accertato;Esploso
4161213;5;03/01/2019 01:40:00;Strada Urbana;VIA PRENESTINA;all'intersezione con;VIALE PALMIRO TOGLIATTI;VIALE PALMIRO TOGLIATTI;;;Scontro frontale/laterale DX fra veicoli in marcia;Intersezione semaforizzata;Due carreggiate;Asciutto;Asfaltata;Verticale ed orizzontale;Sereno;Scarso;Buona;Sufficiente;2;0;0;1;12.575;41.8948;-1;2;Autovettura di polizia;In marcia / fermata / arresto;Conducente;M;Rimandato;0;NON DECEDUTO;Esente;Inesploso
4161213;5;03/01/2019 01:40:00;Strada Urbana;VIA PRENESTINA;all'intersezione con;VIALE PALMIRO TOGLIATTI;VIALE PALMIRO TOGLIATTI;;;Scontro frontale/laterale DX fra veicoli in marcia;Intersezione semaforizzata;Due carreggiate;Asciutto;Asfaltata;Verticale ed orizzontale;Sereno;Scarso;Buona;Sufficiente;2;0;0;1;12.575;41.8948;-1;2;Autovettura di polizia;In marcia / fermata / arresto;Passeggero;M;Rimandato;0;NON DECEDUTO;Non accertato;Esploso
4161217;4;02/01/2019 19:30:00;Strada Urbana;VIA ARTURO GRAF;da specificare;;;;Alt. civ. 87;Veicolo in marcia contro ostacolo accidentale;Rettilineo;Due carreggiate;Asciutto;Asfaltata;Verticale ed orizzontale;Sereno;Scarso;Sufficiente;Sufficiente;0;0;0;1;12.5525;41.9432;-1;1;Autovettura privata;In marcia / fermata / arresto;Conducente;F;Illeso;0;;Non accertato;
4161217;4;02/01/2019 19:30:00;Strada Urbana;VIA ARTURO GRAF;da specificare;;;;Alt. civ. 87;Veicolo in marcia contro ostacolo accidentale;Rettilineo;Due carreggiate;Asciutto;Asfaltata;Verticale ed orizzontale;Sereno;Scarso;Sufficiente;Sufficiente;0;0;0;1;12.5525;41.9432;-1;2;Autovettura privata;Sosta;;;;;;;
4161233;9;02/01/2019 23:25:00;;VIA DI VERMICINO;da specificare;;;;pross. civ. 310;Scontro laterale fra veicoli in marcia;;;;;;;;;;0;0;0;1;12.6612;41.8424;0;1;Autovettura privata;In marcia / fermata / arresto;Conducente;M;Illeso;0;;;
4161233;9;02/01/2019 23:25:00;;VIA DI VERMICINO;da specificare;;;;pross. civ. 310;Scontro laterale fra veicoli in marcia;;;;;;;;;;0;0;0;1;12.6612;41.8424;0;2;Autovettura privata;In marcia / fermata / arresto;;;;;;;
4161237;19;02/01/2019 09:10:00;Strada Urbana;VIA TRIONFALE;in prossimità;;del civico n.;8610;;Scontro laterale fra veicoli in marcia;Rettilineo;Una carreggiata a senso unico di marcia;Asciutto;Asfaltata;Assente;Sereno;Scarso;Buona;Ore Diurne;0;0;0;3;12.4245;41.9395;-1;1;Autovettura privata;In marcia / fermata / arresto;Conducente;M;Illeso;0;;Non accertato;Inesploso
4161237;19;02/01/2019 09:10:00;Strada Urbana;VIA TRIONFALE;in prossimità;;del civico n.;8610;;Scontro laterale fra veicoli in marcia;Rettilineo;Una carreggiata a senso unico di marcia;Asciutto;Asfaltata;Assente;Sereno;Scarso;Buona;Ore Diurne;0;0;0;3;12.4245;41.9395;-1;1;Autovettura privata;In marcia / fermata / arresto;Passeggero;M;Illeso;0;;Non accertato;Inesploso
4161237;19;02/01/2019 09:10:00;Strada Urbana;VIA TRIONFALE;in prossimità;;del civico n.;8610;;Scontro laterale fra veicoli in marcia;Rettilineo;Una carreggiata a senso unico di marcia;Asciutto;Asfaltata;Assente;Sereno;Scarso;Buona;Ore Diurne;0;0;0;3;12.4245;41.9395;-1;2;Autovettura privata;In marcia / fermata / arresto;Conducente;M;Illeso;0;;Non accertato;Inesploso
4161243;9;03/01/2019 02:00:00;Strada Urbana;VIALE PALMIRO TOGLIATTI;all'intersezione con;VIA FILOMUSI GUELFI;VIA FILOMUSI GUELFI;;;Scontro frontale fra veicoli in marcia;Incrocio;Due carreggiate;Asciutto;Asfaltata;Verticale ed orizzontale;Sereno;Scarso;Sufficiente;Sufficiente;1;0;0;2;12.5733;41.8872;-1;1;Autovettura privata;In marcia / fermata / arresto;Conducente;M;Illeso;0;;Non accertato;Esploso
4161243;9;03/01/2019 02:00:00;Strada Urbana;VIALE PALMIRO TOGLIATTI;all'intersezione con;VIA FILOMUSI GUELFI;VIA FILOMUSI GUELFI;;;Scontro frontale fra veicoli in marcia;Incrocio;Due carreggiate;Asciutto;Asfaltata;Verticale ed orizzontale;Sereno;Scarso;Sufficiente;Sufficiente;1;0;0;2;12.5733;41.8872;-1;1;Autovettura privata;In marcia / fermata / arresto;Passeggero;F;Illeso;0;;Non accertato;Esploso
4161243;9;03/01/2019 02:00:00;Strada Urbana;VIALE PALMIRO TOGLIATTI;all'intersezione con;VIA FILOMUSI GUELFI;VIA FILOMUSI GUELFI;;;Scontro frontale fra veicoli in marcia;Incrocio;Due carreggiate;Asciutto;Asfaltata;Verticale ed orizzontale;Sereno;Scarso;Sufficiente;Sufficiente;1;0;0;2;12.5733;41.8872;-1;2;Autovettura privata;In marcia / fermata / arresto;Conducente;M;Rimandato;0;NON DECEDUTO;;
4161256;10;03/01/2019 08:40:00;Strada Urbana;VIA ANAGNINA;in prossimità;;del civico n.;171;;Tamponamento;Rettilineo;Due carreggiate;Asciutto;Asfaltata;Verticale ed orizzontale;Sereno;Normale;Sufficiente;Ore Diurne;1;0;0;1;12.6026;41.8264;-1;1;Autovettura privata;In marcia / fermata / arresto;Conducente;M;Illeso;0;;Non accertato;Inesploso
4161256;10;03/01/2019 08:40:00;Strada Urbana;VIA ANAGNINA;in prossimità;;del civico n.;171;;Tamponamento;Rettilineo;Due carreggiate;Asciutto;Asfaltata;Verticale ed orizzontale;Sereno;Normale;Sufficiente;Ore Diurne;1;0;0;1;12.6026;41.8264;-1;2;Motociclo a solo;In marcia / fermata / arresto;Conducente;M;Ricoverato;0;NON DECEDUTO;Non accertato;
4161274;19;02/01/2019 10:30:00;Strada Urbana;VIA DI S. MARIA DI GALERIA;in prossimità;;del civico n.;391;;Veicolo in marcia contro ostacolo accidentale;Rettilineo;Una carreggiata a doppio senso;Asciutto;Asfaltata;Assente;Sereno;Scarso;Buona;Ore Diurne;0;0;0;1;12.3152;42.0363;-1;1;Autovettura privata;In marcia / fermata / arresto;Conducente;M;Illeso;0;;Non accertato;Inesploso
4161281;1;03/01/2019 04:10:00;Strada Urbana;VIA DI MONTE TESTACCIO;da specificare;;;;.;Veicolo in marcia contro veicolo in sosta;Rettilineo;Una carreggiata a senso unico di marcia;Asciutto;Acciotolata;Verticale ed orizzontale;Sereno;Scarso;Buona;Sufficiente;0;0;0;0;12.475;41.8751;-1;1;Autovettura privata;Sosta;;;;;;;
4161281;1;03/01/2019 04:10:00;Strada Urbana;VIA DI MONTE TESTACCIO;da specificare;;;;.;Veicolo in marcia contro veicolo in sosta;Rettilineo;Una carreggiata a senso unico di marcia;Asciutto;Acciotolata;Verticale ed orizzontale;Sereno;Scarso;Buona;Sufficiente;0;0;0;0;12.475;41.8751;-1;2;Autovettura privata;In marcia / fermata / arresto;;;;;;;
4161307;20;03/01/2019 09:20:00;Strada Urbana;VIA CAPENA;all'intersezione con;VIA CASSIA;VIA CASSIA;;;Scontro laterale fra veicoli in marcia;Incrocio;Una carreggiata a doppio senso;Asciutto;Asfaltata;Verticale ed orizzontale;Sereno;Scarso;Buona;Ore Diurne;0;0;0;2;12.4426;41.9656;-1;1;Autovettura privata;In marcia / fermata / arresto;Conducente;M;Illeso;0;;Non accertato;Inesploso
4161307;20;03/01/2019 09:20:00;Strada Urbana;VIA CAPENA;all'intersezione con;VIA CASSIA;VIA CASSIA;;;Scontro laterale fra veicoli in marcia;Incrocio;Una carreggiata a doppio senso;Asciutto;Asfaltata;Verticale ed orizzontale;Sereno;Scarso;Buona;Ore Diurne;0;0;0;2;12.4426;41.9656;-1;2;Autocarro inferiore 35 q.;In marcia / fermata / arresto;Conducente;M;Illeso;0;;Non accertato;Inesploso
4161311;3;02/01/2019 22:20:00;Strada Urbana;VIA DEL CASALE DI S. BASILIO;all'intersezione con;VIA TINO BUAZZELLI;VIA TINO BUAZZELLI;;;Scontro frontale/laterale DX fra veicoli in marcia;Incrocio;Una carreggiata a doppio senso;Asciutto;Acciotolata;Verticale ed orizzontale;Sereno;Scarso;Buona;Sufficiente;0;0;0;4;12.5756;41.9403;-1;1;Autovettura privata;In marcia / fermata / arresto;Conducente;F;Illeso;0;;Non accertato;Inesploso
4161311;3;02/01/2019 22:20:00;Strada Urbana;VIA DEL CASALE DI S. BASILIO;all'intersezione con;VIA TINO BUAZZELLI;VIA TINO BUAZZELLI;;;Scontro frontale/laterale DX fra veicoli in marcia;Incrocio;Una carreggiata a doppio senso;Asciutto;Acciotolata;Verticale ed orizzontale;Sereno;Scarso;Buona;Sufficiente;0;0;0;4;12.5756;41.9403;-1;1;Autovettura privata;In marcia / fermata / arresto;Passeggero;M;Illeso;0;;Non accertato;Inesploso
4161311;3;02/01/2019 22:20:00;Strada Urbana;VIA DEL CASALE DI S. BASILIO;all'intersezione con;VIA TINO BUAZZELLI;VIA TINO BUAZZELLI;;;Scontro frontale/laterale DX fra veicoli in marcia;Incrocio;Una carreggiata a doppio senso;Asciutto;Acciotolata;Verticale ed orizzontale;Sereno;Scarso;Buona;Sufficiente;0;0;0;4;12.5756;41.9403;-1;1;Autovettura privata;In marcia / fermata / arresto;Passeggero;M;Illeso;0;;Non accertato;Inesploso
4161311;3;02/01/2019 22:20:00;Strada Urbana;VIA DEL CASALE DI S. BASILIO;all'intersezione con;VIA TINO BUAZZELLI;VIA TINO BUAZZELLI;;;Scontro frontale/laterale DX fra veicoli in marcia;Incrocio;Una carreggiata a doppio senso;Asciutto;Acciotolata;Verticale ed orizzontale;Sereno;Scarso;Buona;Sufficiente;0;0;0;4;12.5756;41.9403;-1;2;Autovettura privata;In marcia / fermata / arresto;Conducente;M;Illeso;0;;Non accertato;Inesploso
4161312;2;02/01/2019 21:00:00;Strada Urbana;VIA CHIANA;all'intersezione con;VIA RENO;VIA RENO;;;Scontro frontale/laterale SX fra veicoli in marcia;Intersezione stradale segnalata;Una carreggiata a doppio senso;Asciutto;Asfaltata;Verticale ed orizzontale;Sereno;Scarso;Buona;Sufficiente;1;0;0;1;12.5056;41.9217;-1;1;Autovettura privata;In marcia / fermata / arresto;Conducente;F;Rifiuta cure immediate;0;NON DECEDUTO;Non accertato;Esploso
4161312;2;02/01/2019 21:00:00;Strada Urbana;VIA CHIANA;all'intersezione con;VIA RENO;VIA RENO;;;Scontro frontale/laterale SX fra veicoli in marcia;Intersezione stradale segnalata;Una carreggiata a doppio senso;Asciutto;Asfaltata;Verticale ed orizzontale;Sereno;Scarso;Buona;Sufficiente;1;0;0;1;12.5056;41.9217;-1;2;Autovettura pubblica;In marcia / fermata / arresto;Conducente;F;Illeso;0;;Non accertato;Inesploso
4161317;1;02/01/2019 16:50:00;Strada Urbana;VICOLO DEL CEDRO;in corrispondenza;;del civico n.;1A;;Veicolo in marcia contro veicolo in sosta;Curva a visuale libera;Una carreggiata a senso unico di marcia;Asciutto;In cubetti di porfido;Assente;Sereno;Scarso;Buona;Ore Diurne;0;0;0;1;12.4672;41.8895;-1;1;Autovettura privata;Sosta;;;;;;;
4161317;1;02/01/2019 16:50:00;Strada Urbana;VICOLO DEL CEDRO;in corrispondenza;;del civico n.;1A;;Veicolo in marcia contro veicolo in sosta;Curva a visuale libera;Una carreggiata a senso unico di marcia;Asciutto;In cubetti di porfido;Assente;Sereno;Scarso;Buona;Ore Diurne;0;0;0;1;12.4672;41.8895;-1;2;Autocarro inferiore 35 q.;In marcia / fermata / arresto;Conducente;M;Illeso;0;;Non accertato;Inesploso
4161325;1;02/01/2019 17:00:00;Strada Urbana;PIAZZA VITTORIO EMANUELE II;all'intersezione con;VIA DELLO STATUTO;VIA DELLO STATUTO;;;Tamponamento;Incrocio;Una carreggiata a doppio senso;Asciutto;In cubetti di porfido;Verticale ed orizzontale;Sereno;Normale;Buona;Sufficiente;0;0;0;2;12.5023;41.8949;-1;1;Autovettura privata;In marcia / fermata / arresto;Conducente;M;Illeso;0;;Non accertato;Inesploso
4161325;1;02/01/2019 17:00:00;Strada Urbana;PIAZZA VITTORIO EMANUELE II;all'intersezione con;VIA DELLO STATUTO;VIA DELLO STATUTO;;;Tamponamento;Incrocio;Una carreggiata a doppio senso;Asciutto;In cubetti di porfido;Verticale ed orizzontale;Sereno;Normale;Buona;Sufficiente;0;0;0;2;12.5023;41.8949;-1;2;Autovettura privata;In marcia / fermata / arresto;Conducente;M;Illeso;0;;Non accertato;Inesploso
4161341;2;02/01/2019 12:20:00;Strada Urbana;CIRCONVALLAZIONE SALARIA;da specificare;;;;100 metri prima dell'uscita per Via Salaria GRA;Scontro laterale fra veicoli in marcia;Rettilineo;Più di due carreggiate;Asciutto;Asfaltata;Verticale ed orizzontale;Sereno;Intenso;Buona;Ore Diurne;1;0;0;1;12.5207;41.9347;-1;1;Autovettura privata;In marcia / fermata / arresto;Conducente;M;Illeso;0;;Non accertato;Inesploso
4161341;2;02/01/2019 12:20:00;Strada Urbana;CIRCONVALLAZIONE SALARIA;da specificare;;;;100 metri prima dell'uscita per Via Salaria GRA;Scontro laterale fra veicoli in marcia;Rettilineo;Più di due carreggiate;Asciutto;Asfaltata;Verticale ed orizzontale;Sereno;Intenso;Buona;Ore Diurne;1;0;0;1;12.5207;41.9347;-1;2;Motociclo a solo;In marcia / fermata / arresto;Conducente;M;Rimandato;0;NON DECEDUTO;Non accertato;
4161366;17;03/01/2019 09:00:00;Strada Urbana;VIA GIUSEPPE GIOACHINO BELLI;all'intersezione con;VIA GIOVANNI PIERLUIGI DA PALESTRINA;VIA GIOVANNI PIERLUIGI DA PALESTRINA;;;Veicolo in marcia contro veicolo in sosta;Incrocio;Una carreggiata a senso unico di marcia;Asciutto;In cubetti di porfido;Verticale ed orizzontale;Sereno;Normale;Buona;Ore Diurne;0;0;0;1;12.4715;41.9074;-1;1;Autovettura di polizia;In marcia / fermata / arresto;Conducente;M;Illeso;0;;;
4161366;17;03/01/2019 09:00:00;Strada Urbana;VIA GIUSEPPE GIOACHINO BELLI;all'intersezione con;VIA GIOVANNI PIERLUIGI DA PALESTRINA;VIA GIOVANNI PIERLUIGI DA PALESTRINA;;;Veicolo in marcia contro veicolo in sosta;Incrocio;Una carreggiata a senso unico di marcia;Asciutto;In cubetti di porfido;Verticale ed orizzontale;Sereno;Normale;Buona;Ore Diurne;0;0;0;1;12.4715;41.9074;-1;2;Autovettura privata;Sosta;;;;;;;
4161386;1;02/01/2019 10:50:00;Strada Urbana;VIA FIRENZE;in prossimità;;del civico n.;18;;Veicolo in marcia contro veicoli in sosta;Rettilineo;Una carreggiata a doppio senso;Asciutto;In cubetti di porfido;Verticale ed orizzontale;Sereno;Scarso;Buona;Ore Diurne;0;0;0;1;12.4945;41.9013;-1;1;Motociclo a solo;In marcia / fermata / arresto;Conducente;M;Illeso;0;;Non accertato;
4161386;1;02/01/2019 10:50:00;Strada Urbana;VIA FIRENZE;in prossimità;;del civico n.;18;;Veicolo in marcia contro veicoli in sosta;Rettilineo;Una carreggiata a doppio senso;Asciutto;In cubetti di porfido;Verticale ed orizzontale;Sereno;Scarso;Buona;Ore Diurne;0;0;0;1;12.4945;41.9013;-1;2;Motociclo a solo;Sosta;;;;;;;
4161386;1;02/01/2019 10:50:00;Strada Urbana;VIA FIRENZE;in prossimità;;del civico n.;18;;Veicolo in marcia contro veicoli in sosta;Rettilineo;Una carreggiata a doppio senso;Asciutto;In cubetti di porfido;Verticale ed orizzontale;Sereno;Scarso;Buona;Ore Diurne;0;0;0;1;12.4945;41.9013;-1;3;Motociclo a solo;Sosta;;;;;;;
4161394;2;02/01/2019 16:50:00;Strada Urbana;SOTTOVIA IGNAZIO GUIDI;da specificare;;;;prossimità svincolo Castro Pretorio - Termini;Ribaltamento senza urto contro ostacolo fisso;Sottopasso illuminato;Più di due carreggiate;Asciutto;Asfaltata;Verticale ed orizzontale;Sereno;Intenso;Buona;Ore Diurne;1;0;0;1;12.5014;41.9096;-1;1;Autovettura privata;In marcia / fermata / arresto;Conducente;M;Illeso;0;;Non accertato;Inesploso
4161394;2;02/01/2019 16:50:00;Strada Urbana;SOTTOVIA IGNAZIO GUIDI;da specificare;;;;prossimità svincolo Castro Pretorio - Termini;Ribaltamento senza urto contro ostacolo fisso;Sottopasso illuminato;Più di due carreggiate;Asciutto;Asfaltata;Verticale ed orizzontale;Sereno;Intenso;Buona;Ore Diurne;1;0;0;1;12.5014;41.9096;-1;2;Motociclo a solo;In marcia / fermata / arresto;Conducente;M;Rimandato;0;NON DECEDUTO;Non accertato;
4161454;1;02/01/2019 08:50:00;Strada Urbana;PIAZZA DEI CINQUECENTO;in prossimità;;del civico n.;52;;Scontro frontale/laterale SX fra veicoli in marcia;Rettilineo;Una carreggiata a senso unico di marcia;Asciutto;In cubetti di porfido;Verticale ed orizzontale;Nuvoloso;Normale;Buona;Ore Diurne;0;0;0;2;12.5013;41.902;-1;1;Quadriciclo;In marcia / fermata / arresto;Conducente;M;Illeso;0;;Non accertato;Inesploso
4161454;1;02/01/2019 08:50:00;Strada Urbana;PIAZZA DEI CINQUECENTO;in prossimità;;del civico n.;52;;Scontro frontale/laterale SX fra veicoli in marcia;Rettilineo;Una carreggiata a senso unico di marcia;Asciutto;In cubetti di porfido;Verticale ed orizzontale;Nuvoloso;Normale;Buona;Ore Diurne;0;0;0;2;12.5013;41.902;-1;2;Autovettura pubblica;In marcia / fermata / arresto;Conducente;M;Illeso;0;;Non accertato;Inesploso
4161457;15;03/01/2019 06:40:00;Strada Urbana;VIADOTTO DELLA MAGLIANA;da specificare;;;;circa mt.100 prima di Via del Cappellaccio, d. EUR;Tamponamento;Rettilineo;Due carreggiate;Asciutto;Asfaltata;Orizzontale;Sereno;Normale;Buona;Ore Diurne;0;0;0;2;12.4631;41.8417;-1;1;Autovettura privata;In marcia / fermata / arresto;Conducente;F;Illeso;0;;;
4161457;15;03/01/2019 06:40:00;Strada Urbana;VIADOTTO DELLA MAGLIANA;da specificare;;;;circa mt.100 prima di Via del Cappellaccio, d. EUR;Tamponamento;Rettilineo;Due carreggiate;Asciutto;Asfaltata;Orizzontale;Sereno;Normale;Buona;Ore Diurne;0;0;0;2;12.4631;41.8417;-1;2;Autovettura privata;In marcia / fermata / arresto;Conducente;M;Illeso;0;;;
4161474;11;03/01/2019 11:10:00;Strada Urbana;VIA ADOLFO CONSOLINI;all'intersezione con;VIA DEI GRANAI DI NERVA;VIA DEI GRANAI DI NERVA;;;Scontro frontale/laterale SX fra veicoli in marcia;Intersezione stradale segnalata;Una carreggiata a senso unico di marcia;Asciutto;Asfaltata;Verticale ed orizzontale;Sereno;Normale;Buona;Ore Diurne;0;0;0;2;12.5106;41.8336;-1;1;Autovettura privata;In marcia / fermata / arresto;Conducente;M;Illeso;0;;Utilizzato;Inesploso
4161474;11;03/01/2019 11:10:00;Strada Urbana;VIA ADOLFO CONSOLINI;all'intersezione con;VIA DEI GRANAI DI NERVA;VIA DEI GRANAI DI NERVA;;;Scontro frontale/laterale SX fra veicoli in marcia;Intersezione stradale segnalata;Una carreggiata a senso unico di marcia;Asciutto;Asfaltata;Verticale ed orizzontale;Sereno;Normale;Buona;Ore Diurne;0;0;0;2;12.5106;41.8336;-1;2;Autovettura privata;In marcia / fermata / arresto;Conducente;F;Illeso;0;;Non accertato;Inesploso
4161484;16;02/01/2019 17:40:00;Strada Urbana;VIA ROBERTO ALESSANDRI;all'intersezione con;VIALE DEI COLLI PORTUENSI;VIALE DEI COLLI PORTUENSI;;;Veicolo in marcia contro veicolo arresto;Incrocio;Una carreggiata a senso unico di marcia;Asciutto;Asfaltata;Verticale ed orizzontale;Sereno;Normale;Buona;Ore Diurne;1;0;0;1;12.4414;41.8674;-1;1;Autovettura privata;In marcia / fermata / arresto;Conducente;F;Rimandato;0;NON DECEDUTO;Non accertato;Inesploso
4161484;16;02/01/2019 17:40:00;Strada Urbana;VIA ROBERTO ALESSANDRI;all'intersezione con;VIALE DEI COLLI PORTUENSI;VIALE DEI COLLI PORTUENSI;;;Veicolo in marcia contro veicolo arresto;Incrocio;Una carreggiata a senso unico di marcia;Asciutto;Asfaltata;Verticale ed orizzontale;Sereno;Normale;Buona;Ore Diurne;1;0;0;1;12.4414;41.8674;-1;2;Autovettura privata;Allontanatosi;;;;;;;
4161484;16;02/01/2019 17:40:00;Strada Urbana;VIA ROBERTO ALESSANDRI;all'intersezione con;VIALE DEI COLLI PORTUENSI;VIALE DEI COLLI PORTUENSI;;;Veicolo in marcia contro veicolo arresto;Incrocio;Una carreggiata a senso unico di marcia;Asciutto;Asfaltata;Verticale ed orizzontale;Sereno;Normale;Buona;Ore Diurne;1;0;0;1;12.4414;41.8674;-1;3;Autovettura privata;In marcia / fermata / arresto;Conducente;F;Illeso;0;;Non accertato;
4161484;16;02/01/2019 17:40:00;Strada Urbana;VIA ROBERTO ALESSANDRI;all'intersezione con;VIALE DEI COLLI PORTUENSI;VIALE DEI COLLI PORTUENSI;;;Veicolo in marcia contro veicolo arresto;Incrocio;Una carreggiata a senso unico di marcia;Asciutto;Asfaltata;Verticale ed orizzontale;Sereno;Normale;Buona;Ore Diurne;1;0;0;1;12.4414;41.8674;-1;4;Autovettura privata;Sosta;;;;;;;
4161497;10;03/01/2019 11:20:00;Strada Urbana;CIRCONVALLAZIONE TUSCOLANA;all'intersezione con;VIA QUINTILIO VARO;VIA QUINTILIO VARO;;;Scontro frontale/laterale DX fra veicoli in marcia;Intersezione stradale segnalata;Due carreggiate;Asciutto;Asfaltata;Verticale ed orizzontale;Sereno;Normale;Sufficiente;Ore Diurne;0;0;0;3;12.5684;41.8516;-1;1;Autocarro superiore 35 q.;In marcia / fermata / arresto;Conducente;M;Illeso;0;;Non accertato;Inesploso
4161497;10;03/01/2019 11:20:00;Strada Urbana;CIRCONVALLAZIONE TUSCOLANA;all'intersezione con;VIA QUINTILIO VARO;VIA QUINTILIO VARO;;;Scontro frontale/laterale DX fra veicoli in marcia;Intersezione stradale segnalata;Due carreggiate;Asciutto;Asfaltata;Verticale ed orizzontale;Sereno;Normale;Sufficiente;Ore Diurne;0;0;0;3;12.5684;41.8516;-1;2;Autovettura di soccorso;In marcia / fermata / arresto;Conducente;F;Illeso;0;;Non accertato;Inesploso
4161497;10;03/01/2019 11:20:00;Strada Urbana;CIRCONVALLAZIONE TUSCOLANA;all'intersezione con;VIA QUINTILIO VARO;VIA QUINTILIO VARO;;;Scontro frontale/laterale DX fra veicoli in marcia;Intersezione stradale segnalata;Due carreggiate;Asciutto;Asfaltata;Verticale ed orizzontale;Sereno;Normale;Sufficiente;Ore Diurne;0;0;0;3;12.5684;41.8516;-1;2;Autovettura di soccorso;In marcia / fermata / arresto;Passeggero;F;Illeso;0;;Non accertato;Inesploso