Protocollo;Gruppo;DataOraIncidente;Localizzazione1;STRADA1;Localizzazione2;STRADA2;Strada02;Chilometrica;DaSpecificare;NaturaIncidente;particolaritastrade;TipoStrada;FondoStradale;Pavimentazione;Segnaletica;CondizioneAtmosferica;Traffico;Visibilita;Illuminazione;NUM_FERITI;NUM_RISERVATA;NUM_MORTI;NUM_ILLESI;Longitudine;Latitudine;Confermato;Progressivo;TipoVeicolo;StatoVeicolo;TipoPersona;Sesso;Tipolesione;Deceduto;DecedutoDopo;CinturaCascoUtilizzato;Airbag;
4162472;8;03/01/2019 14:25:00;Strada Urbana;VIA SICULIANA;in corrispondenza;;del civico n.;108;;Tamponamento;Rettilineo;Una carreggiata a doppio senso;Asciutto;Asfaltata;Verticale;Sereno;Normale;Buona;Ore Diurne;0;0;0;4;12.6558;41.8698;-1;2;Autovettura privata;In marcia / fermata / arresto;Passeggero;M;Illeso;0;;Non accertato;Inesploso
4162472;8;03/01/2019 14:25:00;Strada Urbana;VIA SICULIANA;in corrispondenza;;del civico n.;108;;Tamponamento;Rettilineo;Una carreggiata a doppio senso;Asciutto;Asfaltata;Verticale;Sereno;Normale;Buona;Ore Diurne;0;0;0;4;12.6558;41.8698;-1;2;Autovettura privata;In marcia / fermata / arresto;Passeggero;M;Illeso;0;;Non accertato;Inesploso
4162473;8;03/01/2019 12:50:00;Strada Urbana;VIA DI LUNGHEZZA;da specificare;;;;all'altezza di VIA DELLA TENUTA DEL CAVALIERE;Scontro frontale/laterale DX fra veicoli in marcia;Rettilineo;Una carreggiata a doppio senso;Asciutto;Asfaltata;Verticale ed orizzontale;Sereno;Normale;Buona;Ore Diurne;3;0;0;1;12.672;41.923;-1;1;Autovettura privata;In marcia / fermata / arresto;Conducente;M;Rifiuta cure immediate;0;NON DECEDUTO;Non accertato;Inesploso
4162473;8;03/01/2019 12:50:00;Strada Urbana;VIA DI LUNGHEZZA;da specificare;;;;all'altezza di VIA DELLA TENUTA DEL CAVALIERE;Scontro frontale/laterale DX fra veicoli in marcia;Rettilineo;Una carreggiata a doppio senso;Asciutto;Asfaltata;Verticale ed orizzontale;Sereno;Normale;Buona;Ore Diurne;3;0;0;1;12.672;41.923;-1;1;Autovettura privata;In marcia / fermata / arresto;Passeggero;F;Rifiuta cure immediate;0;NON DECEDUTO;Non accertato;Inesploso
4162473;8;03/01/2019 12:50:00;Strada Urbana;VIA DI LUNGHEZZA;da specificare;;;;all'altezza di VIA DELLA TENUTA DEL CAVALIERE;Scontro frontale/laterale DX fra veicoli in marcia;Rettilineo;Una carreggiata a doppio senso;Asciutto;Asfaltata;Verticale ed orizzontale;Sereno;Normale;Buona;Ore Diurne;3;0;0;1;12.672;41.923;-1;1;Autovettura privata;In marcia / fermata / arresto;Passeggero;F;Rifiuta cure immediate;0;NON DECEDUTO;Non accertato;Inesploso
4162473;8;03/01/2019 12:50:00;Strada Urbana;VIA DI LUNGHEZZA;da specificare;;;;all'altezza di VIA DELLA TENUTA DEL CAVALIERE;Scontro frontale/laterale DX fra veicoli in marcia;Rettilineo;Una carreggiata a doppio senso;Asciutto;Asfaltata;Verticale ed orizzontale;Sereno;Normale;Buona;Ore Diurne;3;0;0;1;12.672;41.923;-1;2;Autovettura privata;In marcia / fermata / arresto;Conducente;F;Illeso;0;;Non accertato;Inesploso
4162474;8;03/01/2019 10:30:00;Statale entro l'abitato;VIA CASILINA;in prossimità;;del civico n.;1678;;Scontro laterale fra veicoli in marcia;Rettilineo;Una carreggiata a doppio senso;Asciutto;Asfaltata;Verticale ed orizzontale;Sereno;Intenso;Buona;Ore Diurne;0;0;0;3;12.6472;41.8622;-1;1;Autovettura privata;In marcia / fermata / arresto;Conducente;M;Illeso;0;;Non accertato;Inesploso
4162474;8;03/01/2019 10:30:00;Statale entro l'abitato;VIA CASILINA;in prossimità;;del civico n.;1678;;Scontro laterale fra veicoli in marcia;Rettilineo;Una carreggiata a doppio senso;Asciutto;Asfaltata;Verticale ed orizzontale;Sereno;Intenso;Buona;Ore Diurne;0;0;0;3;12.6472;41.8622;-1;1;Autovettura privata;In marcia / fermata / arresto;Passeggero;F;Illeso;0;;Non accertato;Inesploso
4162474;8;03/01/2019 10:30:00;Statale entro l'abitato;VIA CASILINA;in prossimità;;del civico n.;1678;;Scontro laterale fra veicoli in marcia;Rettilineo;Una carreggiata a doppio senso;Asciutto;Asfaltata;Verticale ed orizzontale;Sereno;Intenso;Buona;Ore Diurne;0;0;0;3;12.6472;41.8622;-1;2;Altro;In marcia / fermata / arresto;Conducente;M;Illeso;0;;Non accertato;Inesploso
4162476;8;03/01/2019 10:00:00;Strada Urbana;VIA DI TORRE SPACCATA;all'intersezione con;VIA DEL FOSSO DI S. MAURA;VIA DEL FOSSO DI S. MAURA;;;Scontro frontale/laterale DX fra veicoli in marcia;Incrocio;Una carreggiata a doppio senso;Asciutto;Asfaltata;Verticale ed orizzontale;Sereno;Normale;Buona;Ore Diurne;2;0;0;2;12.5858;41.8601;-1;1;Veicolo speciale;In marcia / fermata / arresto;Conducente;M;Illeso;0;;Non accertato;Inesploso
4162476;8;03/01/2019 10:00:00;Strada Urbana;VIA DI TORRE SPACCATA;all'intersezione con;VIA DEL FOSSO DI S. MAURA;VIA DEL FOSSO DI S. MAURA;;;Scontro frontale/laterale DX fra veicoli in marcia;Incrocio;Una carreggiata a doppio senso;Asciutto;Asfaltata;Verticale ed orizzontale;Sereno;Normale;Buona;Ore Diurne;2;0;0;2;12.5858;41.8601;-1;1;Veicolo speciale;In marcia / fermata / arresto;Passeggero;M;Rifiuta cure immediate;0;NON DECEDUTO;Non accertato;Inesploso
4162476;8;03/01/2019 10:00:00;Strada Urbana;VIA DI TORRE SPACCATA;all'intersezione con;VIA DEL FOSSO DI S. MAURA;VIA DEL FOSSO DI S. MAURA;;;Scontro frontale/laterale DX fra veicoli in marcia;Incrocio;Una carreggiata a doppio senso;Asciutto;Asfaltata;Verticale ed orizzontale;Sereno;Normale;Buona;Ore Diurne;2;0;0;2;12.5858;41.8601;-1;1;Veicolo speciale;In marcia / fermata / arresto;Passeggero;M;Rifiuta cure immediate;0;NON DECEDUTO;Non accertato;Inesploso
4162476;8;03/01/2019 10:00:00;Strada Urbana;VIA DI TORRE SPACCATA;all'intersezione con;VIA DEL FOSSO DI S. MAURA;VIA DEL FOSSO DI S. MAURA;;;Scontro frontale/laterale DX fra veicoli in marcia;Incrocio;Una carreggiata a doppio senso;Asciutto;Asfaltata;Verticale ed orizzontale;Sereno;Normale;Buona;Ore Diurne;2;0;0;2;12.5858;41.8601;-1;2;Autovettura privata;In marcia / fermata / arresto;Conducente;M;Illeso;0;;Non accertato;Inesploso
4162477;17;03/01/2019 22:00:00;Strada Urbana;VIALE GIULIO CESARE;all'intersezione con;VIA SILLA;VIA SILLA;;;Investimento di pedone;Incrocio;Una carreggiata a senso unico di marcia;Asciutto;Asfaltata;Verticale ed orizzontale;Sereno;Normale;Sufficiente;Sufficiente;2;0;0;2;12.4627;41.9105;-1;;;;Pedone;M;Rimandato;0;NON DECEDUTO;;
4162477;17;03/01/2019 22:00:00;Strada Urbana;VIALE GIULIO CESARE;all'intersezione con;VIA SILLA;VIA SILLA;;;Investimento di pedone;Incrocio;Una carreggiata a senso unico di marcia;Asciutto;Asfaltata;Verticale ed orizzontale;Sereno;Normale;Sufficiente;Sufficiente;2;0;0;2;12.4627;41.9105;-1;;;;Pedone;F;Rimandato;0;NON DECEDUTO;;
4162477;17;03/01/2019 22:00:00;Strada Urbana;VIALE GIULIO CESARE;all'intersezione con;VIA SILLA;VIA SILLA;;;Investimento di pedone;Incrocio;Una carreggiata a senso unico di marcia;Asciutto;Asfaltata;Verticale ed orizzontale;Sereno;Normale;Sufficiente;Sufficiente;2;0;0;2;12.4627;41.9105;-1;1;Autovettura privata;In marcia / fermata / arresto;Conducente;M;Illeso;0;;;
4162477;17;03/01/2019 22:00:00;Strada Urbana;VIALE GIULIO CESARE;all'intersezione con;VIA SILLA;VIA SILLA;;;Investimento di pedone;Incrocio;Una carreggiata a senso unico di marcia;Asciutto;Asfaltata;Verticale ed orizzontale;Sereno;Normale;Sufficiente;Sufficiente;2;0;0;2;12.4627;41.9105;-1;1;Autovettura privata;In marcia / fermata / arresto;Passeggero;M;Illeso;0;;;
4162479;6;03/01/2019 20:45:00;Strada Urbana;VIA DEI GORDIANI;in corrispondenza;;del civico n.;26;;Scontro frontale/laterale SX fra veicoli in marcia;Rettilineo;Una carreggiata a doppio senso;Asciutto;Asfaltata;Orizzontale;Sereno;Scarso;Buona;Sufficiente;0;0;0;2;12.5527;41.8787;-1;1;Autovettura privata;In marcia / fermata / arresto;Conducente;M;Illeso;0;;;
4162479;6;03/01/2019 20:45:00;Strada Urbana;VIA DEI GORDIANI;in corrispondenza;;del civico n.;26;;Scontro frontale/laterale SX fra veicoli in marcia;Rettilineo;Una carreggiata a doppio senso;Asciutto;Asfaltata;Orizzontale;Sereno;Scarso;Buona;Sufficiente;0;0;0;2;12.5527;41.8787;-1;2;Autovettura privata;In marcia / fermata / arresto;Conducente;M;Illeso;0;;;
4162480;7;03/01/2019 11:45:00;Strada Urbana;VIA FRANCESCO BONAFEDE;all'intersezione con;VIA DEL CAMPO;VIA DEL CAMPO;;;Veicolo in marcia contro veicolo in sosta;Incrocio;Una carreggiata a doppio senso;Asciutto;Asfaltata;Verticale;Sereno;Scarso;Buona;Ore Diurne;0;0;0;2;12.5822;41.8754;-1;1;Autovettura privata;Sosta;Passeggero;M;Illeso;0;;;
4162480;7;03/01/2019 11:45:00;Strada Urbana;VIA FRANCESCO BONAFEDE;all'intersezione con;VIA DEL CAMPO;VIA DEL CAMPO;;;Veicolo in marcia contro veicolo in sosta;Incrocio;Una carreggiata a doppio senso;Asciutto;Asfaltata;Verticale;Sereno;Scarso;Buona;Ore Diurne;0;0;0;2;12.5822;41.8754;-1;2;Autovettura privata;Allontanatosi;Conducente;F;Illeso;0;;Non accertato;Inesploso
4162481;5;03/01/2019 18:45:00;Strada Urbana;PIAZZA RICCARDO BALSAMO CRIVELLI;in corrispondenza;;del civico n.;102;;Scontro frontale/laterale DX fra veicoli in marcia;Rettilineo;Due carreggiate;Asciutto;Asfaltata;Verticale ed orizzontale;Sereno;Normale;Sufficiente;Sufficiente;0;0;0;3;12.5516;41.9054;-1;1;Autovettura privata;In marcia / fermata / arresto;Conducente;M;Illeso;0;;Non accertato;Inesploso
4162481;5;03/01/2019 18:45:00;Strada Urbana;PIAZZA RICCARDO BALSAMO CRIVELLI;in corrispondenza;;del civico n.;102;;Scontro frontale/laterale DX fra veicoli in marcia;Rettilineo;Due carreggiate;Asciutto;Asfaltata;Verticale ed orizzontale;Sereno;Normale;Sufficiente;Sufficiente;0;0;0;3;12.5516;41.9054;-1;1;Autovettura privata;In marcia / fermata / arresto;Passeggero;F;Illeso;0;;Non accertato;Inesploso
4162481;5;03/01/2019 18:45:00;Strada Urbana;PIAZZA RICCARDO BALSAMO CRIVELLI;in corrispondenza;;del civico n.;102;;Scontro frontale/laterale DX fra veicoli in marcia;Rettilineo;Due carreggiate;Asciutto;Asfaltata;Verticale ed orizzontale;Sereno;Normale;Sufficiente;Sufficiente;0;0;0;3;12.5516;41.9054;-1;2;Autovettura privata;In marcia / fermata / arresto;Conducente;M;Illeso;0;;Non accertato;Inesploso
4162482;15;03/01/2019 17:00:00;Strada Urbana;VIA DELL'IMBRECCIATO;da specificare;;;;prossimità VIA MEDI;Investimento di pedone;Rettilineo;Una carreggiata a doppio senso;Asciutto;Asfaltata;Orizzontale;Sereno;Normale;Buona;Insufficiente;1;0;0;1;12.4475;41.847;-1;;;;Pedone;M;Rimandato;0;NON DECEDUTO;;
4162482;15;03/01/2019 17:00:00;Strada Urbana;VIA DELL'IMBRECCIATO;da specificare;;;;prossimità VIA MEDI;Investimento di pedone;Rettilineo;Una carreggiata a doppio senso;Asciutto;Asfaltata;Orizzontale;Sereno;Normale;Buona;Insufficiente;1;0;0;1;12.4475;41.847;-1;1;Motociclo a solo;In marcia / fermata / arresto;Conducente;M;Illeso;0;;Utilizzato;
4162485;6;04/01/2019 07:15:00;Provinciale entro l'abitato;VIA PRENESTINA;in prossimità;;del civico n.;216;;Scontro laterale fra veicoli in marcia;Rettilineo;Più di due carreggiate;Asciutto;Asfaltata;Verticale ed orizzontale;Sereno;Scarso;Buona;Sufficiente;0;0;0;2;12.5362;41.8923;-1;1;Autocarro superiore 35 q.;In marcia / fermata / arresto;Conducente;M;Illeso;0;;Non accertato;Inesploso
4162485;6;04/01/2019 07:15:00;Provinciale entro l'abitato;VIA PRENESTINA;in prossimità;;del civico n.;216;;Scontro laterale fra veicoli in marcia;Rettilineo;Più di due carreggiate;Asciutto;Asfaltata;Verticale ed orizzontale;Sereno;Scarso;Buona;Sufficiente;0;0;0;2;12.5362;41.8923;-1;2;Autovettura privata;In marcia / fermata / arresto;Conducente;M;Illeso;0;;Non accertato;Inesploso
4162490;13;03/01/2019 10:30:00;Strada Urbana;VIA DI PONTE LADRONE;in prossimità;;del civico n.;70;;Investimento di pedone;Curva a visuale libera;Una carreggiata a doppio senso;Asciutto;Asfaltata;Assente;Sereno;Normale;Buona;Ore Diurne;2;0;0;0;12.3783;41.7855;-1;;;;Pedone;M;Rimandato;0;NON DECEDUTO;;
4162490;13;03/01/2019 10:30:00;Strada Urbana;VIA DI PONTE LADRONE;in prossimità;;del civico n.;70;;Investimento di pedone;Curva a visuale libera;Una carreggiata a doppio senso;Asciutto;Asfaltata;Assente;Sereno;Normale;Buona;Ore Diurne;2;0;0;0;12.3783;41.7855;-1;1;Motociclo con passeggero;In marcia / fermata / arresto;Conducente;M;Rimandato;0;NON DECEDUTO;;
4162491;7;03/01/2019 19:30:00;Strada Urbana;VIA COLLATINA;in corrispondenza;;del palo luce n.;117;;Veicolo in marcia contro ostacolo accidentale;Rettilineo;Una carreggiata a doppio senso;Asciutto;Asfaltata;Verticale ed orizzontale;Sereno;Normale;Sufficiente;Sufficiente;0;0;0;1;12.6108;41.9059;-1;1;Autobus urbano;In marcia / fermata / arresto;Conducente;M;Illeso;0;;;
4162499;5;03/01/2019 20:10:00;Strada Urbana;VIA DEI MONTI TIBURTINI;da specificare;;;;altezza via Giuseppe Seguenza;Tamponamento;Rettilineo;Più di due carreggiate;Asciutto;Asfaltata;Orizzontale;Sereno;Scarso;Sufficiente;Sufficiente;0;0;0;2;12.5375;41.919;-1;1;Autovettura privata;In marcia / fermata / arresto;Conducente;M;Illeso;0;;Non accertato;
4162499;5;03/01/2019 20:10:00;Strada Urbana;VIA DEI MONTI TIBURTINI;da specificare;;;;altezza via Giuseppe Seguenza;Tamponamento;Rettilineo;Più di due carreggiate;Asciutto;Asfaltata;Orizzontale;Sereno;Scarso;Sufficiente;Sufficiente;0;0;0;2;12.5375;41.919;-1;2;Motociclo a solo;In marcia / fermata / arresto;Conducente;M;Illeso;0;;Non accertato;
4162503;10;03/01/2019 15:25:00;Strada Urbana;VIALE PALMIRO TOGLIATTI;in prossimità;;del civico n.;243;;Scontro laterale fra veicoli in marcia;Rettilineo;Due carreggiate;Asciutto;Asfaltata;Verticale ed orizzontale;Sereno;Normale;Buona;Ore Diurne;0;0;0;4;12.5689;41.8622;-1;1;Autovettura privata;In marcia / fermata / arresto;Conducente;M;Illeso;0;;Non accertato;Inesploso
4162503;10;03/01/2019 15:25:00;Strada Urbana;VIALE PALMIRO TOGLIATTI;in prossimità;;del civico n.;243;;Scontro laterale fra veicoli in marcia;Rettilineo;Due carreggiate;Asciutto;Asfaltata;Verticale ed orizzontale;Sereno;Normale;Buona;Ore Diurne;0;0;0;4;12.5689;41.8622;-1;1;Autovettura privata;In marcia / fermata / arresto;Passeggero;M;Illeso;0;;Non accertato;Inesploso
4162503;10;03/01/2019 15:25:00;Strada Urbana;VIALE PALMIRO TOGLIATTI;in prossimità;;del civico n.;243;;Scontro laterale fra veicoli in marcia;Rettilineo;Due carreggiate;Asciutto;Asfaltata;Verticale ed orizzontale;Sereno;Normale;Buona;Ore Diurne;0;0;0;4;12.5689;41.8622;-1;2;Autovettura privata;In marcia / fermata / arresto;Conducente;F;Illeso;0;;Non accertato;Inesploso
4162503;10;03/01/2019 15:25:00;Strada Urbana;VIALE PALMIRO TOGLIATTI;in prossimità;;del civico n.;243;;Scontro laterale fra veicoli in marcia;Rettilineo;Due carreggiate;Asciutto;Asfaltata;Verticale ed orizzontale;Sereno;Normale;Buona;Ore Diurne;0;0;0;4;12.5689;41.8622;-1;3;Autovettura privata;In marcia / fermata / arresto;Conducente;M;Illeso;0;;Non accertato;Inesploso
4162504;10;03/01/2019 18:00:00;Strada Urbana;CIRCONVALLAZIONE ORIENTALE;da specificare;;;;ALTEZZA VIA  MICHELE MIGLIARINI;Scontro laterale fra veicoli in marcia;Rettilineo;Una carreggiata a senso unico di marcia;Asciutto;Asfaltata;Verticale ed orizzontale;Sereno;Intenso;Buona;Sufficiente;0;0;0;2;12.5849;41.8289;-1;1;Autovettura privata;In marcia / fermata / arresto;Conducente;M;Illeso;0;;Non accertato;Inesploso
4162504;10;03/01/2019 18:00:00;Strada Urbana;CIRCONVALLAZIONE ORIENTALE;da specificare;;;;ALTEZZA VIA  MICHELE MIGLIARINI;Scontro laterale fra veicoli in marcia;Rettilineo;Una carreggiata a senso unico di marcia;Asciutto;Asfaltata;Verticale ed orizzontale;Sereno;Intenso;Buona;Sufficiente;0;0;0;2;12.5849;41.8289;-1;2;Autovettura privata;In marcia / fermata / arresto;Conducente;M;Illeso;0;;Non accertato;Inesploso
4162506;10;03/01/2019 19:35:00;Strada Urbana;VIA DEL FOSSO DI S. ANDREA;all'intersezione con;VIA MAMMOLA;VIA MAMMOLA;;;Scontro frontale fra veicoli in marcia;Incrocio;Una carreggiata a doppio senso;Asciutto;Asfaltata;Verticale;Sereno;Scarso;Buona;Sufficiente;2;0;0;1;12.6249;41.8179;-1;1;Autovettura privata;In marcia / fermata / arresto;Conducente;M;Rimandato;0;NON DECEDUTO;Non accertato;Esploso
4162506;10;03/01/2019 19:35:00;Strada Urbana;VIA DEL FOSSO DI S. ANDREA;all'intersezione con;VIA MAMMOLA;VIA MAMMOLA;;;Scontro frontale fra veicoli in marcia;Incrocio;Una carreggiata a doppio senso;Asciutto;Asfaltata;Verticale;Sereno;Scarso;Buona;Sufficiente;2;0;0;1;12.6249;41.8179;-1;2;Autovettura privata;In marcia / fermata / arresto;Conducente;M;Rimandato;0;NON DECEDUTO;Non accertato;Esploso
4162506;10;03/01/2019 19:35:00;Strada Urbana;VIA DEL FOSSO DI S. ANDREA;all'intersezione con;VIA MAMMOLA;VIA MAMMOLA;;;Scontro frontale fra veicoli in marcia;Incrocio;Una carreggiata a doppio senso;Asciutto;Asfaltata;Verticale;Sereno;Scarso;Buona;Sufficiente;2;0;0;1;12.6249;41.8179;-1;2;Autovettura privata;In marcia / fermata / arresto;Passeggero;M;Illeso;0;;Non accertato;Esploso
4162512;13;03/01/2019 23:20:00;Strada Urbana;PIAZZA ENRICO MILLO;da specificare;;;;fronte civ.4;Veicolo in marcia contro veicoli in sosta;Rettilineo;Due carreggiate;Asciutto;Asfaltata;Orizzontale;Sereno;Normale;Buona;Sufficiente;0;0;0;1;12.2898;41.7324;-1;1;Autovettura privata;In marcia / fermata / arresto;Conducente;M;Illeso;0;;Non accertato;Esploso
4162512;13;03/01/2019 23:20:00;Strada Urbana;PIAZZA ENRICO MILLO;da specificare;;;;fronte civ.4;Veicolo in marcia contro veicoli in sosta;Rettilineo;Due carreggiate;Asciutto;Asfaltata;Orizzontale;Sereno;Normale;Buona;Sufficiente;0;0;0;1;12.2898;41.7324;-1;2;Autovettura privata;Sosta;;;;;;;
4162512;13;03/01/2019 23:20:00;Strada Urbana;PIAZZA ENRICO MILLO;da specificare;;;;fronte civ.4;Veicolo in marcia contro veicoli in sosta;Rettilineo;Due carreggiate;Asciutto;Asfaltata;Orizzontale;Sereno;Normale;Buona;Sufficiente;0;0;0;1;12.2898;41.7324;-1;3;Autovettura privata;Sosta;;;;;;;
4162512;13;03/01/2019 23:20:00;Strada Urbana;PIAZZA ENRICO MILLO;da specificare;;;;fronte civ.4;Veicolo in marcia contro veicoli in sosta;Rettilineo;Due carreggiate;Asciutto;Asfaltata;Orizzontale;Sereno;Normale;Buona;Sufficiente;0;0;0;1;12.2898;41.7324;-1;4;Autovettura privata;Sosta;;;;;;;
4162512;13;03/01/2019 23:20:00;Strada Urbana;PIAZZA ENRICO MILLO;da specificare;;;;fronte civ.4;Veicolo in marcia contro veicoli in sosta;Rettilineo;Due carreggiate;Asciutto;Asfaltata;Orizzontale;Sereno;Normale;Buona;Sufficiente;0;0;0;1;12.2898;41.7324;-1;5;Autocarro inferiore 35 q.;Sosta;;;;;;;
4162515;9;03/01/2019 10:30:00;Strada Urbana;PIAZZALE METRONIO;da specificare;;;;altezza Via Gallia;Scontro laterale fra veicoli in marcia;Rotatoria;Una carreggiata a senso unico di marcia;Asciutto;Asfaltata;Verticale ed orizzontale;Sereno;Normale;Buona;Ore Diurne;1;0;0;1;12.4987;41.8824;-1;1;Autovettura privata;In marcia / fermata / arresto;Conducente;M;Illeso;0;;Utilizzato;Inesploso
4162515;9;03/01/2019 10:30:00;Strada Urbana;PIAZZALE METRONIO;da specificare;;;;altezza Via Gallia;Scontro laterale fra veicoli in marcia;Rotatoria;Una carreggiata a senso unico di marcia;Asciutto;Asfaltata;Verticale ed orizzontale;Sereno;Normale;Buona;Ore Diurne;1;0;0;1;12.4987;41.8824;-1;2;Autovettura privata;In marcia / fermata / arresto;Conducente;M;Rimandato;0;NON DECEDUTO;Utilizzato;Inesploso
4162527;19;03/01/2019 12:20:00;Strada Urbana;VIA DI TORREVECCHIA;in corrispondenza;;del civico n.;262;;Investimento di pedone;Rettilineo;Una carreggiata a doppio senso;Asciutto;Asfaltata;Orizzontale;Nuvoloso;Normale;Buona;Ore Diurne;1;0;0;1;12.4162;41.9278;-1;;;;Pedone;F;Rimandato;0;NON DECEDUTO;;
4162527;19;03/01/2019 12:20:00;Strada Urbana;VIA DI TORREVECCHIA;in corrispondenza;;del civico n.;262;;Investimento di pedone;Rettilineo;Una carreggiata a doppio senso;Asciutto;Asfaltata;Orizzontale;Nuvoloso;Normale;Buona;Ore Diurne;1;0;0;1;12.4162;41.9278;-1;1;Autovettura privata;In marcia / fermata / arresto;Conducente;F;Illeso;0;;;
4162533;1;03/01/2019 20:30:00;Strada Urbana;VIALE MANZONI;all'intersezione semaforizzata con;VIA EMANUELE FILIBERTO;VIA EMANUELE FILIBERTO;;;Investimento di pedone;Intersezione semaforizzata;Una carreggiata a doppio senso;Asciutto;Asfaltata;Verticale ed orizzontale;Sereno;Scarso;Buona;Sufficiente;1;0;0;1;12.507;41.8907;-1;;;;Pedone;M;Rimandato;0;NON DECEDUTO;;
4162533;1;03/01/2019 20:30:00;Strada Urbana;VIALE MANZONI;all'intersezione semaforizzata con;VIA EMANUELE FILIBERTO;VIA EMANUELE FILIBERTO;;;Investimento di pedone;Intersezione semaforizzata;Una carreggiata a doppio senso;Asciutto;Asfaltata;Verticale ed orizzontale;Sereno;Scarso;Buona;Sufficiente;1;0;0;1;12.507;41.8907;-1;1;Vettura tranviaria;In marcia / fermata / arresto;Conducente;M;Illeso;0;;Esente;
4162535;9;03/01/2019 20:30:00;Strada Urbana;VIA BELLICIA;all'intersezione con;VIA FLAVIA DEMETRIA;VIA FLAVIA DEMETRIA;;;Veicolo in marcia contro ostacolo accidentale;Intersezione stradale segnalata;Una carreggiata a doppio senso;Ghiacciato;Asfaltata;Verticale ed orizzontale;Sereno;Normale;Buona;Sufficiente;1;0;0;0;12.612;41.8246;-1;1;Motociclo a solo;In marcia / fermata / arresto;Conducente;M;Rimandato;0;NON DECEDUTO;;
4162550;9;03/01/2019 12:00:00;Strada Urbana;VIA SIRIA;in prossimità;;del civico n.;20/22;;Scontro laterale fra veicoli in marcia;Rettilineo;Una carreggiata a doppio senso;Asciutto;Asfaltata;Verticale ed orizzontale;Sereno;Normale;Buona;Ore Diurne;1;0;0;1;12.5109;41.8751;-1;1;Autovettura privata;In marcia / fermata / arresto;Conducente;M;Illeso;0;;Utilizzato;Inesploso
4162550;9;03/01/2019 12:00:00;Strada Urbana;VIA SIRIA;in prossimità;;del civico n.;20/22;;Scontro laterale fra veicoli in marcia;Rettilineo;Una carreggiata a doppio senso;Asciutto;Asfaltata;Verticale ed orizzontale;Sereno;Normale;Buona;Ore Diurne;1;0;0;1;12.5109;41.8751;-1;2;Motociclo a solo;In marcia / fermata / arresto;Conducente;M;Rimandato;0;NON DECEDUTO;Utilizzato;
4162553;9;03/01/2019 23:20:00;Strada Urbana;VIALE TITO LABIENO;all'intersezione con;VIA QUINTILIO VARO;VIA QUINTILIO VARO;;;Scontro frontale/laterale DX fra veicoli in marcia;Incrocio;Due carreggiate;Asciutto;Asfaltata;Verticale ed orizzontale;Sereno;Scarso;Sufficiente;Sufficiente;0;0;0;3;12.5665;41.8528;-1;1;Autovettura privata;In marcia / fermata / arresto;Conducente;M;Illeso;0;;Non accertato;Inesploso
4162553;9;03/01/2019 23:20:00;Strada Urbana;VIALE TITO LABIENO;all'intersezione con;VIA QUINTILIO VARO;VIA QUINTILIO VARO;;;Scontro frontale/laterale DX fra veicoli in marcia;Incrocio;Due carreggiate;Asciutto;Asfaltata;Verticale ed orizzontale;Sereno;Scarso;Sufficiente;Sufficiente;0;0;0;3;12.5665;41.8528;-1;2;Autovettura privata;In marcia / fermata / arresto;Conducente;M;Illeso;0;;Non accertato;Inesploso
4162553;9;03/01/2019 23:20:00;Strada Urbana;VIALE TITO LABIENO;all'intersezione con;VIA QUINTILIO VARO;VIA QUINTILIO VARO;;;Scontro frontale/laterale DX fra veicoli in marcia;Incrocio;Due carreggiate;Asciutto;Asfaltata;Verticale ed orizzontale;Sereno;Scarso;Sufficiente;Sufficiente;0;0;0;3;12.5665;41.8528;-1;2;Autovettura privata;In marcia / fermata / arresto;Passeggero;F;Illeso;0;;Non accertato;Inesploso
4162557;17;03/01/2019 17:55:00;Strada Urbana;VIA TRIONFALE;all'intersezione con;VIA CUNFIDA;VIA CUNFIDA;;;Scontro frontale/laterale DX fra veicoli in marcia;Incrocio;Una carreggiata a doppio senso;Asciutto;Asfaltata;Verticale ed orizzontale;Sereno;Normale;Buona;Sufficiente;1;0;0;1;12.452;41.913;-1;1;Autovettura privata;In marcia / fermata / arresto;Conducente;M;Illeso;0;;Non accertato;Inesploso
4162557;17;03/01/2019 17:55:00;Strada Urbana;VIA TRIONFALE;all'intersezione con;VIA CUNFIDA;VIA CUNFIDA;;;Scontro frontale/laterale DX fra veicoli in marcia;Incrocio;Una carreggiata a doppio senso;Asciutto;Asfaltata;Verticale ed orizzontale;Sereno;Normale;Buona;Sufficiente;1;0;0;1;12.452;41.913;-1;2;Motociclo a solo;In marcia / fermata / arresto;Conducente;M;Rimandato;0;NON DECEDUTO;Non accertato;
4162561;4;03/01/2019 12:45:00;Strada Urbana;VIA MONTE CERVIALTO;in prossimità;;del civico n.;139;;Scontro laterale fra veicoli in marcia;Rettilineo;Più di due carreggiate;Asciutto;Asfaltata;Verticale ed orizzontale;Sereno;Normale;Buona;Ore Diurne;0;0;0;3;12.523;41.9538;-1;1;Autovettura privata;In marcia / fermata / arresto;Conducente;M;Illeso;0;;Non accertato;
4162561;4;03/01/2019 12:45:00;Strada Urbana;VIA MONTE CERVIALTO;in prossimità;;del civico n.;139;;Scontro laterale fra veicoli in marcia;Rettilineo;Più di due carreggiate;Asciutto;Asfaltata;Verticale ed orizzontale;Sereno;Normale;Buona;Ore Diurne;0;0;0;3;12.523;41.9538;-1;2;Autovettura privata;In marcia / fermata / arresto;Conducente;F;Illeso;0;;Non accertato;