Protocollo;Gruppo;DataOraIncidente;Localizzazione1;STRADA1;Localizzazione2;STRADA2;Strada02;Chilometrica;DaSpecificare;NaturaIncidente;particolaritastrade;TipoStrada;FondoStradale;Pavimentazione;Segnaletica;CondizioneAtmosferica;Traffico;Visibilita;Illuminazione;NUM_FERITI;NUM_RISERVATA;NUM_MORTI;NUM_ILLESI;Longitudine;Latitudine;Confermato;Progressivo;TipoVeicolo;StatoVeicolo;TipoPersona;Sesso;Tipolesione;Deceduto;DecedutoDopo;CinturaCascoUtilizzato;Airbag;
4162561;4;03/01/2019 12:45:00;Strada Urbana;VIA MONTE CERVIALTO;in prossimità;;del civico n.;139;;Scontro laterale fra veicoli in marcia;Rettilineo;Più di due carreggiate;Asciutto;Asfaltata;Verticale ed orizzontale;Sereno;Normale;Buona;Ore Diurne;0;0;0;3;12.523;41.9538;-1;2;Autovettura privata;In marcia / fermata / arresto;Passeggero;M;Illeso;0;;Non accertato;
4162563;18;03/01/2019 16:50:00;Strada Urbana;PIAZZA PIO XI;in corrispondenza;;del civico n.;88;;Scontro laterale fra veicoli in marcia;Rettilineo;Una carreggiata a senso unico di marcia;Asciutto;Asfaltata;Verticale ed orizzontale;Sereno;Normale;Buona;Ore Diurne;0;0;0;2;12.4385;41.8953;-1;1;Autovettura privata;In marcia / fermata / arresto;Conducente;F;Illeso;0;;Non accertato;Inesploso
4162563;18;03/01/2019 16:50:00;Strada Urbana;PIAZZA PIO XI;in corrispondenza;;del civico n.;88;;Scontro laterale fra veicoli in marcia;Rettilineo;Una carreggiata a senso unico di marcia;Asciutto;Asfaltata;Verticale ed orizzontale;Sereno;Normale;Buona;Ore Diurne;0;0;0;2;12.4385;41.8953;-1;2;Veicolo speciale;In marcia / fermata / arresto;Conducente;M;Illeso;0;;Non accertato;Inesploso
4162564;9;03/01/2019 15:20:00;;VIA LATINA;all'intersezione semaforizzata con;PIAZZA GALERIA;PIAZZA GALERIA;;;Scontro laterale fra veicoli in marcia;;;;;;;;;;0;0;0;5;;;0;1;Autocarro inferiore 35 q.;In marcia / fermata / arresto;Conducente;M;Illeso;0;;;
4162564;9;03/01/2019 15:20:00;;VIA LATINA;all'intersezione semaforizzata con;PIAZZA GALERIA;PIAZZA GALERIA;;;Scontro laterale fra veicoli in marcia;;;;;;;;;;0;0;0;5;;;0;1;Autocarro inferiore 35 q.;In marcia / fermata / arresto;Passeggero;M;Illeso;0;;;
4162564;9;03/01/2019 15:20:00;;VIA LATINA;all'intersezione semaforizzata con;PIAZZA GALERIA;PIAZZA GALERIA;;;Scontro laterale fra veicoli in marcia;;;;;;;;;;0;0;0;5;;;0;2;Autovettura privata;In marcia / fermata / arresto;Conducente;M;Illeso;0;;;
4162564;9;03/01/2019 15:20:00;;VIA LATINA;all'intersezione semaforizzata con;PIAZZA GALERIA;PIAZZA GALERIA;;;Scontro laterale fra veicoli in marcia;;;;;;;;;;0;0;0;5;;;0;2;Autovettura privata;In marcia / fermata / arresto;Passeggero;F;Illeso;0;;;
4162564;9;03/01/2019 15:20:00;;VIA LATINA;all'intersezione semaforizzata con;PIAZZA GALERIA;PIAZZA GALERIA;;;Scontro laterale fra veicoli in marcia;;;;;;;;;;0;0;0;5;;;0;2;Autovettura privata;In marcia / fermata / arresto;Passeggero;M;Illeso;0;;;
4162565;3;03/01/2019 12:30:00;Strada Urbana;VIA DEGLI AUSONI;all'intersezione semaforizzata con;VIA TIBURTINA;VIA TIBURTINA;;;Scontro laterale fra veicoli in marcia;Incrocio;Una carreggiata a senso unico di marcia;Asciutto;Asfaltata;Verticale ed orizzontale;Sereno;Normale;Buona;Ore Diurne;0;0;0;4;12.5161;41.8993;-1;1;Autovettura privata;In marcia / fermata / arresto;Conducente;F;Illeso;0;;Non accertato;
4162565;3;03/01/2019 12:30:00;Strada Urbana;VIA DEGLI AUSONI;all'intersezione semaforizzata con;VIA TIBURTINA;VIA TIBURTINA;;;Scontro laterale fra veicoli in marcia;Incrocio;Una carreggiata a senso unico di marcia;Asciutto;Asfaltata;Verticale ed orizzontale;Sereno;Normale;Buona;Ore Diurne;0;0;0;4;12.5161;41.8993;-1;2;Autovettura privata;In marcia / fermata / arresto;Conducente;F;Illeso;0;;Non accertato;
4162565;3;03/01/2019 12:30:00;Strada Urbana;VIA DEGLI AUSONI;all'intersezione semaforizzata con;VIA TIBURTINA;VIA TIBURTINA;;;Scontro laterale fra veicoli in marcia;Incrocio;Una carreggiata a senso unico di marcia;Asciutto;Asfaltata;Verticale ed orizzontale;Sereno;Normale;Buona;Ore Diurne;0;0;0;4;12.5161;41.8993;-1;3;Autovettura privata;In marcia / fermata / arresto;Conducente;M;Illeso;0;;Non accertato;
4162565;3;03/01/2019 12:30:00;Strada Urbana;VIA DEGLI AUSONI;all'intersezione semaforizzata con;VIA TIBURTINA;VIA TIBURTINA;;;Scontro laterale fra veicoli in marcia;Incrocio;Una carreggiata a senso unico di marcia;Asciutto;Asfaltata;Verticale ed orizzontale;Sereno;Normale;Buona;Ore Diurne;0;0;0;4;12.5161;41.8993;-1;3;Autovettura privata;In marcia / fermata / arresto;Passeggero;M;Illeso;0;;Non accertato;
4162568;13;03/01/2019 18:00:00;Statale entro l'abitato;VIA DEL MARE;da specificare;;;;prossimità km 26,340;Tamponamento Multiplo;Rettilineo;Una carreggiata a doppio senso;Asciutto;Asfaltata;Verticale ed orizzontale;Sereno;Normale;Sufficiente;Sufficiente;0;0;0;3;12.4632;41.8403;-1;1;Autovettura privata;In marcia / fermata / arresto;Conducente;F;Illeso;0;;Non accertato;Inesploso
4162568;13;03/01/2019 18:00:00;Statale entro l'abitato;VIA DEL MARE;da specificare;;;;prossimità km 26,340;Tamponamento Multiplo;Rettilineo;Una carreggiata a doppio senso;Asciutto;Asfaltata;Verticale ed orizzontale;Sereno;Normale;Sufficiente;Sufficiente;0;0;0;3;12.4632;41.8403;-1;2;Autovettura privata;In marcia / fermata / arresto;Conducente;M;Illeso;0;;Non accertato;Inesploso
4162568;13;03/01/2019 18:00:00;Statale entro l'abitato;VIA DEL MARE;da specificare;;;;prossimità km 26,340;Tamponamento Multiplo;Rettilineo;Una carreggiata a doppio senso;Asciutto;Asfaltata;Verticale ed orizzontale;Sereno;Normale;Sufficiente;Sufficiente;0;0;0;3;12.4632;41.8403;-1;3;Autovettura privata;In marcia / fermata / arresto;Conducente;M;Illeso;0;;Non accertato;Inesploso
4162570;3;03/01/2019 17:40:00;Strada Urbana;PIAZZALE LABICANO;all'intersezione con;PIAZZA DI PORTA MAGGIORE;PIAZZA DI PORTA MAGGIORE;;;Scontro laterale fra veicoli in marcia;Intersezione stradale segnalata;Una carreggiata a senso unico di marcia;Asciutto;Asfaltata;Verticale ed orizzontale;Sereno;Normale;Buona;Ore Diurne;0;0;0;3;12.5154;41.891;-1;1;Autovettura privata;In marcia / fermata / arresto;Conducente;F;Illeso;0;;Non accertato;Inesploso
4162570;3;03/01/2019 17:40:00;Strada Urbana;PIAZZALE LABICANO;all'intersezione con;PIAZZA DI PORTA MAGGIORE;PIAZZA DI PORTA MAGGIORE;;;Scontro laterale fra veicoli in marcia;Intersezione stradale segnalata;Una carreggiata a senso unico di marcia;Asciutto;Asfaltata;Verticale ed orizzontale;Sereno;Normale;Buona;Ore Diurne;0;0;0;3;12.5154;41.891;-1;1;Autovettura privata;In marcia / fermata / arresto;Passeggero;M;Illeso;0;;Non accertato;Inesploso
4162570;3;03/01/2019 17:40:00;Strada Urbana;PIAZZALE LABICANO;all'intersezione con;PIAZZA DI PORTA MAGGIORE;PIAZZA DI PORTA MAGGIORE;;;Scontro laterale fra veicoli in marcia;Intersezione stradale segnalata;Una carreggiata a senso unico di marcia;Asciutto;Asfaltata;Verticale ed orizzontale;Sereno;Normale;Buona;Ore Diurne;0;0;0;3;12.5154;41.891;-1;2;Autovettura privata;In marcia / fermata / arresto;Conducente;F;Illeso;0;;Non accertato;Inesploso
4162574;3;04/01/2019 06:00:00;Strada Urbana;VIALE DEL POLICLINICO;all'intersezione semaforizzata con;VIALE DELL'UNIVERSITA';VIALE DELL'UNIVERSITA';;;Investimento di pedone;Intersezione semaforizzata;Una carreggiata a doppio senso;Asciutto;Asfaltata;Verticale ed orizzontale;Sereno;Scarso;Sufficiente;Sufficiente;1;0;0;1;12.5051;41.9083;-1;;;;Pedone;F;Rimandato;0;NON DECEDUTO;;
4162574;3;04/01/2019 06:00:00;Strada Urbana;VIALE DEL POLICLINICO;all'intersezione semaforizzata con;VIALE DELL'UNIVERSITA';VIALE DELL'UNIVERSITA';;;Investimento di pedone;Intersezione semaforizzata;Una carreggiata a doppio senso;Asciutto;Asfaltata;Verticale ed orizzontale;Sereno;Scarso;Sufficiente;Sufficiente;1;0;0;1;12.5051;41.9083;-1;1;Autovettura privata;In marcia / fermata / arresto;Conducente;M;Illeso;0;;;
4162577;1;04/01/2019 02:45:00;Strada Urbana;PIAZZA VENEZIA;all'intersezione con;VIA DEL PLEBISCITO;VIA DEL PLEBISCITO;;;Scontro frontale/laterale SX fra veicoli in marcia;Incrocio;Una carreggiata a senso unico di marcia;Asciutto;In cubetti di porfido;Verticale ed orizzontale;Sereno;Scarso;Buona;Sufficiente;2;0;0;1;12.4826;41.8958;-1;1;Autovettura privata;In marcia / fermata / arresto;Conducente;M;Illeso;0;;Non accertato;Inesploso
4162577;1;04/01/2019 02:45:00;Strada Urbana;PIAZZA VENEZIA;all'intersezione con;VIA DEL PLEBISCITO;VIA DEL PLEBISCITO;;;Scontro frontale/laterale SX fra veicoli in marcia;Incrocio;Una carreggiata a senso unico di marcia;Asciutto;In cubetti di porfido;Verticale ed orizzontale;Sereno;Scarso;Buona;Sufficiente;2;0;0;1;12.4826;41.8958;-1;2;Motociclo con passeggero;In marcia / fermata / arresto;Conducente;M;Rimandato;0;NON DECEDUTO;Non accertato;
4162577;1;04/01/2019 02:45:00;Strada Urbana;PIAZZA VENEZIA;all'intersezione con;VIA DEL PLEBISCITO;VIA DEL PLEBISCITO;;;Scontro frontale/laterale SX fra veicoli in marcia;Incrocio;Una carreggiata a senso unico di marcia;Asciutto;In cubetti di porfido;Verticale ed orizzontale;Sereno;Scarso;Buona;Sufficiente;2;0;0;1;12.4826;41.8958;-1;2;Motociclo con passeggero;In marcia / fermata / arresto;Passeggero;F;Rimandato;0;NON DECEDUTO;Non accertato;
4162588;4;03/01/2019 13:15:00;Strada Urbana;VIA AMALIA BETTINI;da specificare;;;;in prossimità fronte Via Enriquez;Scontro laterale fra veicoli in marcia;Rettilineo;Due carreggiate;Asciutto;Strada pavimentata dissestata;Orizzontale;Sereno;Normale;Buona;Ore Diurne;1;0;0;3;12.5284;41.9644;-1;1;Autovettura privata;In marcia / fermata / arresto;Conducente;F;Illeso;0;;;
4162588;4;03/01/2019 13:15:00;Strada Urbana;VIA AMALIA BETTINI;da specificare;;;;in prossimità fronte Via Enriquez;Scontro laterale fra veicoli in marcia;Rettilineo;Due carreggiate;Asciutto;Strada pavimentata dissestata;Orizzontale;Sereno;Normale;Buona;Ore Diurne;1;0;0;3;12.5284;41.9644;-1;1;Autovettura privata;In marcia / fermata / arresto;Passeggero;M;Illeso;0;;;
4162588;4;03/01/2019 13:15:00;Strada Urbana;VIA AMALIA BETTINI;da specificare;;;;in prossimità fronte Via Enriquez;Scontro laterale fra veicoli in marcia;Rettilineo;Due carreggiate;Asciutto;Strada pavimentata dissestata;Orizzontale;Sereno;Normale;Buona;Ore Diurne;1;0;0;3;12.5284;41.9644;-1;2;Motociclo con passeggero;In marcia / fermata / arresto;Conducente;M;Rifiuta cure immediate;0;NON DECEDUTO;;
4162588;4;03/01/2019 13:15:00;Strada Urbana;VIA AMALIA BETTINI;da specificare;;;;in prossimità fronte Via Enriquez;Scontro laterale fra veicoli in marcia;Rettilineo;Due carreggiate;Asciutto;Strada pavimentata dissestata;Orizzontale;Sereno;Normale;Buona;Ore Diurne;1;0;0;3;12.5284;41.9644;-1;2;Motociclo con passeggero;In marcia / fermata / arresto;Passeggero;F;Illeso;0;;;
4162597;4;03/01/2019 15:00:00;Strada Urbana;VIA FRANCESCO D'OVIDIO;all'intersezione con;VIA JACOPONE DA TODI;VIA JACOPONE DA TODI;;;Scontro laterale fra veicoli in marcia;Intersezione stradale segnalata;Una carreggiata a senso unico di marcia;Asciutto;Asfaltata;Verticale;Sereno;Normale;Buona;Ore Diurne;0;0;0;2;12.554;41.9441;-1;1;Autovettura privata;In marcia / fermata / arresto;Conducente;F;Illeso;0;;Non accertato;
4162597;4;03/01/2019 15:00:00;Strada Urbana;VIA FRANCESCO D'OVIDIO;all'intersezione con;VIA JACOPONE DA TODI;VIA JACOPONE DA TODI;;;Scontro laterale fra veicoli in marcia;Intersezione stradale segnalata;Una carreggiata a senso unico di marcia;Asciutto;Asfaltata;Verticale;Sereno;Normale;Buona;Ore Diurne;0;0;0;2;12.554;41.9441;-1;2;Autovettura privata;In marcia / fermata / arresto;Conducente;F;Illeso;0;;Non accertato;
4162614;4;03/01/2019 15:40:00;Strada Urbana;VIA VAL MAIRA;in corrispondenza;;del civico n.;13;;Veicolo in marcia contro veicolo fermo;Rettilineo;Una carreggiata a senso unico di marcia;Asciutto;Asfaltata;Verticale ed orizzontale;Sereno;Normale;Buona;Ore Diurne;0;0;0;4;12.5194;41.944;-1;1;Autovettura privata;In marcia / fermata / arresto;Conducente;F;Illeso;0;;;
4162614;4;03/01/2019 15:40:00;Strada Urbana;VIA VAL MAIRA;in corrispondenza;;del civico n.;13;;Veicolo in marcia contro veicolo fermo;Rettilineo;Una carreggiata a senso unico di marcia;Asciutto;Asfaltata;Verticale ed orizzontale;Sereno;Normale;Buona;Ore Diurne;0;0;0;4;12.5194;41.944;-1;1;Autovettura privata;In marcia / fermata / arresto;Passeggero;F;Illeso;0;;;
4162614;4;03/01/2019 15:40:00;Strada Urbana;VIA VAL MAIRA;in corrispondenza;;del civico n.;13;;Veicolo in marcia contro veicolo fermo;Rettilineo;Una carreggiata a senso unico di marcia;Asciutto;Asfaltata;Verticale ed orizzontale;Sereno;Normale;Buona;Ore Diurne;0;0;0;4;12.5194;41.944;-1;2;Autovettura privata;In marcia / fermata / arresto;Conducente;F;Illeso;0;;;
4162614;4;03/01/2019 15:40:00;Strada Urbana;VIA VAL MAIRA;in corrispondenza;;del civico n.;13;;Veicolo in marcia contro veicolo fermo;Rettilineo;Una carreggiata a senso unico di marcia;Asciutto;Asfaltata;Verticale ed orizzontale;Sereno;Normale;Buona;Ore Diurne;0;0;0;4;12.5194;41.944;-1;2;Autovettura privata;In marcia / fermata / arresto;Passeggero;F;Illeso;0;;;
4162623;2;03/01/2019 07:20:00;Strada Urbana;PIAZZA EUCLIDE;in prossimità;;del civico n.;fc.39;;Scontro laterale fra veicoli in marcia;Rettilineo;Più di due carreggiate;Asciutto;Asfaltata;Verticale ed orizzontale;Sereno;Scarso;Buona;Ore Diurne;0;0;0;2;12.4811;41.9269;-1;1;Autovettura privata;In marcia / fermata / arresto;Conducente;M;Illeso;0;;Non accertato;Inesploso
4162623;2;03/01/2019 07:20:00;Strada Urbana;PIAZZA EUCLIDE;in prossimità;;del civico n.;fc.39;;Scontro laterale fra veicoli in marcia;Rettilineo;Più di due carreggiate;Asciutto;Asfaltata;Verticale ed orizzontale;Sereno;Scarso;Buona;Ore Diurne;0;0;0;2;12.4811;41.9269;-1;2;Autovettura privata;In marcia / fermata / arresto;Conducente;M;Illeso;0;;Non accertato;Inesploso
4162636;8;03/01/2019 18:25:00;Strada Urbana;VIA DI VERMICINO;in prossimità;;del civico n.;169;;Tamponamento Multiplo;Rettilineo;Una carreggiata a doppio senso;Asciutto;Asfaltata;Verticale ed orizzontale;Sereno;Normale;Buona;Sufficiente;0;0;0;5;12.6731;41.8526;-1;1;Autovettura privata;In marcia / fermata / arresto;Conducente;M;Illeso;0;;;
4162636;8;03/01/2019 18:25:00;Strada Urbana;VIA DI VERMICINO;in prossimità;;del civico n.;169;;Tamponamento Multiplo;Rettilineo;Una carreggiata a doppio senso;Asciutto;Asfaltata;Verticale ed orizzontale;Sereno;Normale;Buona;Sufficiente;0;0;0;5;12.6731;41.8526;-1;2;Autovettura privata;In marcia / fermata / arresto;Conducente;M;Illeso;0;;;
4162636;8;03/01/2019 18:25:00;Strada Urbana;VIA DI VERMICINO;in prossimità;;del civico n.;169;;Tamponamento Multiplo;Rettilineo;Una carreggiata a doppio senso;Asciutto;Asfaltata;Verticale ed orizzontale;Sereno;Normale;Buona;Sufficiente;0;0;0;5;12.6731;41.8526;-1;2;Autovettura privata;In marcia / fermata / arresto;Passeggero;M;Illeso;0;;;
4162636;8;03/01/2019 18:25:00;Strada Urbana;VIA DI VERMICINO;in prossimità;;del civico n.;169;;Tamponamento Multiplo;Rettilineo;Una carreggiata a doppio senso;Asciutto;Asfaltata;Verticale ed orizzontale;Sereno;Normale;Buona;Sufficiente;0;0;0;5;12.6731;41.8526;-1;3;Autovettura privata;In marcia / fermata / arresto;Conducente;M;Illeso;0;;;
4162636;8;03/01/2019 18:25:00;Strada Urbana;VIA DI VERMICINO;in prossimità;;del civico n.;169;;Tamponamento Multiplo;Rettilineo;Una carreggiata a doppio senso;Asciutto;Asfaltata;Verticale ed orizzontale;Sereno;Normale;Buona;Sufficiente;0;0;0;5;12.6731;41.8526;-1;3;Autovettura privata;In marcia / fermata / arresto;Passeggero;F;Illeso;0;;Non accertato;
4162636;8;03/01/2019 18:25:00;Strada Urbana;VIA DI VERMICINO;in prossimità;;del civico n.;169;;Tamponamento Multiplo;Rettilineo;Una carreggiata a doppio senso;Asciutto;Asfaltata;Verticale ed orizzontale;Sereno;Normale;Buona;Sufficiente;0;0;0;5;12.6731;41.8526;-1;4;Autovettura privata;In marcia / fermata / arresto;;;;;;;
4162658;1;03/01/2019 19:00:00;Strada Urbana;LARGO DELLE TERME DI CARACALLA;all'intersezione semaforizzata con;VIALE GUIDO BACCELLI;VIALE GUIDO BACCELLI;;;Scontro frontale/laterale SX fra veicoli in marcia;Intersezione semaforizzata;Due carreggiate;Asciutto;Asfaltata;Verticale ed orizzontale;Sereno;Normale;Sufficiente;Sufficiente;0;0;0;3;12.4965;41.8742;-1;1;Autovettura di polizia;In marcia / fermata / arresto;Conducente;M;Illeso;0;;Non accertato;
4162658;1;03/01/2019 19:00:00;Strada Urbana;LARGO DELLE TERME DI CARACALLA;all'intersezione semaforizzata con;VIALE GUIDO BACCELLI;VIALE GUIDO BACCELLI;;;Scontro frontale/laterale SX fra veicoli in marcia;Intersezione semaforizzata;Due carreggiate;Asciutto;Asfaltata;Verticale ed orizzontale;Sereno;Normale;Sufficiente;Sufficiente;0;0;0;3;12.4965;41.8742;-1;2;Autovettura privata;In marcia / fermata / arresto;Conducente;F;Illeso;0;;Non accertato;
4162658;1;03/01/2019 19:00:00;Strada Urbana;LARGO DELLE TERME DI CARACALLA;all'intersezione semaforizzata con;VIALE GUIDO BACCELLI;VIALE GUIDO BACCELLI;;;Scontro frontale/laterale SX fra veicoli in marcia;Intersezione semaforizzata;Due carreggiate;Asciutto;Asfaltata;Verticale ed orizzontale;Sereno;Normale;Sufficiente;Sufficiente;0;0;0;3;12.4965;41.8742;-1;3;Autovettura privata;In marcia / fermata / arresto;Conducente;F;Illeso;0;;Non accertato;
4162661;2;03/01/2019 20:10:00;Strada Urbana;VIA NEMORENSE;in prossimità;;del civico n.;37/a;;Scontro laterale fra veicoli in marcia;Rettilineo;Una carreggiata a doppio senso;Asciutto;Asfaltata;Verticale ed orizzontale;Sereno;Scarso;Buona;Sufficiente;0;0;0;3;12.5085;41.9251;-1;1;Autobus urbano;In marcia / fermata / arresto;Conducente;M;Illeso;0;;Non accertato;Inesploso
4162661;2;03/01/2019 20:10:00;Strada Urbana;VIA NEMORENSE;in prossimità;;del civico n.;37/a;;Scontro laterale fra veicoli in marcia;Rettilineo;Una carreggiata a doppio senso;Asciutto;Asfaltata;Verticale ed orizzontale;Sereno;Scarso;Buona;Sufficiente;0;0;0;3;12.5085;41.9251;-1;2;Autobus urbano;In marcia / fermata / arresto;Conducente;M;Illeso;0;;Non accertato;Inesploso
4162661;2;03/01/2019 20:10:00;Strada Urbana;VIA NEMORENSE;in prossimità;;del civico n.;37/a;;Scontro laterale fra veicoli in marcia;Rettilineo;Una carreggiata a doppio senso;Asciutto;Asfaltata;Verticale ed orizzontale;Sereno;Scarso;Buona;Sufficiente;0;0;0;3;12.5085;41.9251;-1;3;Motociclo a solo;In marcia / fermata / arresto;Conducente;M;Illeso;0;;Non accertato;
4162663;2;03/01/2019 10:30:00;Strada Urbana;VIA TRIPOLITANIA;in corrispondenza;;del civico n.;28;;Veicolo in marcia contro veicolo in sosta;Rettilineo;Una carreggiata a senso unico di marcia;Asciutto;Asfaltata;Verticale ed orizzontale;Sereno;Scarso;Buona;Ore Diurne;0;0;0;1;12.5192;41.9297;-1;1;Autovettura privata;In marcia / fermata / arresto;Conducente;M;Illeso;0;;Non utilizzato;Inesploso
4162663;2;03/01/2019 10:30:00;Strada Urbana;VIA TRIPOLITANIA;in corrispondenza;;del civico n.;28;;Veicolo in marcia contro veicolo in sosta;Rettilineo;Una carreggiata a senso unico di marcia;Asciutto;Asfaltata;Verticale ed orizzontale;Sereno;Scarso;Buona;Ore Diurne;0;0;0;1;12.5192;41.9297;-1;2;Autovettura privata;Sosta;;;;;;;
4162666;2;03/01/2019 07:00:00;Strada Urbana;CIRCONVALLAZIONE SALARIA;da specificare;;;;alt. svincolo via salaria;Veicolo in marcia contro ostacolo fisso;Rettilineo;Due carreggiate;Asciutto;Asfaltata;Verticale ed orizzontale;Sereno;Normale;Buona;Ore Diurne;0;0;0;1;12.5207;41.9347;-1;1;Autovettura privata;In marcia / fermata / arresto;Conducente;M;Illeso;0;;;
4162675;4;03/01/2019 17:50:00;Strada Urbana;VIA SCARPANTO;in prossimità;;del civico n.;11;;Investimento di pedone;Rettilineo;Due carreggiate;Asciutto;Asfaltata;Verticale ed orizzontale;Sereno;Normale;Sufficiente;Sufficiente;1;0;0;1;12.5269;41.9469;-1;;;;Pedone;F;Rimandato;0;NON DECEDUTO;;
4162675;4;03/01/2019 17:50:00;Strada Urbana;VIA SCARPANTO;in prossimità;;del civico n.;11;;Investimento di pedone;Rettilineo;Due carreggiate;Asciutto;Asfaltata;Verticale ed orizzontale;Sereno;Normale;Sufficiente;Sufficiente;1;0;0;1;12.5269;41.9469;-1;1;Autovettura privata;In marcia / fermata / arresto;Conducente;F;Illeso;0;;;
4162687;20;04/01/2019 07:45:00;Strada Urbana;CORSO DI FRANCIA;da specificare;;;;altezza Via di Villa Severini;Tamponamento;Rettilineo;Due carreggiate;Asciutto;Asfaltata;Verticale ed orizzontale;Sereno;Normale;Buona;Ore Diurne;1;0;0;1;12.4702;41.9475;-1;1;Autovettura privata;In marcia / fermata / arresto;Conducente;M;Illeso;0;;Non accertato;Inesploso
4162687;20;04/01/2019 07:45:00;Strada Urbana;CORSO DI FRANCIA;da specificare;;;;altezza Via di Villa Severini;Tamponamento;Rettilineo;Due carreggiate;Asciutto;Asfaltata;Verticale ed orizzontale;Sereno;Normale;Buona;Ore Diurne;1;0;0;1;12.4702;41.9475;-1;2;Autovettura privata;In marcia / fermata / arresto;Conducente;F;Rimandato;0;NON DECEDUTO;Non accertato;Inesploso
4162704;15;03/01/2019 18:20:00;Strada Urbana;VIA QUIRINO MAJORANA;da specificare;;;;F.te civico 80 di Via Pozzo Pantaleo;Scontro laterale fra veicoli in marcia;Rettilineo;Una carreggiata a doppio senso;Asciutto;Asfaltata;Verticale ed orizzontale;Sereno;Normale;Buona;Sufficiente;1;0;0;0;12.4621;41.8685;-1;1;Motociclo a solo;In marcia / fermata / arresto;Conducente;M;Rimandato;0;NON DECEDUTO;Utilizzato;
4162704;15;03/01/2019 18:20:00;Strada Urbana;VIA QUIRINO MAJORANA;da specificare;;;;F.te civico 80 di Via Pozzo Pantaleo;Scontro laterale fra veicoli in marcia;Rettilineo;Una carreggiata a doppio senso;Asciutto;Asfaltata;Verticale ed orizzontale;Sereno;Normale;Buona;Sufficiente;1;0;0;0;12.4621;41.8685;-1;2;Autovettura privata;Allontanatosi;;;;;;;
4162736;6;04/01/2019 10:30:00;Strada Urbana;VIA TOR DE' SCHIAVI;da specificare;;;;fronte Romolo Trinchieri;Scontro frontale/laterale DX fra veicoli in marcia;Rettilineo;Più di due carreggiate;Asciutto;Asfaltata;Verticale ed orizzontale;Sereno;Intenso;Buona;Ore Diurne;0;0;0;2;12.5614;41.8878;-1;1;Autovettura privata;In marcia / fermata / arresto;Conducente;M;Illeso;0;;Non accertato;Inesploso
4162736;6;04/01/2019 10:30:00;Strada Urbana;VIA TOR DE' SCHIAVI;da specificare;;;;fronte Romolo Trinchieri;Scontro frontale/laterale DX fra veicoli in marcia;Rettilineo;Più di due carreggiate;Asciutto;Asfaltata;Verticale ed orizzontale;Sereno;Intenso;Buona;Ore Diurne;0;0;0;2;12.5614;41.8878;-1;2;Autovettura privata;In marcia / fermata / arresto;Conducente;M;Illeso;0;;Non accertato;Inesploso
4162743;17;04/01/2019 08:30:00;Strada Urbana;PIAZZA DELLE CINQUE GIORNATE;all'intersezione semaforizzata con;VIA GIOVANNI NICOTERA;VIA GIOVANNI NICOTERA;;;Scontro frontale/laterale DX fra veicoli in marcia;Intersezione semaforizzata;Una carreggiata a senso unico di marcia;Asciutto;In cubetti di porfido;Verticale ed orizzontale;Sereno;Normale;Buona;Ore Diurne;0;0;0;2;12.4685;41.9145;-1;1;Autovettura privata;In marcia / fermata / arresto;Conducente;M;Illeso;0;;Non accertato;Inesploso
4162743;17;04/01/2019 08:30:00;Strada Urbana;PIAZZA DELLE CINQUE GIORNATE;all'intersezione semaforizzata con;VIA GIOVANNI NICOTERA;VIA GIOVANNI NICOTERA;;;Scontro frontale/laterale DX fra veicoli in marcia;Intersezione semaforizzata;Una carreggiata a senso unico di marcia;Asciutto;In cubetti di porfido;Verticale ed orizzontale;Sereno;Normale;Buona;Ore Diurne;0;0;0;2;12.4685;41.9145;-1;2;Autovettura privata;In marcia / fermata / arresto;Conducente;M;Illeso;0;;Non accertato;
4162761;7;04/01/2019 10:20:00;Strada Urbana;VIALE PALMIRO TOGLIATTI;in prossimità;;del palo luce n.;271;;Veicolo in marcia contro ostacolo accidentale;Rettilineo;Una carreggiata a senso unico di marcia;Asciutto;Asfaltata;Verticale ed orizzontale;Sereno;Normale;Buona;Ore Diurne;0;0;0;1;12.5733;41.8872;-1;1;Autovettura privata;In marcia / fermata / arresto;Conducente;M;Illeso;0;;;
4162772;23;01/01/2019 04:45:00;Strada Urbana;PIAZZA VENEZIA;da specificare;;;;all'altezza di Piazza della Madonna di Loreto;Investimento di pedone;Rotatoria;Una carreggiata a senso unico di marcia;Asciutto;In cubetti di porfido;Verticale ed orizzontale;Sereno;Normale;Sufficiente;Inesistente;1;0;0;1;12.4827;41.8957;-1;;;;Pedone;M;Rimandato;0;NON DECEDUTO;;
4162772;23;01/01/2019 04:45:00;Strada Urbana;PIAZZA VENEZIA;da specificare;;;;all'altezza di Piazza della Madonna di Loreto;Investimento di pedone;Rotatoria;Una carreggiata a senso unico di marcia;Asciutto;In cubetti di porfido;Verticale ed orizzontale;Sereno;Normale;Sufficiente;Inesistente;1;0;0;1;12.4827;41.8957;-1;1;Autovettura pubblica;In marcia / fermata / arresto;Conducente;M;Illeso;0;;Non accertato;Inesploso