Protocollo;Gruppo;DataOraIncidente;Localizzazione1;STRADA1;Localizzazione2;STRADA2;Strada02;Chilometrica;DaSpecificare;NaturaIncidente;particolaritastrade;TipoStrada;FondoStradale;Pavimentazione;Segnaletica;CondizioneAtmosferica;Traffico;Visibilita;Illuminazione;NUM_FERITI;NUM_RISERVATA;NUM_MORTI;NUM_ILLESI;Longitudine;Latitudine;Confermato;Progressivo;TipoVeicolo;StatoVeicolo;TipoPersona;Sesso;Tipolesione;Deceduto;DecedutoDopo;CinturaCascoUtilizzato;Airbag;
4170860;13;01/01/2019 18:00:00;Strada Urbana;VIA DI SAPONARA;all'intersezione con;VIA GINO BONICHI;VIA GINO BONICHI;;;Scontro laterale fra veicoli in marcia;Incrocio;Una carreggiata a doppio senso;Bagnato (pioggia);Asfaltata;Verticale ed orizzontale;Pioggia in atto;Intenso;Buona;Sufficiente;1;0;0;3;12.3452;41.7741;-1;3;Autovettura privata;In marcia / fermata / arresto;Passeggero;F;Illeso;0;;Non accertato;Inesploso
4170861;16;09/01/2019 07:50:00;Strada Urbana;CIRCONVALLAZIONE GIANICOLENSE;in corrispondenza;;del civico n.;28;;Tamponamento Multiplo;Rettilineo;Più di due carreggiate;Bagnato (pioggia);Asfaltata;Verticale ed orizzontale;Pioggia in atto;Normale;Buona;Ore Diurne;0;0;0;4;12.4625;41.8729;-1;1;Autovettura privata;In marcia / fermata / arresto;Conducente;M;Illeso;0;;Non accertato;
4170861;16;09/01/2019 07:50:00;Strada Urbana;CIRCONVALLAZIONE GIANICOLENSE;in corrispondenza;;del civico n.;28;;Tamponamento Multiplo;Rettilineo;Più di due carreggiate;Bagnato (pioggia);Asfaltata;Verticale ed orizzontale;Pioggia in atto;Normale;Buona;Ore Diurne;0;0;0;4;12.4625;41.8729;-1;2;Autovettura privata;In marcia / fermata / arresto;Conducente;M;Illeso;0;;Non accertato;
4170861;16;09/01/2019 07:50:00;Strada Urbana;CIRCONVALLAZIONE GIANICOLENSE;in corrispondenza;;del civico n.;28;;Tamponamento Multiplo;Rettilineo;Più di due carreggiate;Bagnato (pioggia);Asfaltata;Verticale ed orizzontale;Pioggia in atto;Normale;Buona;Ore Diurne;0;0;0;4;12.4625;41.8729;-1;3;Autovettura privata;In marcia / fermata / arresto;Conducente;M;Illeso;0;;Non accertato;
4170861;16;09/01/2019 07:50:00;Strada Urbana;CIRCONVALLAZIONE GIANICOLENSE;in corrispondenza;;del civico n.;28;;Tamponamento Multiplo;Rettilineo;Più di due carreggiate;Bagnato (pioggia);Asfaltata;Verticale ed orizzontale;Pioggia in atto;Normale;Buona;Ore Diurne;0;0;0;4;12.4625;41.8729;-1;3;Autovettura privata;In marcia / fermata / arresto;Passeggero;F;Illeso;0;;Non accertato;
4170864;1;09/01/2019 19:20:00;Strada Urbana;VIA MERULANA;in corrispondenza;;del civico n.;64;;Investimento di pedone;Rettilineo;Una carreggiata a doppio senso;Asciutto;Asfaltata;Verticale ed orizzontale;Sereno;Normale;Sufficiente;Sufficiente;1;0;0;1;12.5018;41.8926;-1;;;;Pedone;M;Rimandato;0;NON DECEDUTO;;
4170864;1;09/01/2019 19:20:00;Strada Urbana;VIA MERULANA;in corrispondenza;;del civico n.;64;;Investimento di pedone;Rettilineo;Una carreggiata a doppio senso;Asciutto;Asfaltata;Verticale ed orizzontale;Sereno;Normale;Sufficiente;Sufficiente;1;0;0;1;12.5018;41.8926;-1;1;Autovettura privata;In marcia / fermata / arresto;Conducente;F;Illeso;0;;Non accertato;
4170865;7;09/01/2019 16:10:00;Strada Urbana;VIA LORENZO DELLEANI;in corrispondenza;;del civico n.;19;;Scontro laterale fra veicoli in marcia;Rettilineo;Una carreggiata a senso unico di marcia;Asciutto;Asfaltata;Assente;Sereno;Scarso;Buona;Ore Diurne;0;0;0;2;12.5892;41.9004;-1;1;Autovettura privata;In marcia / fermata / arresto;Conducente;M;Illeso;0;;Non accertato;Inesploso
4170865;7;09/01/2019 16:10:00;Strada Urbana;VIA LORENZO DELLEANI;in corrispondenza;;del civico n.;19;;Scontro laterale fra veicoli in marcia;Rettilineo;Una carreggiata a senso unico di marcia;Asciutto;Asfaltata;Assente;Sereno;Scarso;Buona;Ore Diurne;0;0;0;2;12.5892;41.9004;-1;2;Autovettura privata;In marcia / fermata / arresto;Conducente;M;Illeso;0;;Non accertato;Inesploso
4170870;13;09/01/2019 18:57:00;Strada Urbana;PIAZZA S. LEONARDO DA PORTO MAURIZIO;in corrispondenza;;del civico n.;18;;Veicolo in marcia contro veicolo fermo;Rettilineo;Una carreggiata a senso unico di marcia;Asciutto;Asfaltata;Assente;Sereno;Normale;Buona;Sufficiente;0;0;0;6;12.3658;41.7831;-1;1;Autovettura privata;In marcia / fermata / arresto;Conducente;F;Illeso;0;;Non accertato;Inesploso
4170870;13;09/01/2019 18:57:00;Strada Urbana;PIAZZA S. LEONARDO DA PORTO MAURIZIO;in corrispondenza;;del civico n.;18;;Veicolo in marcia contro veicolo fermo;Rettilineo;Una carreggiata a senso unico di marcia;Asciutto;Asfaltata;Assente;Sereno;Normale;Buona;Sufficiente;0;0;0;6;12.3658;41.7831;-1;2;Autovettura privata;In marcia / fermata / arresto;Conducente;M;Illeso;0;;Non accertato;Inesploso
4170870;13;09/01/2019 18:57:00;Strada Urbana;PIAZZA S. LEONARDO DA PORTO MAURIZIO;in corrispondenza;;del civico n.;18;;Veicolo in marcia contro veicolo fermo;Rettilineo;Una carreggiata a senso unico di marcia;Asciutto;Asfaltata;Assente;Sereno;Normale;Buona;Sufficiente;0;0;0;6;12.3658;41.7831;-1;2;Autovettura privata;In marcia / fermata / arresto;Passeggero;F;Illeso;0;;;
4170870;13;09/01/2019 18:57:00;Strada Urbana;PIAZZA S. LEONARDO DA PORTO MAURIZIO;in corrispondenza;;del civico n.;18;;Veicolo in marcia contro veicolo fermo;Rettilineo;Una carreggiata a senso unico di marcia;Asciutto;Asfaltata;Assente;Sereno;Normale;Buona;Sufficiente;0;0;0;6;12.3658;41.7831;-1;2;Autovettura privata;In marcia / fermata / arresto;Passeggero;F;Illeso;0;;Non accertato;Inesploso
4170870;13;09/01/2019 18:57:00;Strada Urbana;PIAZZA S. LEONARDO DA PORTO MAURIZIO;in corrispondenza;;del civico n.;18;;Veicolo in marcia contro veicolo fermo;Rettilineo;Una carreggiata a senso unico di marcia;Asciutto;Asfaltata;Assente;Sereno;Normale;Buona;Sufficiente;0;0;0;6;12.3658;41.7831;-1;2;Autovettura privata;In marcia / fermata / arresto;Passeggero;F;Illeso;0;;;
4170870;13;09/01/2019 18:57:00;Strada Urbana;PIAZZA S. LEONARDO DA PORTO MAURIZIO;in corrispondenza;;del civico n.;18;;Veicolo in marcia contro veicolo fermo;Rettilineo;Una carreggiata a senso unico di marcia;Asciutto;Asfaltata;Assente;Sereno;Normale;Buona;Sufficiente;0;0;0;6;12.3658;41.7831;-1;2;Autovettura privata;In marcia / fermata / arresto;Passeggero;M;Illeso;0;;;
4170890;4;09/01/2019 19:10:00;Strada Urbana;VIA GASPARE PACCHIAROTTI;in corrispondenza;;del civico n.;35;;Tamponamento;Rettilineo;Una carreggiata a doppio senso;Asciutto;Asfaltata;Verticale ed orizzontale;Sereno;Scarso;Buona;Sufficiente;0;0;0;4;12.5139;41.9633;-1;1;Autovettura privata;In marcia / fermata / arresto;Conducente;M;Illeso;0;;Non accertato;Inesploso
4170890;4;09/01/2019 19:10:00;Strada Urbana;VIA GASPARE PACCHIAROTTI;in corrispondenza;;del civico n.;35;;Tamponamento;Rettilineo;Una carreggiata a doppio senso;Asciutto;Asfaltata;Verticale ed orizzontale;Sereno;Scarso;Buona;Sufficiente;0;0;0;4;12.5139;41.9633;-1;1;Autovettura privata;In marcia / fermata / arresto;Passeggero;F;Illeso;0;;Non accertato;Inesploso
4170890;4;09/01/2019 19:10:00;Strada Urbana;VIA GASPARE PACCHIAROTTI;in corrispondenza;;del civico n.;35;;Tamponamento;Rettilineo;Una carreggiata a doppio senso;Asciutto;Asfaltata;Verticale ed orizzontale;Sereno;Scarso;Buona;Sufficiente;0;0;0;4;12.5139;41.9633;-1;1;Autovettura privata;In marcia / fermata / arresto;Passeggero;M;Illeso;0;;Non accertato;Inesploso
4170890;4;09/01/2019 19:10:00;Strada Urbana;VIA GASPARE PACCHIAROTTI;in corrispondenza;;del civico n.;35;;Tamponamento;Rettilineo;Una carreggiata a doppio senso;Asciutto;Asfaltata;Verticale ed orizzontale;Sereno;Scarso;Buona;Sufficiente;0;0;0;4;12.5139;41.9633;-1;2;Autovettura privata;In marcia / fermata / arresto;Conducente;M;Illeso;0;;;
4170893;17;08/01/2019 22:25:00;Strada Urbana;VIALE DELLO STADIO OLIMPICO;da specificare;;;;50 metri oltre il civico 16;Ribaltamento senza urto contro ostacolo fisso;Curva senza visuale libera;Una carreggiata a senso unico di marcia;Bagnato (pioggia);Asfaltata;Verticale ed orizzontale;Pioggia in atto;Normale;Insufficiente;Insufficiente;0;0;0;1;12.4542;41.9299;-1;1;Autocarro inferiore 35 q.;In marcia / fermata / arresto;Conducente;M;Illeso;0;;;
4170897;18;10/01/2019 08:00:00;Strada Urbana;VIA NAZARETH;all'intersezione con;VIA DI BOCCEA;VIA DI BOCCEA;;;Tamponamento;Intersezione stradale segnalata;Più di due carreggiate;Asciutto;Asfaltata;Verticale ed orizzontale;Nuvoloso;Normale;Buona;Ore Diurne;0;0;0;3;12.408;41.907;-1;1;Autovettura privata;In marcia / fermata / arresto;Conducente;F;Illeso;0;;Non accertato;Inesploso
4170897;18;10/01/2019 08:00:00;Strada Urbana;VIA NAZARETH;all'intersezione con;VIA DI BOCCEA;VIA DI BOCCEA;;;Tamponamento;Intersezione stradale segnalata;Più di due carreggiate;Asciutto;Asfaltata;Verticale ed orizzontale;Nuvoloso;Normale;Buona;Ore Diurne;0;0;0;3;12.408;41.907;-1;2;Autovettura privata;In marcia / fermata / arresto;Conducente;F;Illeso;0;;Non accertato;Inesploso
4170897;18;10/01/2019 08:00:00;Strada Urbana;VIA NAZARETH;all'intersezione con;VIA DI BOCCEA;VIA DI BOCCEA;;;Tamponamento;Intersezione stradale segnalata;Più di due carreggiate;Asciutto;Asfaltata;Verticale ed orizzontale;Nuvoloso;Normale;Buona;Ore Diurne;0;0;0;3;12.408;41.907;-1;2;Autovettura privata;In marcia / fermata / arresto;Passeggero;M;Illeso;0;;Non accertato;Inesploso
4170907;17;09/01/2019 09:55:00;Strada Urbana;VIALE VATICANO;in prossimità;;del civico n.;91;;Ribaltamento senza urto contro ostacolo fisso;Rettilineo;Una carreggiata a doppio senso;Bagnato (umidità in atto);Asfaltata;Verticale ed orizzontale;Sereno;Normale;Buona;Ore Diurne;1;0;0;0;12.4517;41.9066;-1;1;Motociclo a solo;In marcia / fermata / arresto;Conducente;M;Rimandato;0;NON DECEDUTO;;
4170920;7;09/01/2019 20:50:00;Strada Urbana;PIAZZA TEOFRASTO;all'intersezione con;VIA FEDERICO DELPINO;VIA FEDERICO DELPINO;;;Scontro laterale fra veicoli in marcia;Incrocio;Due carreggiate;Asciutto;Asfaltata;Verticale ed orizzontale;Sereno;Scarso;Sufficiente;Sufficiente;0;0;0;2;12.5639;41.8917;-1;1;Autovettura privata;In marcia / fermata / arresto;Conducente;M;Illeso;0;;;
4170920;7;09/01/2019 20:50:00;Strada Urbana;PIAZZA TEOFRASTO;all'intersezione con;VIA FEDERICO DELPINO;VIA FEDERICO DELPINO;;;Scontro laterale fra veicoli in marcia;Incrocio;Due carreggiate;Asciutto;Asfaltata;Verticale ed orizzontale;Sereno;Scarso;Sufficiente;Sufficiente;0;0;0;2;12.5639;41.8917;-1;2;Autovettura privata;In marcia / fermata / arresto;Conducente;M;Illeso;0;;;
4170927;13;09/01/2019 21:30:00;Strada Urbana;PIAZZA MARCO VIPSANIO AGRIPPA;in corrispondenza;;del civico n.;20;;Scontro laterale fra veicoli in marcia;Rettilineo;Due carreggiate;Asciutto;Asfaltata;Assente;Sereno;Scarso;Buona;Sufficiente;0;0;0;4;12.265;41.7358;-1;1;Autovettura privata;In marcia / fermata / arresto;Conducente;F;Illeso;0;;Non accertato;Inesploso
4170927;13;09/01/2019 21:30:00;Strada Urbana;PIAZZA MARCO VIPSANIO AGRIPPA;in corrispondenza;;del civico n.;20;;Scontro laterale fra veicoli in marcia;Rettilineo;Due carreggiate;Asciutto;Asfaltata;Assente;Sereno;Scarso;Buona;Sufficiente;0;0;0;4;12.265;41.7358;-1;2;Autovettura privata;In marcia / fermata / arresto;Conducente;F;Illeso;0;;Non accertato;
4170927;13;09/01/2019 21:30:00;Strada Urbana;PIAZZA MARCO VIPSANIO AGRIPPA;in corrispondenza;;del civico n.;20;;Scontro laterale fra veicoli in marcia;Rettilineo;Due carreggiate;Asciutto;Asfaltata;Assente;Sereno;Scarso;Buona;Sufficiente;0;0;0;4;12.265;41.7358;-1;2;Autovettura privata;In marcia / fermata / arresto;Passeggero;F;Illeso;0;;Non accertato;Inesploso
4170927;13;09/01/2019 21:30:00;Strada Urbana;PIAZZA MARCO VIPSANIO AGRIPPA;in corrispondenza;;del civico n.;20;;Scontro laterale fra veicoli in marcia;Rettilineo;Due carreggiate;Asciutto;Asfaltata;Assente;Sereno;Scarso;Buona;Sufficiente;0;0;0;4;12.265;41.7358;-1;2;Autovettura privata;In marcia / fermata / arresto;Passeggero;F;Illeso;0;;Non accertato;Inesploso
4170935;16;09/01/2019 12:00:00;Strada Urbana;CIRCONVALLAZIONE GIANICOLENSE;da specificare;;;;in prossimità del fronte civico 70;Tamponamento;Rettilineo;Più di due carreggiate;Asciutto;Asfaltata;Verticale ed orizzontale;Sereno;Normale;Buona;Ore Diurne;0;0;0;1;12.4496;41.8725;-1;1;Motociclo a solo;In marcia / fermata / arresto;Conducente;F;Illeso;0;;Non accertato;
4170935;16;09/01/2019 12:00:00;Strada Urbana;CIRCONVALLAZIONE GIANICOLENSE;da specificare;;;;in prossimità del fronte civico 70;Tamponamento;Rettilineo;Più di due carreggiate;Asciutto;Asfaltata;Verticale ed orizzontale;Sereno;Normale;Buona;Ore Diurne;0;0;0;1;12.4496;41.8725;-1;2;Autocarro inferiore 35 q.;Allontanatosi;;;;;;;
4170944;1;09/01/2019 23:45:00;Strada Urbana;PIAZZA DEL COLLEGIO ROMANO;in corrispondenza;;del civico n.;1A;;Veicolo in marcia contro ostacolo accidentale;Curva a visuale libera;Una carreggiata a senso unico di marcia;Asciutto;In cubetti di porfido;Verticale ed orizzontale;Sereno;Scarso;Buona;Sufficiente;0;0;0;1;12.4803;41.8979;-1;1;Motociclo a solo;In marcia / fermata / arresto;Conducente;M;Illeso;0;;Non accertato;
4170945;17;09/01/2019 13:50:00;Strada Urbana;PIAZZA ADRIANA;in prossimità;;del civico n.;21;;Investimento di pedone;Rettilineo;Una carreggiata a senso unico di marcia;Asciutto;Asfaltata;Verticale ed orizzontale;Sereno;Normale;Buona;Ore Diurne;1;0;0;0;12.4641;41.9036;-1;;;;Pedone;M;Rimandato;0;NON DECEDUTO;;
4170945;17;09/01/2019 13:50:00;Strada Urbana;PIAZZA ADRIANA;in prossimità;;del civico n.;21;;Investimento di pedone;Rettilineo;Una carreggiata a senso unico di marcia;Asciutto;Asfaltata;Verticale ed orizzontale;Sereno;Normale;Buona;Ore Diurne;1;0;0;0;12.4641;41.9036;-1;1;Autovettura privata;Allontanatosi;;;;;;;
4170950;4;09/01/2019 11:15:00;Statale;VIA SALARIA;da specificare;;;;all'intersezione con Via di Tor San Giovanni;Tamponamento Multiplo;Rettilineo;Una carreggiata a doppio senso;Asciutto;Asfaltata;Verticale ed orizzontale;Sereno;Normale;Buona;Ore Diurne;0;0;0;5;12.5115;41.9873;-1;1;Autovettura privata;In marcia / fermata / arresto;Conducente;M;Illeso;0;;Non accertato;Inesploso
4170950;4;09/01/2019 11:15:00;Statale;VIA SALARIA;da specificare;;;;all'intersezione con Via di Tor San Giovanni;Tamponamento Multiplo;Rettilineo;Una carreggiata a doppio senso;Asciutto;Asfaltata;Verticale ed orizzontale;Sereno;Normale;Buona;Ore Diurne;0;0;0;5;12.5115;41.9873;-1;2;Autovettura privata;In marcia / fermata / arresto;Conducente;M;Illeso;0;;Non accertato;Inesploso
4170950;4;09/01/2019 11:15:00;Statale;VIA SALARIA;da specificare;;;;all'intersezione con Via di Tor San Giovanni;Tamponamento Multiplo;Rettilineo;Una carreggiata a doppio senso;Asciutto;Asfaltata;Verticale ed orizzontale;Sereno;Normale;Buona;Ore Diurne;0;0;0;5;12.5115;41.9873;-1;3;Autovettura privata;In marcia / fermata / arresto;Conducente;M;Illeso;0;;Non accertato;Inesploso
4170950;4;09/01/2019 11:15:00;Statale;VIA SALARIA;da specificare;;;;all'intersezione con Via di Tor San Giovanni;Tamponamento Multiplo;Rettilineo;Una carreggiata a doppio senso;Asciutto;Asfaltata;Verticale ed orizzontale;Sereno;Normale;Buona;Ore Diurne;0;0;0;5;12.5115;41.9873;-1;3;Autovettura privata;In marcia / fermata / arresto;Passeggero;F;Illeso;0;;Non accertato;Inesploso
4170950;4;09/01/2019 11:15:00;Statale;VIA SALARIA;da specificare;;;;all'intersezione con Via di Tor San Giovanni;Tamponamento Multiplo;Rettilineo;Una carreggiata a doppio senso;Asciutto;Asfaltata;Verticale ed orizzontale;Sereno;Normale;Buona;Ore Diurne;0;0;0;5;12.5115;41.9873;-1;4;Autovettura privata;In marcia / fermata / arresto;Conducente;F;Illeso;0;;Non accertato;Inesploso
4170973;16;09/01/2019 15:30:00;Strada Urbana;VIALE ISACCO NEWTON;da specificare;;;;altezza fronte civico 105;Veicolo in marcia contro ostacolo accidentale;Rettilineo;Due carreggiate;Asciutto;Asfaltata;Verticale ed orizzontale;Sereno;Normale;Buona;Ore Diurne;0;0;0;1;12.4427;41.8481;-1;1;Autovettura privata;In marcia / fermata / arresto;Conducente;F;Illeso;0;;Non accertato;Inesploso
4170989;4;09/01/2019 14:30:00;Strada Urbana;VIA DEI PRATI FISCALI;in corrispondenza;;del civico n.;285;;Scontro frontale/laterale SX fra veicoli in marcia;Curva a visuale libera;Due carreggiate;Asciutto;Asfaltata;Verticale ed orizzontale;Sereno;Normale;Buona;Ore Diurne;0;0;0;2;12.5145;41.9455;-1;1;Autocarro inferiore 35 q.;In marcia / fermata / arresto;Conducente;M;Illeso;0;;;
4170989;4;09/01/2019 14:30:00;Strada Urbana;VIA DEI PRATI FISCALI;in corrispondenza;;del civico n.;285;;Scontro frontale/laterale SX fra veicoli in marcia;Curva a visuale libera;Due carreggiate;Asciutto;Asfaltata;Verticale ed orizzontale;Sereno;Normale;Buona;Ore Diurne;0;0;0;2;12.5145;41.9455;-1;2;Autovettura privata;In marcia / fermata / arresto;Conducente;M;Illeso;0;;;
4171030;16;09/01/2019 20:30:00;Strada Urbana;VIA DI VAL TELLINA;in prossimità;;del civico n.;119;;Veicolo in marcia contro veicoli in sosta;Pendenza;Una carreggiata a doppio senso;Asciutto;Asfaltata;Verticale ed orizzontale;Sereno;Scarso;Buona;Sufficiente;0;0;0;1;12.4468;41.8689;-1;1;Autovettura privata;In marcia / fermata / arresto;Conducente;M;Illeso;0;;Non accertato;
4171030;16;09/01/2019 20:30:00;Strada Urbana;VIA DI VAL TELLINA;in prossimità;;del civico n.;119;;Veicolo in marcia contro veicoli in sosta;Pendenza;Una carreggiata a doppio senso;Asciutto;Asfaltata;Verticale ed orizzontale;Sereno;Scarso;Buona;Sufficiente;0;0;0;1;12.4468;41.8689;-1;2;Autovettura privata;Sosta;;;;;;;
4171030;16;09/01/2019 20:30:00;Strada Urbana;VIA DI VAL TELLINA;in prossimità;;del civico n.;119;;Veicolo in marcia contro veicoli in sosta;Pendenza;Una carreggiata a doppio senso;Asciutto;Asfaltata;Verticale ed orizzontale;Sereno;Scarso;Buona;Sufficiente;0;0;0;1;12.4468;41.8689;-1;3;Autovettura privata;Sosta;;;;;;;
4171035;1;10/01/2019 06:05:00;Strada Urbana;VIA FARINI;all'intersezione semaforizzata con;VIA GIOBERTI;VIA GIOBERTI;;;Investimento di pedone;Intersezione semaforizzata;Una carreggiata a doppio senso;Asciutto;Asfaltata;Verticale ed orizzontale;Sereno;Scarso;Sufficiente;Sufficiente;0;0;0;2;12.4998;41.8981;-1;;;;Pedone;M;Illeso;0;;;
4171035;1;10/01/2019 06:05:00;Strada Urbana;VIA FARINI;all'intersezione semaforizzata con;VIA GIOBERTI;VIA GIOBERTI;;;Investimento di pedone;Intersezione semaforizzata;Una carreggiata a doppio senso;Asciutto;Asfaltata;Verticale ed orizzontale;Sereno;Scarso;Sufficiente;Sufficiente;0;0;0;2;12.4998;41.8981;-1;1;Autovettura privata;In marcia / fermata / arresto;Conducente;M;Illeso;0;;Non accertato;Inesploso
4171046;2;09/01/2019 12:00:00;Strada Urbana;VIA SAN GIMIGNANO;in prossimità;;del civico n.;51;;Veicolo in marcia contro veicolo fermo;Rettilineo;Una carreggiata a senso unico di marcia;Asciutto;Asfaltata;Assente;Sereno;Scarso;Buona;Ore Diurne;0;0;0;3;12.5097;41.9741;-1;1;Autovettura privata;In marcia / fermata / arresto;Conducente;F;Illeso;0;;Non accertato;Inesploso
4171046;2;09/01/2019 12:00:00;Strada Urbana;VIA SAN GIMIGNANO;in prossimità;;del civico n.;51;;Veicolo in marcia contro veicolo fermo;Rettilineo;Una carreggiata a senso unico di marcia;Asciutto;Asfaltata;Assente;Sereno;Scarso;Buona;Ore Diurne;0;0;0;3;12.5097;41.9741;-1;2;Autovettura di polizia;In marcia / fermata / arresto;Conducente;F;Illeso;0;;;
4171046;2;09/01/2019 12:00:00;Strada Urbana;VIA SAN GIMIGNANO;in prossimità;;del civico n.;51;;Veicolo in marcia contro veicolo fermo;Rettilineo;Una carreggiata a senso unico di marcia;Asciutto;Asfaltata;Assente;Sereno;Scarso;Buona;Ore Diurne;0;0;0;3;12.5097;41.9741;-1;2;Autovettura di polizia;In marcia / fermata / arresto;Passeggero;M;Illeso;0;;Non accertato;Inesploso
4171049;2;09/01/2019 19:00:00;Strada Urbana;VIA PIETRO MASCAGNI;in prossimità;;del civico n.;202;;Scontro laterale fra veicoli in marcia;Rettilineo;Una carreggiata a doppio senso;Asciutto;Asfaltata;Verticale ed orizzontale;Sereno;Scarso;Sufficiente;Sufficiente;0;0;0;2;12.5197;41.9344;-1;1;Autovettura privata;In marcia / fermata / arresto;Conducente;M;Illeso;0;;Non accertato;Inesploso
4171049;2;09/01/2019 19:00:00;Strada Urbana;VIA PIETRO MASCAGNI;in prossimità;;del civico n.;202;;Scontro laterale fra veicoli in marcia;Rettilineo;Una carreggiata a doppio senso;Asciutto;Asfaltata;Verticale ed orizzontale;Sereno;Scarso;Sufficiente;Sufficiente;0;0;0;2;12.5197;41.9344;-1;2;Autovettura privata;In marcia / fermata / arresto;Conducente;F;Illeso;0;;Non accertato;Inesploso
4171054;10;10/01/2019 09:15:00;Strada Urbana;VIA DI TOR VERGATA;all'intersezione con;VIALE LUIGI SCHIAVONETTI;VIALE LUIGI SCHIAVONETTI;;;Scontro frontale/laterale DX fra veicoli in marcia;Incrocio;Due carreggiate;Asciutto;Asfaltata;Orizzontale;Sereno;Normale;Buona;Ore Diurne;0;0;0;2;12.622;41.8414;-1;1;Autovettura privata;In marcia / fermata / arresto;Conducente;M;Illeso;0;;Non accertato;Inesploso
4171054;10;10/01/2019 09:15:00;Strada Urbana;VIA DI TOR VERGATA;all'intersezione con;VIALE LUIGI SCHIAVONETTI;VIALE LUIGI SCHIAVONETTI;;;Scontro frontale/laterale DX fra veicoli in marcia;Incrocio;Due carreggiate;Asciutto;Asfaltata;Orizzontale;Sereno;Normale;Buona;Ore Diurne;0;0;0;2;12.622;41.8414;-1;2;Autovettura privata;In marcia / fermata / arresto;Conducente;M;Illeso;0;;Non accertato;Inesploso
4171067;4;09/01/2019 17:40:00;Statale;VIA SALARIA;in corrispondenza;;del civico n.;1611;;Veicolo in marcia contro ostacolo fisso;Rettilineo;Una carreggiata a doppio senso;Bagnato (pioggia);Asfaltata;Verticale ed orizzontale;Nuvoloso;Normale;Sufficiente;Sufficiente;0;0;0;1;12.5319;42.0161;-1;1;Autovettura privata;In marcia / fermata / arresto;Conducente;M;Illeso;0;;Non accertato;
4171068;4;09/01/2019 10:35:00;Strada Urbana;VIA SALARIA;in corrispondenza;;del civico n.;1438;;Scontro laterale fra veicoli in marcia;Rettilineo;Una carreggiata a doppio senso;Bagnato (pioggia);Con buche;Assente;Sereno;Normale;Buona;Ore Diurne;0;0;0;3;12.5187;42.0068;-1;1;Autovettura privata;In marcia / fermata / arresto;Conducente;M;Illeso;0;;Non accertato;
4171068;4;09/01/2019 10:35:00;Strada Urbana;VIA SALARIA;in corrispondenza;;del civico n.;1438;;Scontro laterale fra veicoli in marcia;Rettilineo;Una carreggiata a doppio senso;Bagnato (pioggia);Con buche;Assente;Sereno;Normale;Buona;Ore Diurne;0;0;0;3;12.5187;42.0068;-1;1;Autovettura privata;In marcia / fermata / arresto;Passeggero;F;Illeso;0;;Non accertato;
4171068;4;09/01/2019 10:35:00;Strada Urbana;VIA SALARIA;in corrispondenza;;del civico n.;1438;;Scontro laterale fra veicoli in marcia;Rettilineo;Una carreggiata a doppio senso;Bagnato (pioggia);Con buche;Assente;Sereno;Normale;Buona;Ore Diurne;0;0;0;3;12.5187;42.0068;-1;2;Autobus di linea;In marcia / fermata / arresto;Conducente;M;Illeso;0;;Non accertato;
4171078;1;10/01/2019 05:30:00;Strada Urbana;PIAZZA DI PORTA MAGGIORE;all'intersezione semaforizzata con;VIA GIOVANNI GIOLITTI;VIA GIOVANNI GIOLITTI;;;Scontro laterale fra veicoli in marcia;Intersezione semaforizzata;Una carreggiata a senso unico di marcia;Asciutto;Asfaltata;Verticale ed orizzontale;Sereno;Normale;Buona;Ore Diurne;0;0;0;2;12.5145;41.8921;-1;1;Autovettura privata;In marcia / fermata / arresto;Conducente;M;Illeso;0;;Non accertato;Inesploso
4171078;1;10/01/2019 05:30:00;Strada Urbana;PIAZZA DI PORTA MAGGIORE;all'intersezione semaforizzata con;VIA GIOVANNI GIOLITTI;VIA GIOVANNI GIOLITTI;;;Scontro laterale fra veicoli in marcia;Intersezione semaforizzata;Una carreggiata a senso unico di marcia;Asciutto;Asfaltata;Verticale ed orizzontale;Sereno;Normale;Buona;Ore Diurne;0;0;0;2;12.5145;41.8921;-1;2;Autobus in extraurbana;In marcia / fermata / arresto;Conducente;M;Illeso;0;;Non accertato;Inesploso
4171079;6;10/01/2019 09:45:00;Strada Urbana;VIALE DELLA PRIMAVERA;in prossimità;;del civico n.;349;;Veicolo in marcia contro ostacolo accidentale;Rettilineo;Due carreggiate;Asciutto;Asfaltata;Verticale ed orizzontale;Sereno;Normale;Buona;Ore Diurne;1;0;0;0;12.558;41.8763;-1;1;Motociclo a solo;In marcia / fermata / arresto;Conducente;M;Rifiuta cure immediate;0;NON DECEDUTO;;
4171081;7;09/01/2019 18:10:00;Strada Urbana;VIA PRENESTINA;in corrispondenza;;del civico n.;940;;Veicolo in marcia contro ostacolo accidentale;Rettilineo;Una carreggiata a doppio senso;Asciutto;Asfaltata;Assente;Sereno;Normale;Buona;Sufficiente;0;0;0;2;12.5974;41.8933;-1;1;Autovettura privata;In marcia / fermata / arresto;Conducente;M;Illeso;0;;Non accertato;Inesistente
4171081;7;09/01/2019 18:10:00;Strada Urbana;VIA PRENESTINA;in corrispondenza;;del civico n.;940;;Veicolo in marcia contro ostacolo accidentale;Rettilineo;Una carreggiata a doppio senso;Asciutto;Asfaltata;Assente;Sereno;Normale;Buona;Sufficiente;0;0;0;2;12.5974;41.8933;-1;1;Autovettura privata;In marcia / fermata / arresto;Passeggero;M;Illeso;0;;;