Protocollo;Gruppo;DataOraIncidente;Localizzazione1;STRADA1;Localizzazione2;STRADA2;Strada02;Chilometrica;DaSpecificare;NaturaIncidente;particolaritastrade;TipoStrada;FondoStradale;Pavimentazione;Segnaletica;CondizioneAtmosferica;Traffico;Visibilita;Illuminazione;NUM_FERITI;NUM_RISERVATA;NUM_MORTI;NUM_ILLESI;Longitudine;Latitudine;Confermato;Progressivo;TipoVeicolo;StatoVeicolo;TipoPersona;Sesso;Tipolesione;Deceduto;DecedutoDopo;CinturaCascoUtilizzato;Airbag;
4172409;19;10/01/2019 12:30:00;Strada Urbana;VIA MOTTA VISCONTI;all'intersezione con;VIA NERVIANO;VIA NERVIANO;;;Scontro frontale/laterale DX fra veicoli in marcia;Incrocio;Una carreggiata a doppio senso;Asciutto;Asfaltata;Verticale;Sereno;Scarso;Buona;Ore Diurne;0;0;0;2;12.3884;41.9461;-1;2;Autocarro inferiore 35 q.;In marcia / fermata / arresto;Conducente;M;Illeso;0;;Non accertato;Inesploso
4172434;17;10/01/2019 22:30:00;Strada Urbana;VIA VENTI SETTEMBRE;all'intersezione semaforizzata con;VIA PIAVE;VIA PIAVE;;;Scontro frontale/laterale SX fra veicoli in marcia;Incrocio;Una carreggiata a senso unico di marcia;Asciutto;Asfaltata;Orizzontale;Sereno;Scarso;Sufficiente;Sufficiente;0;0;0;2;12.496;41.9056;-1;1;Autovettura privata;In marcia / fermata / arresto;Conducente;M;Illeso;0;;;
4172434;17;10/01/2019 22:30:00;Strada Urbana;VIA VENTI SETTEMBRE;all'intersezione semaforizzata con;VIA PIAVE;VIA PIAVE;;;Scontro frontale/laterale SX fra veicoli in marcia;Incrocio;Una carreggiata a senso unico di marcia;Asciutto;Asfaltata;Orizzontale;Sereno;Scarso;Sufficiente;Sufficiente;0;0;0;2;12.496;41.9056;-1;2;Autobus urbano;In marcia / fermata / arresto;Conducente;M;Illeso;0;;;
4172435;1;10/01/2019 19:15:00;Strada Urbana;VIA VITTORIO VENETO;in prossimità;;del civico n.;102;;Investimento di pedone;Rettilineo;Una carreggiata a doppio senso;Asciutto;Asfaltata;Verticale ed orizzontale;Sereno;Normale;Sufficiente;Sufficiente;1;0;0;1;12.4892;41.908;-1;;;;Pedone;M;Rifiuta cure immediate;0;NON DECEDUTO;;
4172435;1;10/01/2019 19:15:00;Strada Urbana;VIA VITTORIO VENETO;in prossimità;;del civico n.;102;;Investimento di pedone;Rettilineo;Una carreggiata a doppio senso;Asciutto;Asfaltata;Verticale ed orizzontale;Sereno;Normale;Sufficiente;Sufficiente;1;0;0;1;12.4892;41.908;-1;1;Motociclo a solo;In marcia / fermata / arresto;Conducente;M;Illeso;0;;Non accertato;
4172436;5;10/01/2019 12:15:00;Strada Urbana;VIA FABRIANO;all'intersezione con;VIA FIUMINATA;VIA FIUMINATA;;;Investimento di pedone;Incrocio;Una carreggiata a doppio senso;Asciutto;Asfaltata;Verticale ed orizzontale;Sereno;Normale;Buona;Ore Diurne;1;0;0;1;12.5844;41.9408;-1;;;;Pedone;F;Rimandato;0;NON DECEDUTO;;
4172436;5;10/01/2019 12:15:00;Strada Urbana;VIA FABRIANO;all'intersezione con;VIA FIUMINATA;VIA FIUMINATA;;;Investimento di pedone;Incrocio;Una carreggiata a doppio senso;Asciutto;Asfaltata;Verticale ed orizzontale;Sereno;Normale;Buona;Ore Diurne;1;0;0;1;12.5844;41.9408;-1;1;Autovettura privata;In marcia / fermata / arresto;Conducente;F;Illeso;0;;Non accertato;
4172439;20;11/01/2019 07:30:00;Strada Urbana;VIA TIBERINA;da specificare;;;;rampa imm.ne in via Flaminia;Tamponamento;Rettilineo;Una carreggiata a doppio senso;Asciutto;Asfaltata;Verticale ed orizzontale;Sereno;Normale;Buona;Ore Diurne;0;0;0;2;12.505;42.0258;-1;1;Autovettura privata;In marcia / fermata / arresto;Conducente;M;Illeso;0;;Non accertato;Inesploso
4172439;20;11/01/2019 07:30:00;Strada Urbana;VIA TIBERINA;da specificare;;;;rampa imm.ne in via Flaminia;Tamponamento;Rettilineo;Una carreggiata a doppio senso;Asciutto;Asfaltata;Verticale ed orizzontale;Sereno;Normale;Buona;Ore Diurne;0;0;0;2;12.505;42.0258;-1;2;Autovettura privata;In marcia / fermata / arresto;Conducente;M;Illeso;0;;Non accertato;Inesploso
4172451;26;08/01/2019 15:10:00;Strada Urbana;VIA DI MONTE TARPEO;all'intersezione con;VIA DELLA CONSOLAZIONE;VIA DELLA CONSOLAZIONE;;;Veicolo in marcia contro ostacolo fisso;Intersezione regolata dal vigile;Una carreggiata a senso unico di marcia;Bagnato (pioggia);Acciotolata;Verticale ed orizzontale;Pioggia in atto;Normale;Buona;Ore Diurne;0;0;0;1;12.4832;41.892;-1;1;Autovettura privata;In marcia / fermata / arresto;Conducente;M;Illeso;0;;Non accertato;
4172453;5;10/01/2019 15:40:00;;NUOVA CIRCONVALLAZIONE INTERNA;da specificare;;;;rampa usc. gall. Monti Tiburtini prov. Salaria;Veicolo in marcia contro ostacolo accidentale;;;;;;;;;;0;0;0;1;12.5275;41.9218;0;1;Autovettura privata;In marcia / fermata / arresto;Conducente;M;Illeso;0;;;
4172459;5;10/01/2019 16:05:00;Strada Urbana;VIA PIER SILVERIO LEICHT;all'intersezione con;VIA CARLO ARTURO JEMOLO;VIA CARLO ARTURO JEMOLO;;;Tamponamento;Incrocio;Una carreggiata a doppio senso;Asciutto;Asfaltata;Verticale ed orizzontale;Sereno;Normale;Buona;Ore Diurne;1;0;0;1;12.5847;41.9493;-1;1;Autovettura privata;In marcia / fermata / arresto;Conducente;M;Illeso;0;;Non accertato;
4172459;5;10/01/2019 16:05:00;Strada Urbana;VIA PIER SILVERIO LEICHT;all'intersezione con;VIA CARLO ARTURO JEMOLO;VIA CARLO ARTURO JEMOLO;;;Tamponamento;Incrocio;Una carreggiata a doppio senso;Asciutto;Asfaltata;Verticale ed orizzontale;Sereno;Normale;Buona;Ore Diurne;1;0;0;1;12.5847;41.9493;-1;2;Autovettura privata;In marcia / fermata / arresto;Conducente;F;Rimandato;0;NON DECEDUTO;Non accertato;
4172459;5;10/01/2019 16:05:00;Strada Urbana;VIA PIER SILVERIO LEICHT;all'intersezione con;VIA CARLO ARTURO JEMOLO;VIA CARLO ARTURO JEMOLO;;;Tamponamento;Incrocio;Una carreggiata a doppio senso;Asciutto;Asfaltata;Verticale ed orizzontale;Sereno;Normale;Buona;Ore Diurne;1;0;0;1;12.5847;41.9493;-1;3;Autovettura privata;Sosta;;;;;;;
4172459;5;10/01/2019 16:05:00;Strada Urbana;VIA PIER SILVERIO LEICHT;all'intersezione con;VIA CARLO ARTURO JEMOLO;VIA CARLO ARTURO JEMOLO;;;Tamponamento;Incrocio;Una carreggiata a doppio senso;Asciutto;Asfaltata;Verticale ed orizzontale;Sereno;Normale;Buona;Ore Diurne;1;0;0;1;12.5847;41.9493;-1;4;Autovettura privata;Sosta;;;;;;;
4172479;13;10/01/2019 08:40:00;Provinciale entro l'abitato;VIA GUIDO CALZA;da specificare;;;;in prossimità via Tor Boacciana;Scontro laterale fra veicoli in marcia;Rettilineo;Una carreggiata a senso unico di marcia;Asciutto;Asfaltata;Orizzontale;Nuvoloso;Normale;Buona;Ore Diurne;0;0;0;2;12.4964;41.9028;-1;1;Autoarticolato;In marcia / fermata / arresto;Conducente;M;Illeso;0;;Non accertato;Inesploso
4172479;13;10/01/2019 08:40:00;Provinciale entro l'abitato;VIA GUIDO CALZA;da specificare;;;;in prossimità via Tor Boacciana;Scontro laterale fra veicoli in marcia;Rettilineo;Una carreggiata a senso unico di marcia;Asciutto;Asfaltata;Orizzontale;Nuvoloso;Normale;Buona;Ore Diurne;0;0;0;2;12.4964;41.9028;-1;2;Autovettura privata;In marcia / fermata / arresto;Conducente;F;Illeso;0;;Non accertato;Inesploso
4172500;4;10/01/2019 18:55:00;Strada Urbana;VIA NOMENTANA;all'intersezione con;VIA JACOPO SANNAZZARO;VIA JACOPO SANNAZZARO;;;Investimento di pedone;Incrocio;Una carreggiata a doppio senso;Asciutto;Asfaltata;Verticale ed orizzontale;Sereno;Normale;Sufficiente;Sufficiente;1;0;0;1;12.5728;41.9579;-1;;;;Pedone;F;Rimandato;0;NON DECEDUTO;;
4172500;4;10/01/2019 18:55:00;Strada Urbana;VIA NOMENTANA;all'intersezione con;VIA JACOPO SANNAZZARO;VIA JACOPO SANNAZZARO;;;Investimento di pedone;Incrocio;Una carreggiata a doppio senso;Asciutto;Asfaltata;Verticale ed orizzontale;Sereno;Normale;Sufficiente;Sufficiente;1;0;0;1;12.5728;41.9579;-1;1;Autovettura privata;In marcia / fermata / arresto;Conducente;M;Illeso;0;;;
4172506;4;10/01/2019 10:30:00;Strada Urbana;VIA DELLE VIGNE NUOVE;da specificare;;;;pross. rampa Viadotto Gronchi (dir. V. Bufalotta);Tamponamento;Rettilineo;Due carreggiate;Asciutto;Asfaltata;Verticale ed orizzontale;Nuvoloso;Normale;Buona;Ore Diurne;0;0;0;2;12.5358;41.9554;-1;1;Motociclo a solo;In marcia / fermata / arresto;Conducente;M;Illeso;0;;;
4172506;4;10/01/2019 10:30:00;Strada Urbana;VIA DELLE VIGNE NUOVE;da specificare;;;;pross. rampa Viadotto Gronchi (dir. V. Bufalotta);Tamponamento;Rettilineo;Due carreggiate;Asciutto;Asfaltata;Verticale ed orizzontale;Nuvoloso;Normale;Buona;Ore Diurne;0;0;0;2;12.5358;41.9554;-1;2;Autovettura privata;In marcia / fermata / arresto;Conducente;F;Illeso;0;;;
4172524;13;10/01/2019 12:20:00;Strada Urbana;VIA PADRE MASSARUTI;in corrispondenza;;del civico n.;105;;Veicolo in marcia contro ostacolo accidentale;Rettilineo;Una carreggiata a doppio senso;Asciutto;Con buche;Assente;Nuvoloso;Normale;Buona;Ore Diurne;0;0;0;2;12.3533;41.7635;-1;1;Autovettura privata;In marcia / fermata / arresto;Conducente;M;Illeso;0;;;
4172524;13;10/01/2019 12:20:00;Strada Urbana;VIA PADRE MASSARUTI;in corrispondenza;;del civico n.;105;;Veicolo in marcia contro ostacolo accidentale;Rettilineo;Una carreggiata a doppio senso;Asciutto;Con buche;Assente;Nuvoloso;Normale;Buona;Ore Diurne;0;0;0;2;12.3533;41.7635;-1;1;Autovettura privata;In marcia / fermata / arresto;Passeggero;F;Illeso;0;;;
4172554;1;11/01/2019 00:05:00;Strada Urbana;VICOLO DI MAZZAMURELLI;in prossimità;;del civico n.;11;;Veicolo in marcia contro veicolo in sosta;Rettilineo;Una carreggiata a senso unico di marcia;Asciutto;Acciotolata;Verticale ed orizzontale;Sereno;Scarso;Sufficiente;Sufficiente;0;0;0;1;12.4731;41.8887;-1;1;Autovettura privata;In marcia / fermata / arresto;Conducente;F;Illeso;0;;Non accertato;
4172554;1;11/01/2019 00:05:00;Strada Urbana;VICOLO DI MAZZAMURELLI;in prossimità;;del civico n.;11;;Veicolo in marcia contro veicolo in sosta;Rettilineo;Una carreggiata a senso unico di marcia;Asciutto;Acciotolata;Verticale ed orizzontale;Sereno;Scarso;Sufficiente;Sufficiente;0;0;0;1;12.4731;41.8887;-1;2;Motociclo a solo;Sosta;;;;;;;
4172558;23;10/01/2019 09:45:00;Comunale extraurbana;VIA CRISTOFORO COLOMBO;all'intersezione semaforizzata con;VIA DI ACILIA;VIA DI ACILIA;;;Tamponamento;Intersezione semaforizzata;Più di due carreggiate;Asciutto;Asfaltata;Verticale ed orizzontale;Sereno;Normale;Buona;Ore Diurne;0;0;0;2;12.3831;41.7653;-1;1;Autovettura privata;In marcia / fermata / arresto;Conducente;M;Illeso;0;;Non accertato;Inesploso
4172558;23;10/01/2019 09:45:00;Comunale extraurbana;VIA CRISTOFORO COLOMBO;all'intersezione semaforizzata con;VIA DI ACILIA;VIA DI ACILIA;;;Tamponamento;Intersezione semaforizzata;Più di due carreggiate;Asciutto;Asfaltata;Verticale ed orizzontale;Sereno;Normale;Buona;Ore Diurne;0;0;0;2;12.3831;41.7653;-1;2;Motociclo a solo;In marcia / fermata / arresto;Conducente;F;Illeso;0;;Utilizzato;
4172570;23;10/01/2019 18:15:00;Strada Urbana;VIA CRISTOFORO COLOMBO;da specificare;;;;pressi Piazza del Lavoro;Infortunio per sola frenata improvvisa;Rettilineo;Più di due carreggiate;Asciutto;Asfaltata;Verticale ed orizzontale;Sereno;Normale;Sufficiente;Sufficiente;1;0;0;0;12.4776;41.8453;-1;1;Motociclo a solo;In marcia / fermata / arresto;Conducente;F;Rifiuta cure immediate;0;NON DECEDUTO;Utilizzato;
4172697;18;11/01/2019 09:30:00;Strada Urbana;VIA DI BOCCEA;da specificare;;;;in prossimità di Via di torrevecchia;Scontro laterale fra veicoli in marcia;Rettilineo;Due carreggiate;Asciutto;Asfaltata;Verticale ed orizzontale;Sereno;Normale;Buona;Ore Diurne;0;0;0;3;12.3994;41.9111;-1;1;Autovettura privata;In marcia / fermata / arresto;Conducente;M;Illeso;0;;Non accertato;Inesploso
4172697;18;11/01/2019 09:30:00;Strada Urbana;VIA DI BOCCEA;da specificare;;;;in prossimità di Via di torrevecchia;Scontro laterale fra veicoli in marcia;Rettilineo;Due carreggiate;Asciutto;Asfaltata;Verticale ed orizzontale;Sereno;Normale;Buona;Ore Diurne;0;0;0;3;12.3994;41.9111;-1;2;Autovettura privata;In marcia / fermata / arresto;Conducente;F;Illeso;0;;Non accertato;Inesploso
4172697;18;11/01/2019 09:30:00;Strada Urbana;VIA DI BOCCEA;da specificare;;;;in prossimità di Via di torrevecchia;Scontro laterale fra veicoli in marcia;Rettilineo;Due carreggiate;Asciutto;Asfaltata;Verticale ed orizzontale;Sereno;Normale;Buona;Ore Diurne;0;0;0;3;12.3994;41.9111;-1;2;Autovettura privata;In marcia / fermata / arresto;Passeggero;F;Illeso;0;;Non accertato;Inesploso
4172738;12;10/01/2019 18:20:00;Strada Urbana;VIA CRISTOFORO COLOMBO;da specificare;;;;laterale altezza palo acea 344;Tamponamento;Rettilineo;Una carreggiata a senso unico di marcia;Asciutto;Asfaltata;Verticale ed orizzontale;Sereno;Intenso;Buona;Sufficiente;2;0;0;0;12.4783;41.8457;-1;1;Autovettura privata;In marcia / fermata / arresto;Conducente;F;Rimandato;0;NON DECEDUTO;Utilizzato;
4172738;12;10/01/2019 18:20:00;Strada Urbana;VIA CRISTOFORO COLOMBO;da specificare;;;;laterale altezza palo acea 344;Tamponamento;Rettilineo;Una carreggiata a senso unico di marcia;Asciutto;Asfaltata;Verticale ed orizzontale;Sereno;Intenso;Buona;Sufficiente;2;0;0;0;12.4783;41.8457;-1;2;Autovettura privata;In marcia / fermata / arresto;Conducente;M;Rimandato;0;NON DECEDUTO;Utilizzato;Inesploso
4172788;2;11/01/2019 01:30:00;Strada Urbana;CORSO DI FRANCIA;da specificare;;;;alt. via Sassi di San Giuliano;Fuoriuscita dalla sede stradale;Rettilineo;Una carreggiata a senso unico di marcia;Asciutto;Asfaltata;Verticale ed orizzontale;Sereno;Scarso;Sufficiente;Sufficiente;0;0;0;1;12.4717;41.9367;-1;1;Autovettura privata;In marcia / fermata / arresto;Conducente;M;Illeso;0;;;
4172834;1;11/01/2019 08:40:00;Strada Urbana;PIAZZA DELLA BOCCA DELLA VERITA';all'intersezione semaforizzata con;VIA DELLA GRECA;VIA DELLA GRECA;;;Investimento di pedone;Intersezione semaforizzata;Una carreggiata a doppio senso;Asciutto;Asfaltata;Verticale ed orizzontale;Sereno;Intenso;Buona;Ore Diurne;1;0;0;1;12.4812;41.8881;-1;;;;Pedone;F;Rimandato;0;NON DECEDUTO;;
4172834;1;11/01/2019 08:40:00;Strada Urbana;PIAZZA DELLA BOCCA DELLA VERITA';all'intersezione semaforizzata con;VIA DELLA GRECA;VIA DELLA GRECA;;;Investimento di pedone;Intersezione semaforizzata;Una carreggiata a doppio senso;Asciutto;Asfaltata;Verticale ed orizzontale;Sereno;Intenso;Buona;Ore Diurne;1;0;0;1;12.4812;41.8881;-1;1;Ciclomotore;In marcia / fermata / arresto;Conducente;M;Illeso;0;;Utilizzato;
4172866;20;11/01/2019 11:15:00;Strada Urbana;VIA CASSIA;all'intersezione semaforizzata con;VIA AL SESTO MIGLIO;VIA AL SESTO MIGLIO;;;Tamponamento;Intersezione semaforizzata;Una carreggiata a doppio senso;Asciutto;Asfaltata;Verticale ed orizzontale;Sereno;Intenso;Buona;Ore Diurne;2;0;0;1;12.4428;41.9691;-1;1;Autovettura privata;In marcia / fermata / arresto;Conducente;F;Illeso;0;;Non accertato;Inesploso
4172866;20;11/01/2019 11:15:00;Strada Urbana;VIA CASSIA;all'intersezione semaforizzata con;VIA AL SESTO MIGLIO;VIA AL SESTO MIGLIO;;;Tamponamento;Intersezione semaforizzata;Una carreggiata a doppio senso;Asciutto;Asfaltata;Verticale ed orizzontale;Sereno;Intenso;Buona;Ore Diurne;2;0;0;1;12.4428;41.9691;-1;2;Motociclo con passeggero;In marcia / fermata / arresto;Conducente;M;Rimandato;0;NON DECEDUTO;Non accertato;
4172866;20;11/01/2019 11:15:00;Strada Urbana;VIA CASSIA;all'intersezione semaforizzata con;VIA AL SESTO MIGLIO;VIA AL SESTO MIGLIO;;;Tamponamento;Intersezione semaforizzata;Una carreggiata a doppio senso;Asciutto;Asfaltata;Verticale ed orizzontale;Sereno;Intenso;Buona;Ore Diurne;2;0;0;1;12.4428;41.9691;-1;2;Motociclo con passeggero;In marcia / fermata / arresto;Passeggero;F;Rimandato;0;NON DECEDUTO;Non accertato;
4172878;1;11/01/2019 07:40:00;Strada Urbana;VIA NICOLA ZABAGLIA;in prossimità;;del civico n.;47;;Scontro frontale/laterale SX fra veicoli in marcia;Rettilineo;Una carreggiata a doppio senso;Asciutto;Asfaltata;Verticale ed orizzontale;Sereno;Scarso;Buona;Ore Diurne;1;0;0;1;12.4776;41.8753;-1;1;Autovettura privata;In marcia / fermata / arresto;Conducente;M;Illeso;0;;Non accertato;Inesploso
4172878;1;11/01/2019 07:40:00;Strada Urbana;VIA NICOLA ZABAGLIA;in prossimità;;del civico n.;47;;Scontro frontale/laterale SX fra veicoli in marcia;Rettilineo;Una carreggiata a doppio senso;Asciutto;Asfaltata;Verticale ed orizzontale;Sereno;Scarso;Buona;Ore Diurne;1;0;0;1;12.4776;41.8753;-1;2;Motociclo a solo;In marcia / fermata / arresto;Conducente;M;Rifiuta cure immediate;0;NON DECEDUTO;Non accertato;
4172896;1;11/01/2019 09:00:00;Strada Urbana;VIA ALDO MANUZIO;all'intersezione con;LARGO GIOVANNI BATTISTA MARZI;LARGO GIOVANNI BATTISTA MARZI;;;Investimento di pedone;Incrocio;Una carreggiata a doppio senso;Asciutto;Asfaltata;Verticale ed orizzontale;Sereno;Normale;Buona;Ore Diurne;1;0;0;1;12.4746;41.8783;-1;;;;Pedone;M;Rimandato;0;NON DECEDUTO;;
4172896;1;11/01/2019 09:00:00;Strada Urbana;VIA ALDO MANUZIO;all'intersezione con;LARGO GIOVANNI BATTISTA MARZI;LARGO GIOVANNI BATTISTA MARZI;;;Investimento di pedone;Incrocio;Una carreggiata a doppio senso;Asciutto;Asfaltata;Verticale ed orizzontale;Sereno;Normale;Buona;Ore Diurne;1;0;0;1;12.4746;41.8783;-1;1;Motociclo a solo;In marcia / fermata / arresto;Conducente;M;Illeso;0;;;
4172931;1;11/01/2019 08:45:00;Strada Urbana;VIA DELLA VITE;all'intersezione con;VIA MARIO DE FIORI;VIA MARIO DE FIORI;;;Scontro frontale/laterale DX fra veicoli in marcia;Incrocio;Una carreggiata a senso unico di marcia;Asciutto;In cubetti di porfido;Assente;Sereno;Scarso;Buona;Ore Diurne;0;0;0;3;12.482;41.904;-1;1;Autovettura privata;In marcia / fermata / arresto;Conducente;M;Illeso;0;;Non accertato;
4172931;1;11/01/2019 08:45:00;Strada Urbana;VIA DELLA VITE;all'intersezione con;VIA MARIO DE FIORI;VIA MARIO DE FIORI;;;Scontro frontale/laterale DX fra veicoli in marcia;Incrocio;Una carreggiata a senso unico di marcia;Asciutto;In cubetti di porfido;Assente;Sereno;Scarso;Buona;Ore Diurne;0;0;0;3;12.482;41.904;-1;1;Autovettura privata;In marcia / fermata / arresto;Passeggero;F;Illeso;0;;Non accertato;
4172931;1;11/01/2019 08:45:00;Strada Urbana;VIA DELLA VITE;all'intersezione con;VIA MARIO DE FIORI;VIA MARIO DE FIORI;;;Scontro frontale/laterale DX fra veicoli in marcia;Incrocio;Una carreggiata a senso unico di marcia;Asciutto;In cubetti di porfido;Assente;Sereno;Scarso;Buona;Ore Diurne;0;0;0;3;12.482;41.904;-1;2;Autovettura di polizia;In marcia / fermata / arresto;Conducente;M;Illeso;0;;Non accertato;
4173046;16;10/01/2019 08:05:00;Strada Urbana;VIA AURELIA ANTICA;in prossimità;;del civico n.;403;;Scontro frontale/laterale DX fra veicoli in marcia;Rettilineo;Una carreggiata a doppio senso;Asciutto;Asfaltata;Verticale ed orizzontale;Sereno;Intenso;Buona;Ore Diurne;1;0;0;1;12.4261;41.8902;-1;1;Motociclo a solo;In marcia / fermata / arresto;Conducente;M;Rimandato;0;NON DECEDUTO;Utilizzato;
4173046;16;10/01/2019 08:05:00;Strada Urbana;VIA AURELIA ANTICA;in prossimità;;del civico n.;403;;Scontro frontale/laterale DX fra veicoli in marcia;Rettilineo;Una carreggiata a doppio senso;Asciutto;Asfaltata;Verticale ed orizzontale;Sereno;Intenso;Buona;Ore Diurne;1;0;0;1;12.4261;41.8902;-1;2;Autovettura privata;In marcia / fermata / arresto;Conducente;M;Illeso;0;;Non accertato;Inesploso
4173058;16;10/01/2019 13:45:00;Strada Urbana;VIA FRATELLI BONNET;all'intersezione con;VIALE DELLE MURA GIANICOLENSI;VIALE DELLE MURA GIANICOLENSI;;;Infortunio per sola frenata improvvisa;Incrocio;Due carreggiate;Asciutto;Asfaltata;Verticale ed orizzontale;Sereno;Normale;Buona;Ore Diurne;1;0;0;2;12.4601;41.8852;-1;1;Autobus urbano;In marcia / fermata / arresto;Conducente;M;Illeso;0;;Non accertato;
4173058;16;10/01/2019 13:45:00;Strada Urbana;VIA FRATELLI BONNET;all'intersezione con;VIALE DELLE MURA GIANICOLENSI;VIALE DELLE MURA GIANICOLENSI;;;Infortunio per sola frenata improvvisa;Incrocio;Due carreggiate;Asciutto;Asfaltata;Verticale ed orizzontale;Sereno;Normale;Buona;Ore Diurne;1;0;0;2;12.4601;41.8852;-1;1;Autobus urbano;In marcia / fermata / arresto;Passeggero;F;Rimandato;0;NON DECEDUTO;Non accertato;
4173058;16;10/01/2019 13:45:00;Strada Urbana;VIA FRATELLI BONNET;all'intersezione con;VIALE DELLE MURA GIANICOLENSI;VIALE DELLE MURA GIANICOLENSI;;;Infortunio per sola frenata improvvisa;Incrocio;Due carreggiate;Asciutto;Asfaltata;Verticale ed orizzontale;Sereno;Normale;Buona;Ore Diurne;1;0;0;2;12.4601;41.8852;-1;2;Autovettura privata;In marcia / fermata / arresto;Conducente;M;Illeso;0;;Non accertato;
4173074;16;10/01/2019 16:00:00;Strada Urbana;PIAZZA IPPOLITO NIEVO;all'intersezione con;VIA IPPOLITO NIEVO;VIA IPPOLITO NIEVO;;;Scontro laterale fra veicoli in marcia;Intersezione semaforizzata;Più di due carreggiate;Asciutto;Asfaltata;Verticale;Sereno;Normale;Buona;Ore Diurne;0;0;0;2;12.4667;41.8802;-1;1;Autovettura privata;In marcia / fermata / arresto;Conducente;M;Illeso;0;;Non accertato;
4173074;16;10/01/2019 16:00:00;Strada Urbana;PIAZZA IPPOLITO NIEVO;all'intersezione con;VIA IPPOLITO NIEVO;VIA IPPOLITO NIEVO;;;Scontro laterale fra veicoli in marcia;Intersezione semaforizzata;Più di due carreggiate;Asciutto;Asfaltata;Verticale;Sereno;Normale;Buona;Ore Diurne;0;0;0;2;12.4667;41.8802;-1;2;Autoambulanza;In marcia / fermata / arresto;Conducente;M;Illeso;0;;Non accertato;
4173098;9;11/01/2019 09:55:00;Strada Urbana;VIALE CASTRENSE;da specificare;;;;fronte civico 9 (direzione centro);Tamponamento;Rettilineo;Due carreggiate;Asciutto;Asfaltata;Verticale ed orizzontale;Sereno;Intenso;Buona;Ore Diurne;0;0;0;2;12.5169;41.8875;-1;1;Autovettura privata;In marcia / fermata / arresto;Conducente;M;Illeso;0;;Non accertato;Inesploso
4173098;9;11/01/2019 09:55:00;Strada Urbana;VIALE CASTRENSE;da specificare;;;;fronte civico 9 (direzione centro);Tamponamento;Rettilineo;Due carreggiate;Asciutto;Asfaltata;Verticale ed orizzontale;Sereno;Intenso;Buona;Ore Diurne;0;0;0;2;12.5169;41.8875;-1;2;Autovettura privata;In marcia / fermata / arresto;Conducente;F;Illeso;0;;Non accertato;Inesploso
4173101;9;11/01/2019 10:40:00;;VIA DELLE CAVE;da specificare;;;;fronte civico 124;Scontro laterale fra veicoli in marcia;;;;;;;;;;1;0;0;1;12.5304;41.8717;0;1;Autovettura privata;In marcia / fermata / arresto;Conducente;M;Illeso;0;;Non accertato;Inesploso
4173101;9;11/01/2019 10:40:00;;VIA DELLE CAVE;da specificare;;;;fronte civico 124;Scontro laterale fra veicoli in marcia;;;;;;;;;;1;0;0;1;12.5304;41.8717;0;2;Autovettura privata;In marcia / fermata / arresto;Conducente;M;Rimandato;0;NON DECEDUTO;Non accertato;Inesploso
4173136;18;11/01/2019 11:20:00;Strada Urbana;VIA BALDO DEGLI UBALDI;in corrispondenza;;del civico n.;118;;Scontro frontale/laterale DX fra veicoli in marcia;Rettilineo;Due carreggiate;Asciutto;Asfaltata;Verticale ed orizzontale;Sereno;Normale;Buona;Ore Diurne;1;0;0;1;12.4338;41.8991;-1;1;Autovettura privata;In marcia / fermata / arresto;Conducente;M;Illeso;0;;Non accertato;Inesploso
4173136;18;11/01/2019 11:20:00;Strada Urbana;VIA BALDO DEGLI UBALDI;in corrispondenza;;del civico n.;118;;Scontro frontale/laterale DX fra veicoli in marcia;Rettilineo;Due carreggiate;Asciutto;Asfaltata;Verticale ed orizzontale;Sereno;Normale;Buona;Ore Diurne;1;0;0;1;12.4338;41.8991;-1;2;Motociclo a solo;In marcia / fermata / arresto;Conducente;M;Rimandato;0;NON DECEDUTO;Non accertato;
4173302;10;11/01/2019 14:50:00;Strada Urbana;VIA DELLE CAPANNELLE;in prossimità;;del civico n.;112;;Scontro laterale fra veicoli in marcia;Rettilineo;Una carreggiata a doppio senso;Asciutto;Asfaltata;Orizzontale;Sereno;Normale;Buona;Ore Diurne;0;0;0;2;12.57;41.8347;-1;1;Autovettura privata;In marcia / fermata / arresto;Conducente;M;Illeso;0;;Non accertato;Inesploso
4173302;10;11/01/2019 14:50:00;Strada Urbana;VIA DELLE CAPANNELLE;in prossimità;;del civico n.;112;;Scontro laterale fra veicoli in marcia;Rettilineo;Una carreggiata a doppio senso;Asciutto;Asfaltata;Orizzontale;Sereno;Normale;Buona;Ore Diurne;0;0;0;2;12.57;41.8347;-1;2;Autovettura privata;In marcia / fermata / arresto;Conducente;M;Illeso;0;;Non accertato;Inesploso
4173307;7;11/01/2019 15:00:00;Strada Urbana;VIALE PALMIRO TOGLIATTI;in prossimità;;del palo luce n.;136;;Investimento di pedone;Rettilineo;Due carreggiate;Asciutto;Asfaltata;Verticale ed orizzontale;Sereno;Intenso;Buona;Ore Diurne;1;0;0;1;12.5733;41.8872;-1;;;;Pedone;M;Rimandato;0;NON DECEDUTO;;
4173307;7;11/01/2019 15:00:00;Strada Urbana;VIALE PALMIRO TOGLIATTI;in prossimità;;del palo luce n.;136;;Investimento di pedone;Rettilineo;Due carreggiate;Asciutto;Asfaltata;Verticale ed orizzontale;Sereno;Intenso;Buona;Ore Diurne;1;0;0;1;12.5733;41.8872;-1;1;Autovettura privata;In marcia / fermata / arresto;Conducente;M;Illeso;0;;Non accertato;Inesploso
4173323;10;11/01/2019 14:51:00;Strada Urbana;VIA DELLE CAPANNELLE;da specificare;;;;in prossimità di via della Stazione di Capannelle;Tamponamento;Rettilineo;Una carreggiata a doppio senso;Asciutto;Asfaltata;Orizzontale;Sereno;Normale;Buona;Ore Diurne;1;0;0;1;12.568;41.8312;-1;1;Autovettura privata;In marcia / fermata / arresto;Conducente;M;Illeso;0;;Non accertato;Inesploso