Protocollo;Gruppo;DataOraIncidente;Localizzazione1;STRADA1;Localizzazione2;STRADA2;Strada02;Chilometrica;DaSpecificare;NaturaIncidente;particolaritastrade;TipoStrada;FondoStradale;Pavimentazione;Segnaletica;CondizioneAtmosferica;Traffico;Visibilita;Illuminazione;NUM_FERITI;NUM_RISERVATA;NUM_MORTI;NUM_ILLESI;Longitudine;Latitudine;Confermato;Progressivo;TipoVeicolo;StatoVeicolo;TipoPersona;Sesso;Tipolesione;Deceduto;DecedutoDopo;CinturaCascoUtilizzato;Airbag;
4174351;6;11/01/2019 17:45:00;Strada Urbana;VIA AUGUSTO DULCERI;in prossimità;;del civico n.;178;;Veicolo in marcia contro veicolo in sosta;Rettilineo;Una carreggiata a senso unico di marcia;Asciutto;Asfaltata;Verticale ed orizzontale;Sereno;Normale;Sufficiente;Sufficiente;0;0;0;3;12.541;41.8838;-1;1;Autovettura privata;In marcia / fermata / arresto;Conducente;F;Illeso;0;;;
4174351;6;11/01/2019 17:45:00;Strada Urbana;VIA AUGUSTO DULCERI;in prossimità;;del civico n.;178;;Veicolo in marcia contro veicolo in sosta;Rettilineo;Una carreggiata a senso unico di marcia;Asciutto;Asfaltata;Verticale ed orizzontale;Sereno;Normale;Sufficiente;Sufficiente;0;0;0;3;12.541;41.8838;-1;1;Autovettura privata;In marcia / fermata / arresto;Passeggero;F;Illeso;0;;;
4174351;6;11/01/2019 17:45:00;Strada Urbana;VIA AUGUSTO DULCERI;in prossimità;;del civico n.;178;;Veicolo in marcia contro veicolo in sosta;Rettilineo;Una carreggiata a senso unico di marcia;Asciutto;Asfaltata;Verticale ed orizzontale;Sereno;Normale;Sufficiente;Sufficiente;0;0;0;3;12.541;41.8838;-1;2;Autocarro inferiore 35 q.;Sosta;Passeggero;M;Illeso;0;;;
4174414;6;12/01/2019 01:10:00;Strada Urbana;VIA TUSCOLANA;in corrispondenza;;del civico n.;501;;Veicolo in marcia contro veicolo in sosta;Rettilineo;Due carreggiate;Asciutto;Asfaltata;Verticale ed orizzontale;Sereno;Scarso;Buona;Sufficiente;1;0;0;0;12.5398;41.8681;-1;1;Autovettura privata;In marcia / fermata / arresto;Conducente;F;Rimandato;0;NON DECEDUTO;;
4174414;6;12/01/2019 01:10:00;Strada Urbana;VIA TUSCOLANA;in corrispondenza;;del civico n.;501;;Veicolo in marcia contro veicolo in sosta;Rettilineo;Due carreggiate;Asciutto;Asfaltata;Verticale ed orizzontale;Sereno;Scarso;Buona;Sufficiente;1;0;0;0;12.5398;41.8681;-1;2;Autovettura privata;Sosta;;;;;;;
4174423;1;12/01/2019 09:55:00;Strada Urbana;LUNGOTEVERE DEI VALLATI;in corrispondenza;;del civico n.;10;;Scontro laterale fra veicoli in marcia;Rettilineo;Una carreggiata a senso unico di marcia;Asciutto;Asfaltata;Verticale ed orizzontale;Sereno;Normale;Buona;Ore Diurne;0;0;0;3;12.4718;41.8924;-1;1;Autovettura di polizia;In marcia / fermata / arresto;Conducente;M;Illeso;0;;Non accertato;Inesploso
4174423;1;12/01/2019 09:55:00;Strada Urbana;LUNGOTEVERE DEI VALLATI;in corrispondenza;;del civico n.;10;;Scontro laterale fra veicoli in marcia;Rettilineo;Una carreggiata a senso unico di marcia;Asciutto;Asfaltata;Verticale ed orizzontale;Sereno;Normale;Buona;Ore Diurne;0;0;0;3;12.4718;41.8924;-1;1;Autovettura di polizia;In marcia / fermata / arresto;Passeggero;M;Illeso;0;;Non accertato;Inesploso
4174423;1;12/01/2019 09:55:00;Strada Urbana;LUNGOTEVERE DEI VALLATI;in corrispondenza;;del civico n.;10;;Scontro laterale fra veicoli in marcia;Rettilineo;Una carreggiata a senso unico di marcia;Asciutto;Asfaltata;Verticale ed orizzontale;Sereno;Normale;Buona;Ore Diurne;0;0;0;3;12.4718;41.8924;-1;2;Motociclo a solo;In marcia / fermata / arresto;Conducente;F;Illeso;0;;Non accertato;
4174428;1;12/01/2019 09:30:00;Strada Urbana;VIA CARLO ALBERTO;in prossimità;;del civico n.;2 E;;Scontro laterale fra veicoli in marcia;Rettilineo;Una carreggiata a doppio senso;Asciutto;In cubetti di porfido;Verticale ed orizzontale;Sereno;Scarso;Buona;Ore Diurne;0;0;0;2;12.5002;41.8968;-1;1;Autovettura privata;In marcia / fermata / arresto;Conducente;F;Illeso;0;;;
4174428;1;12/01/2019 09:30:00;Strada Urbana;VIA CARLO ALBERTO;in prossimità;;del civico n.;2 E;;Scontro laterale fra veicoli in marcia;Rettilineo;Una carreggiata a doppio senso;Asciutto;In cubetti di porfido;Verticale ed orizzontale;Sereno;Scarso;Buona;Ore Diurne;0;0;0;2;12.5002;41.8968;-1;2;Motociclo a solo;In marcia / fermata / arresto;Conducente;M;Illeso;0;;;
4174434;6;12/01/2019 05:50:00;Strada Urbana;VIA PRENESTINA;all'intersezione con;VIALE TELESE;VIALE TELESE;;;Scontro laterale fra veicoli in marcia;Incrocio;Più di due carreggiate;Asciutto;Asfaltata;Verticale ed orizzontale;Sereno;Scarso;Sufficiente;Sufficiente;3;0;0;0;12.5468;41.8931;-1;1;Autovettura privata;In marcia / fermata / arresto;Conducente;M;Rimandato;0;NON DECEDUTO;Non accertato;Inesploso
4174434;6;12/01/2019 05:50:00;Strada Urbana;VIA PRENESTINA;all'intersezione con;VIALE TELESE;VIALE TELESE;;;Scontro laterale fra veicoli in marcia;Incrocio;Più di due carreggiate;Asciutto;Asfaltata;Verticale ed orizzontale;Sereno;Scarso;Sufficiente;Sufficiente;3;0;0;0;12.5468;41.8931;-1;2;Autovettura privata;In marcia / fermata / arresto;Conducente;F;Rimandato;0;NON DECEDUTO;Non accertato;Esploso
4174434;6;12/01/2019 05:50:00;Strada Urbana;VIA PRENESTINA;all'intersezione con;VIALE TELESE;VIALE TELESE;;;Scontro laterale fra veicoli in marcia;Incrocio;Più di due carreggiate;Asciutto;Asfaltata;Verticale ed orizzontale;Sereno;Scarso;Sufficiente;Sufficiente;3;0;0;0;12.5468;41.8931;-1;2;Autovettura privata;In marcia / fermata / arresto;Passeggero;F;Rimandato;0;NON DECEDUTO;Non accertato;Esploso
4174448;6;12/01/2019 08:30:00;Strada Urbana;VIA PRENESTINA;in corrispondenza;;del civico n.;60;;Veicolo in marcia contro veicolo in sosta;Rettilineo;Più di due carreggiate;Asciutto;Asfaltata;Orizzontale;Sereno;Normale;Buona;Ore Diurne;0;0;0;1;12.5222;41.8912;-1;1;Autovettura privata;In marcia / fermata / arresto;Conducente;M;Illeso;0;;Non accertato;Inesploso
4174448;6;12/01/2019 08:30:00;Strada Urbana;VIA PRENESTINA;in corrispondenza;;del civico n.;60;;Veicolo in marcia contro veicolo in sosta;Rettilineo;Più di due carreggiate;Asciutto;Asfaltata;Orizzontale;Sereno;Normale;Buona;Ore Diurne;0;0;0;1;12.5222;41.8912;-1;2;Autovettura privata;Sosta;;;;;;;
4174460;6;12/01/2019 10:40:00;Strada Urbana;VIA CASILINA;all'intersezione con;VIA LEONARDO BUFALINI;VIA LEONARDO BUFALINI;;;Scontro laterale fra veicoli in marcia;Incrocio;Più di due carreggiate;Asciutto;Asfaltata;Verticale ed orizzontale;Sereno;Normale;Buona;Ore Diurne;0;0;0;5;12.5387;41.8815;-1;1;Autovettura privata;In marcia / fermata / arresto;Conducente;M;Illeso;0;;;Inesploso
4174460;6;12/01/2019 10:40:00;Strada Urbana;VIA CASILINA;all'intersezione con;VIA LEONARDO BUFALINI;VIA LEONARDO BUFALINI;;;Scontro laterale fra veicoli in marcia;Incrocio;Più di due carreggiate;Asciutto;Asfaltata;Verticale ed orizzontale;Sereno;Normale;Buona;Ore Diurne;0;0;0;5;12.5387;41.8815;-1;1;Autovettura privata;In marcia / fermata / arresto;Passeggero;F;Illeso;0;;;
4174460;6;12/01/2019 10:40:00;Strada Urbana;VIA CASILINA;all'intersezione con;VIA LEONARDO BUFALINI;VIA LEONARDO BUFALINI;;;Scontro laterale fra veicoli in marcia;Incrocio;Più di due carreggiate;Asciutto;Asfaltata;Verticale ed orizzontale;Sereno;Normale;Buona;Ore Diurne;0;0;0;5;12.5387;41.8815;-1;1;Autovettura privata;In marcia / fermata / arresto;Passeggero;F;Illeso;0;;;
4174460;6;12/01/2019 10:40:00;Strada Urbana;VIA CASILINA;all'intersezione con;VIA LEONARDO BUFALINI;VIA LEONARDO BUFALINI;;;Scontro laterale fra veicoli in marcia;Incrocio;Più di due carreggiate;Asciutto;Asfaltata;Verticale ed orizzontale;Sereno;Normale;Buona;Ore Diurne;0;0;0;5;12.5387;41.8815;-1;1;Autovettura privata;In marcia / fermata / arresto;Passeggero;M;Illeso;0;;;
4174460;6;12/01/2019 10:40:00;Strada Urbana;VIA CASILINA;all'intersezione con;VIA LEONARDO BUFALINI;VIA LEONARDO BUFALINI;;;Scontro laterale fra veicoli in marcia;Incrocio;Più di due carreggiate;Asciutto;Asfaltata;Verticale ed orizzontale;Sereno;Normale;Buona;Ore Diurne;0;0;0;5;12.5387;41.8815;-1;2;Autovettura privata;In marcia / fermata / arresto;Conducente;M;Illeso;0;;;
4174506;2;11/01/2019 09:40:00;Strada Urbana;VIA LUISA DI SAVOIA;in prossimità;;del civico n.;12/A;;Veicolo in marcia contro veicolo arresto;Rettilineo;Una carreggiata a doppio senso;Asciutto;Asfaltata;Verticale ed orizzontale;Sereno;Normale;Buona;Ore Diurne;1;0;0;1;12.4738;41.9113;-1;1;Motociclo a solo;In marcia / fermata / arresto;Conducente;M;Rifiuta cure immediate;0;NON DECEDUTO;Non accertato;
4174506;2;11/01/2019 09:40:00;Strada Urbana;VIA LUISA DI SAVOIA;in prossimità;;del civico n.;12/A;;Veicolo in marcia contro veicolo arresto;Rettilineo;Una carreggiata a doppio senso;Asciutto;Asfaltata;Verticale ed orizzontale;Sereno;Normale;Buona;Ore Diurne;1;0;0;1;12.4738;41.9113;-1;2;Autovettura privata;In marcia / fermata / arresto;Conducente;M;Illeso;0;;Non accertato;Inesploso
4174514;2;11/01/2019 09:50:00;Strada Urbana;VIA SALARIA;in prossimità;;del civico n.;267;;Scontro laterale fra veicoli in marcia;Rettilineo;Una carreggiata a doppio senso;Asciutto;Asfaltata;Verticale ed orizzontale;Sereno;Normale;Buona;Ore Diurne;0;0;0;3;12.5023;41.9262;-1;1;Autovettura privata;In marcia / fermata / arresto;Conducente;M;Illeso;0;;Non accertato;Inesploso
4174514;2;11/01/2019 09:50:00;Strada Urbana;VIA SALARIA;in prossimità;;del civico n.;267;;Scontro laterale fra veicoli in marcia;Rettilineo;Una carreggiata a doppio senso;Asciutto;Asfaltata;Verticale ed orizzontale;Sereno;Normale;Buona;Ore Diurne;0;0;0;3;12.5023;41.9262;-1;1;Autovettura privata;In marcia / fermata / arresto;Passeggero;F;Illeso;0;;Non accertato;Inesploso
4174514;2;11/01/2019 09:50:00;Strada Urbana;VIA SALARIA;in prossimità;;del civico n.;267;;Scontro laterale fra veicoli in marcia;Rettilineo;Una carreggiata a doppio senso;Asciutto;Asfaltata;Verticale ed orizzontale;Sereno;Normale;Buona;Ore Diurne;0;0;0;3;12.5023;41.9262;-1;2;Autovettura privata;In marcia / fermata / arresto;Conducente;M;Illeso;0;;Non accertato;Inesploso
4174521;2;11/01/2019 13:40:00;Strada Urbana;VIALE ETIOPIA;da specificare;;;;fronte Via Endertà;Tamponamento;Rettilineo;Due carreggiate;Asciutto;Asfaltata;Verticale ed orizzontale;Sereno;Normale;Buona;Ore Diurne;0;0;0;6;12.5253;41.9302;-1;1;Autovettura privata;In marcia / fermata / arresto;Conducente;M;Illeso;0;;Non accertato;Inesploso
4174521;2;11/01/2019 13:40:00;Strada Urbana;VIALE ETIOPIA;da specificare;;;;fronte Via Endertà;Tamponamento;Rettilineo;Due carreggiate;Asciutto;Asfaltata;Verticale ed orizzontale;Sereno;Normale;Buona;Ore Diurne;0;0;0;6;12.5253;41.9302;-1;1;Autovettura privata;In marcia / fermata / arresto;Passeggero;M;Illeso;0;;Non accertato;Inesploso
4174521;2;11/01/2019 13:40:00;Strada Urbana;VIALE ETIOPIA;da specificare;;;;fronte Via Endertà;Tamponamento;Rettilineo;Due carreggiate;Asciutto;Asfaltata;Verticale ed orizzontale;Sereno;Normale;Buona;Ore Diurne;0;0;0;6;12.5253;41.9302;-1;2;Autovettura privata;In marcia / fermata / arresto;Conducente;M;Illeso;0;;Non accertato;Inesploso
4174521;2;11/01/2019 13:40:00;Strada Urbana;VIALE ETIOPIA;da specificare;;;;fronte Via Endertà;Tamponamento;Rettilineo;Due carreggiate;Asciutto;Asfaltata;Verticale ed orizzontale;Sereno;Normale;Buona;Ore Diurne;0;0;0;6;12.5253;41.9302;-1;2;Autovettura privata;In marcia / fermata / arresto;Passeggero;M;Illeso;0;;Non accertato;Inesploso
4174521;2;11/01/2019 13:40:00;Strada Urbana;VIALE ETIOPIA;da specificare;;;;fronte Via Endertà;Tamponamento;Rettilineo;Due carreggiate;Asciutto;Asfaltata;Verticale ed orizzontale;Sereno;Normale;Buona;Ore Diurne;0;0;0;6;12.5253;41.9302;-1;2;Autovettura privata;In marcia / fermata / arresto;Passeggero;M;Illeso;0;;Non accertato;Inesploso
4174521;2;11/01/2019 13:40:00;Strada Urbana;VIALE ETIOPIA;da specificare;;;;fronte Via Endertà;Tamponamento;Rettilineo;Due carreggiate;Asciutto;Asfaltata;Verticale ed orizzontale;Sereno;Normale;Buona;Ore Diurne;0;0;0;6;12.5253;41.9302;-1;2;Autovettura privata;In marcia / fermata / arresto;Passeggero;M;Illeso;0;;Non accertato;Inesploso
4174532;2;11/01/2019 14:28:00;Strada Urbana;PIAZZALE DELLE BELLE ARTI;da specificare;;;;ALT. LGT. DELLE NAVI;Scontro laterale fra veicoli in marcia;Rettilineo;Una carreggiata a senso unico di marcia;Asciutto;Asfaltata;Verticale ed orizzontale;Sereno;Intenso;Buona;Ore Diurne;0;0;0;3;12.4724;41.9188;-1;1;Motociclo a solo;In marcia / fermata / arresto;Conducente;M;Illeso;0;;Non accertato;
4174532;2;11/01/2019 14:28:00;Strada Urbana;PIAZZALE DELLE BELLE ARTI;da specificare;;;;ALT. LGT. DELLE NAVI;Scontro laterale fra veicoli in marcia;Rettilineo;Una carreggiata a senso unico di marcia;Asciutto;Asfaltata;Verticale ed orizzontale;Sereno;Intenso;Buona;Ore Diurne;0;0;0;3;12.4724;41.9188;-1;2;Autovettura privata;In marcia / fermata / arresto;Conducente;M;Illeso;0;;Non accertato;Inesploso
4174532;2;11/01/2019 14:28:00;Strada Urbana;PIAZZALE DELLE BELLE ARTI;da specificare;;;;ALT. LGT. DELLE NAVI;Scontro laterale fra veicoli in marcia;Rettilineo;Una carreggiata a senso unico di marcia;Asciutto;Asfaltata;Verticale ed orizzontale;Sereno;Intenso;Buona;Ore Diurne;0;0;0;3;12.4724;41.9188;-1;2;Autovettura privata;In marcia / fermata / arresto;Passeggero;F;Illeso;0;;Non accertato;Inesploso
4174540;2;11/01/2019 17:50:00;Strada Urbana;PIAZZA EUCLIDE;all'intersezione semaforizzata con;VIA FILIPPO CIVININI;VIA FILIPPO CIVININI;;;Scontro laterale fra veicoli in marcia;Intersezione semaforizzata;Una carreggiata a senso unico di marcia;Asciutto;Asfaltata;Verticale ed orizzontale;Sereno;Intenso;Buona;Ore Diurne;0;0;0;2;12.4813;41.9267;-1;1;Autovettura privata;In marcia / fermata / arresto;Conducente;F;Illeso;0;;;
4174540;2;11/01/2019 17:50:00;Strada Urbana;PIAZZA EUCLIDE;all'intersezione semaforizzata con;VIA FILIPPO CIVININI;VIA FILIPPO CIVININI;;;Scontro laterale fra veicoli in marcia;Intersezione semaforizzata;Una carreggiata a senso unico di marcia;Asciutto;Asfaltata;Verticale ed orizzontale;Sereno;Intenso;Buona;Ore Diurne;0;0;0;2;12.4813;41.9267;-1;2;Autovettura privata;In marcia / fermata / arresto;Conducente;M;Illeso;0;;;
4174544;2;11/01/2019 19:00:00;Strada Urbana;VIALE DEL MURO TORTO;da specificare;;;;prossimità fronte Piazza del Popolo;Tamponamento;Rettilineo;Una carreggiata a doppio senso;Asciutto;Asfaltata;Verticale ed orizzontale;Sereno;Normale;Buona;Sufficiente;0;0;0;2;12.4817;41.9107;-1;1;Autovettura privata;In marcia / fermata / arresto;Conducente;F;Illeso;0;;Non accertato;Inesploso
4174544;2;11/01/2019 19:00:00;Strada Urbana;VIALE DEL MURO TORTO;da specificare;;;;prossimità fronte Piazza del Popolo;Tamponamento;Rettilineo;Una carreggiata a doppio senso;Asciutto;Asfaltata;Verticale ed orizzontale;Sereno;Normale;Buona;Sufficiente;0;0;0;2;12.4817;41.9107;-1;2;Autovettura privata;In marcia / fermata / arresto;Conducente;F;Illeso;0;;Non accertato;Inesploso
4174559;2;11/01/2019 19:05:00;Strada Urbana;LARGO SOMALIA;in prossimità;;del civico n.;69;;Investimento di pedone;Rettilineo;Una carreggiata a doppio senso;Asciutto;Asfaltata;Verticale ed orizzontale;Sereno;Normale;Sufficiente;Sufficiente;1;0;0;1;12.5145;41.9359;-1;;;;Pedone;F;Rimandato;0;NON DECEDUTO;;
4174559;2;11/01/2019 19:05:00;Strada Urbana;LARGO SOMALIA;in prossimità;;del civico n.;69;;Investimento di pedone;Rettilineo;Una carreggiata a doppio senso;Asciutto;Asfaltata;Verticale ed orizzontale;Sereno;Normale;Sufficiente;Sufficiente;1;0;0;1;12.5145;41.9359;-1;1;Autovettura privata;In marcia / fermata / arresto;Conducente;M;Illeso;0;;;
4174575;2;12/01/2019 04:50:00;Strada Urbana;VIA DI TOR FIORENZA;da specificare;;;;in prossimità di Via Salaria;Veicolo in marcia contro veicoli in sosta;Rettilineo;Una carreggiata a senso unico di marcia;Asciutto;Asfaltata;Verticale ed orizzontale;Sereno;Scarso;Insufficiente;Sufficiente;1;0;0;1;12.5092;41.9305;-1;1;Autovettura privata;In marcia / fermata / arresto;Conducente;M;Illeso;0;;;
4174575;2;12/01/2019 04:50:00;Strada Urbana;VIA DI TOR FIORENZA;da specificare;;;;in prossimità di Via Salaria;Veicolo in marcia contro veicoli in sosta;Rettilineo;Una carreggiata a senso unico di marcia;Asciutto;Asfaltata;Verticale ed orizzontale;Sereno;Scarso;Insufficiente;Sufficiente;1;0;0;1;12.5092;41.9305;-1;1;Autovettura privata;In marcia / fermata / arresto;Passeggero;M;Ricoverato;0;NON DECEDUTO;;
4174575;2;12/01/2019 04:50:00;Strada Urbana;VIA DI TOR FIORENZA;da specificare;;;;in prossimità di Via Salaria;Veicolo in marcia contro veicoli in sosta;Rettilineo;Una carreggiata a senso unico di marcia;Asciutto;Asfaltata;Verticale ed orizzontale;Sereno;Scarso;Insufficiente;Sufficiente;1;0;0;1;12.5092;41.9305;-1;2;Autovettura privata;Sosta;;;;;;;
4174575;2;12/01/2019 04:50:00;Strada Urbana;VIA DI TOR FIORENZA;da specificare;;;;in prossimità di Via Salaria;Veicolo in marcia contro veicoli in sosta;Rettilineo;Una carreggiata a senso unico di marcia;Asciutto;Asfaltata;Verticale ed orizzontale;Sereno;Scarso;Insufficiente;Sufficiente;1;0;0;1;12.5092;41.9305;-1;3;Autovettura privata;Sosta;;;;;;;
4174575;2;12/01/2019 04:50:00;Strada Urbana;VIA DI TOR FIORENZA;da specificare;;;;in prossimità di Via Salaria;Veicolo in marcia contro veicoli in sosta;Rettilineo;Una carreggiata a senso unico di marcia;Asciutto;Asfaltata;Verticale ed orizzontale;Sereno;Scarso;Insufficiente;Sufficiente;1;0;0;1;12.5092;41.9305;-1;4;Autovettura privata;Sosta;;;;;;;
4174575;2;12/01/2019 04:50:00;Strada Urbana;VIA DI TOR FIORENZA;da specificare;;;;in prossimità di Via Salaria;Veicolo in marcia contro veicoli in sosta;Rettilineo;Una carreggiata a senso unico di marcia;Asciutto;Asfaltata;Verticale ed orizzontale;Sereno;Scarso;Insufficiente;Sufficiente;1;0;0;1;12.5092;41.9305;-1;5;Autovettura privata;Sosta;;;;;;;
4174575;2;12/01/2019 04:50:00;Strada Urbana;VIA DI TOR FIORENZA;da specificare;;;;in prossimità di Via Salaria;Veicolo in marcia contro veicoli in sosta;Rettilineo;Una carreggiata a senso unico di marcia;Asciutto;Asfaltata;Verticale ed orizzontale;Sereno;Scarso;Insufficiente;Sufficiente;1;0;0;1;12.5092;41.9305;-1;6;Autovettura privata;Sosta;;;;;;;
4174575;2;12/01/2019 04:50:00;Strada Urbana;VIA DI TOR FIORENZA;da specificare;;;;in prossimità di Via Salaria;Veicolo in marcia contro veicoli in sosta;Rettilineo;Una carreggiata a senso unico di marcia;Asciutto;Asfaltata;Verticale ed orizzontale;Sereno;Scarso;Insufficiente;Sufficiente;1;0;0;1;12.5092;41.9305;-1;7;Autovettura privata;Sosta;;;;;;;
4174575;2;12/01/2019 04:50:00;Strada Urbana;VIA DI TOR FIORENZA;da specificare;;;;in prossimità di Via Salaria;Veicolo in marcia contro veicoli in sosta;Rettilineo;Una carreggiata a senso unico di marcia;Asciutto;Asfaltata;Verticale ed orizzontale;Sereno;Scarso;Insufficiente;Sufficiente;1;0;0;1;12.5092;41.9305;-1;8;Autovettura privata;Sosta;;;;;;;
4174575;2;12/01/2019 04:50:00;Strada Urbana;VIA DI TOR FIORENZA;da specificare;;;;in prossimità di Via Salaria;Veicolo in marcia contro veicoli in sosta;Rettilineo;Una carreggiata a senso unico di marcia;Asciutto;Asfaltata;Verticale ed orizzontale;Sereno;Scarso;Insufficiente;Sufficiente;1;0;0;1;12.5092;41.9305;-1;9;Autovettura privata;Sosta;;;;;;;
4174584;17;12/01/2019 01:00:00;Strada Urbana;VIA NAZARIO SAURO;da specificare;;;;fronte civico 21;Veicolo in marcia contro ostacolo fisso;Rettilineo;Una carreggiata a doppio senso;Asciutto;Asfaltata;Verticale ed orizzontale;Sereno;Scarso;Buona;Ore Diurne;0;0;0;0;12.4528;41.9138;-1;1;Autovettura privata;Sosta;;;;;;;
4174677;13;12/01/2019 10:45:00;Strada Urbana;VIA DELLE EBRIDI;in corrispondenza;;del civico n.;40;;Scontro frontale/laterale DX fra veicoli in marcia;Rettilineo;Due carreggiate;Asciutto;Asfaltata;Orizzontale;Sereno;Intenso;Buona;Ore Diurne;1;0;0;1;12.2631;41.7395;-1;1;Autovettura privata;In marcia / fermata / arresto;Conducente;M;Illeso;0;;Non accertato;Inesploso
4174677;13;12/01/2019 10:45:00;Strada Urbana;VIA DELLE EBRIDI;in corrispondenza;;del civico n.;40;;Scontro frontale/laterale DX fra veicoli in marcia;Rettilineo;Due carreggiate;Asciutto;Asfaltata;Orizzontale;Sereno;Intenso;Buona;Ore Diurne;1;0;0;1;12.2631;41.7395;-1;2;Velocipede;In marcia / fermata / arresto;Conducente;M;Rimandato;0;NON DECEDUTO;Esente;
4174752;20;12/01/2019 13:20:00;Strada Urbana;PIAZZA DEI GIUOCHI DELFICI;all'intersezione con;VIA CASSIA;VIA CASSIA;;;Scontro frontale/laterale DX fra veicoli in marcia;Rotatoria;Una carreggiata a senso unico di marcia;Asciutto;Asfaltata;Verticale ed orizzontale;Sereno;Normale;Buona;Ore Diurne;0;0;0;2;12.4628;41.9483;-1;1;Autovettura privata;In marcia / fermata / arresto;Conducente;M;Illeso;0;;;
4174752;20;12/01/2019 13:20:00;Strada Urbana;PIAZZA DEI GIUOCHI DELFICI;all'intersezione con;VIA CASSIA;VIA CASSIA;;;Scontro frontale/laterale DX fra veicoli in marcia;Rotatoria;Una carreggiata a senso unico di marcia;Asciutto;Asfaltata;Verticale ed orizzontale;Sereno;Normale;Buona;Ore Diurne;0;0;0;2;12.4628;41.9483;-1;2;Autovettura privata;Allontanatosi;Conducente;F;Illeso;0;;;
4174759;17;12/01/2019 15:45:00;Strada Urbana;LUNGOTEVERE DEI MELLINI;all'intersezione con;PIAZZA DELLA LIBERTA';PIAZZA DELLA LIBERTA';;;Scontro laterale fra veicoli in marcia;Incrocio;Più di due carreggiate;Asciutto;Asfaltata;Verticale ed orizzontale;Sereno;Normale;Buona;Ore Diurne;1;0;0;1;12.4719;41.9088;-1;1;Autovettura privata;In marcia / fermata / arresto;Conducente;M;Illeso;0;;;
4174759;17;12/01/2019 15:45:00;Strada Urbana;LUNGOTEVERE DEI MELLINI;all'intersezione con;PIAZZA DELLA LIBERTA';PIAZZA DELLA LIBERTA';;;Scontro laterale fra veicoli in marcia;Incrocio;Più di due carreggiate;Asciutto;Asfaltata;Verticale ed orizzontale;Sereno;Normale;Buona;Ore Diurne;1;0;0;1;12.4719;41.9088;-1;2;Motociclo a solo;In marcia / fermata / arresto;Conducente;M;Rimandato;0;NON DECEDUTO;;
4175223;10;12/01/2019 12:45:00;Strada Urbana;VIA RICCARDO GURUZIAN;in corrispondenza;;del civico n.;9;;Veicolo in marcia contro veicolo arresto;Rettilineo;Una carreggiata a doppio senso;Asciutto;Asfaltata;Verticale ed orizzontale;Sereno;Scarso;Buona;Ore Diurne;0;0;0;2;12.5815;41.8508;-1;1;Autovettura privata;In marcia / fermata / arresto;Conducente;M;Illeso;0;;Non accertato;Inesploso
4175223;10;12/01/2019 12:45:00;Strada Urbana;VIA RICCARDO GURUZIAN;in corrispondenza;;del civico n.;9;;Veicolo in marcia contro veicolo arresto;Rettilineo;Una carreggiata a doppio senso;Asciutto;Asfaltata;Verticale ed orizzontale;Sereno;Scarso;Buona;Ore Diurne;0;0;0;2;12.5815;41.8508;-1;2;Autovettura privata;In marcia / fermata / arresto;Conducente;F;Illeso;0;;Non accertato;Inesploso
4175224;20;12/01/2019 10:40:00;Strada Urbana;VIA DEGLI ORTI DELLA FARNESINA;in corrispondenza;;del civico n.;f.c. 12;;Investimento di pedone;Rettilineo;Una carreggiata a doppio senso;Asciutto;Asfaltata;Verticale ed orizzontale;Sereno;Normale;Buona;Ore Diurne;2;0;0;1;12.4639;41.9395;-1;;;;Pedone;M;Rimandato;0;NON DECEDUTO;;
4175224;20;12/01/2019 10:40:00;Strada Urbana;VIA DEGLI ORTI DELLA FARNESINA;in corrispondenza;;del civico n.;f.c. 12;;Investimento di pedone;Rettilineo;Una carreggiata a doppio senso;Asciutto;Asfaltata;Verticale ed orizzontale;Sereno;Normale;Buona;Ore Diurne;2;0;0;1;12.4639;41.9395;-1;;;;Pedone;M;Rimandato;0;NON DECEDUTO;;
4175224;20;12/01/2019 10:40:00;Strada Urbana;VIA DEGLI ORTI DELLA FARNESINA;in corrispondenza;;del civico n.;f.c. 12;;Investimento di pedone;Rettilineo;Una carreggiata a doppio senso;Asciutto;Asfaltata;Verticale ed orizzontale;Sereno;Normale;Buona;Ore Diurne;2;0;0;1;12.4639;41.9395;-1;1;Autovettura privata;In marcia / fermata / arresto;Conducente;M;Illeso;0;;;
4175240;20;12/01/2019 17:45:00;Strada Urbana;VIA CASSIA;in prossimità;;del civico n.;2190;;Veicolo in marcia contro ostacolo accidentale;Rettilineo;Una carreggiata a doppio senso;Asciutto;Asfaltata;Verticale ed orizzontale;Sereno;Normale;Buona;Inesistente;0;0;0;2;12.3765;42.0253;-1;1;Autovettura privata;In marcia / fermata / arresto;Conducente;F;Illeso;0;;;
4175240;20;12/01/2019 17:45:00;Strada Urbana;VIA CASSIA;in prossimità;;del civico n.;2190;;Veicolo in marcia contro ostacolo accidentale;Rettilineo;Una carreggiata a doppio senso;Asciutto;Asfaltata;Verticale ed orizzontale;Sereno;Normale;Buona;Inesistente;0;0;0;2;12.3765;42.0253;-1;1;Autovettura privata;In marcia / fermata / arresto;Passeggero;F;Illeso;0;;;
4175247;15;12/01/2019 14:15:00;Strada Urbana;VIA DELLA MAGLIANA;all'intersezione semaforizzata con;VIA DELL'IMPRUNETA;VIA DELL'IMPRUNETA;;;Investimento di pedone;Incrocio;Una carreggiata a doppio senso;Asciutto;Asfaltata;Verticale ed orizzontale;Sereno;Normale;Buona;Ore Diurne;1;0;0;1;12.4196;41.8317;-1;;;;Pedone;M;Ricoverato;0;NON DECEDUTO;;