Protocollo;Gruppo;DataOraIncidente;Localizzazione1;STRADA1;Localizzazione2;STRADA2;Strada02;Chilometrica;DaSpecificare;NaturaIncidente;particolaritastrade;TipoStrada;FondoStradale;Pavimentazione;Segnaletica;CondizioneAtmosferica;Traffico;Visibilita;Illuminazione;NUM_FERITI;NUM_RISERVATA;NUM_MORTI;NUM_ILLESI;Longitudine;Latitudine;Confermato;Progressivo;TipoVeicolo;StatoVeicolo;TipoPersona;Sesso;Tipolesione;Deceduto;DecedutoDopo;CinturaCascoUtilizzato;Airbag;
4177926;8;14/01/2019 12:40:00;Strada Urbana;VIALE OXFORD;da specificare;;;;rotatoria altezza P.T.V.;Tamponamento;Rotatoria;Una carreggiata a senso unico di marcia;Asciutto;Asfaltata;Verticale ed orizzontale;Sereno;Normale;Buona;Ore Diurne;0;0;0;6;12.6275;41.8612;-1;2;Autovettura privata;In marcia / fermata / arresto;Passeggero;F;Illeso;0;;Non accertato;
4177926;8;14/01/2019 12:40:00;Strada Urbana;VIALE OXFORD;da specificare;;;;rotatoria altezza P.T.V.;Tamponamento;Rotatoria;Una carreggiata a senso unico di marcia;Asciutto;Asfaltata;Verticale ed orizzontale;Sereno;Normale;Buona;Ore Diurne;0;0;0;6;12.6275;41.8612;-1;2;Autovettura privata;In marcia / fermata / arresto;Passeggero;M;Illeso;0;;;
4177926;8;14/01/2019 12:40:00;Strada Urbana;VIALE OXFORD;da specificare;;;;rotatoria altezza P.T.V.;Tamponamento;Rotatoria;Una carreggiata a senso unico di marcia;Asciutto;Asfaltata;Verticale ed orizzontale;Sereno;Normale;Buona;Ore Diurne;0;0;0;6;12.6275;41.8612;-1;2;Autovettura privata;In marcia / fermata / arresto;Passeggero;F;Illeso;0;;;
4177943;13;14/01/2019 12:40:00;Strada Urbana;PIAZZA FRANCESCO CONTEDUCA;all'intersezione con;VIA CAPO PALINURO;VIA CAPO PALINURO;;;Investimento di pedone;Incrocio;Due carreggiate;Bagnato (umidità in atto);Asfaltata;Orizzontale;Sereno;Normale;Buona;Ore Diurne;1;0;0;1;12.2865;41.7359;-1;;;;Pedone;F;Rimandato;0;NON DECEDUTO;;
4177943;13;14/01/2019 12:40:00;Strada Urbana;PIAZZA FRANCESCO CONTEDUCA;all'intersezione con;VIA CAPO PALINURO;VIA CAPO PALINURO;;;Investimento di pedone;Incrocio;Due carreggiate;Bagnato (umidità in atto);Asfaltata;Orizzontale;Sereno;Normale;Buona;Ore Diurne;1;0;0;1;12.2865;41.7359;-1;1;Autovettura privata;In marcia / fermata / arresto;Conducente;M;Illeso;0;;Non accertato;Inesploso
4177946;8;14/01/2019 15:30:00;Strada Urbana;VIA RAOUL CHIODELLI;in prossimità;;del civico n.;45;;Scontro laterale fra veicoli in marcia;Rettilineo;Due carreggiate;Asciutto;Asfaltata;Orizzontale;Sereno;Normale;Buona;Ore Diurne;0;0;0;4;12.6617;41.9055;-1;1;Autovettura privata;In marcia / fermata / arresto;Conducente;F;Illeso;0;;Non accertato;Inesploso
4177946;8;14/01/2019 15:30:00;Strada Urbana;VIA RAOUL CHIODELLI;in prossimità;;del civico n.;45;;Scontro laterale fra veicoli in marcia;Rettilineo;Due carreggiate;Asciutto;Asfaltata;Orizzontale;Sereno;Normale;Buona;Ore Diurne;0;0;0;4;12.6617;41.9055;-1;1;Autovettura privata;In marcia / fermata / arresto;Passeggero;M;Illeso;0;;Non accertato;Inesploso
4177946;8;14/01/2019 15:30:00;Strada Urbana;VIA RAOUL CHIODELLI;in prossimità;;del civico n.;45;;Scontro laterale fra veicoli in marcia;Rettilineo;Due carreggiate;Asciutto;Asfaltata;Orizzontale;Sereno;Normale;Buona;Ore Diurne;0;0;0;4;12.6617;41.9055;-1;1;Autovettura privata;In marcia / fermata / arresto;Passeggero;M;Illeso;0;;Non accertato;Inesploso
4177946;8;14/01/2019 15:30:00;Strada Urbana;VIA RAOUL CHIODELLI;in prossimità;;del civico n.;45;;Scontro laterale fra veicoli in marcia;Rettilineo;Due carreggiate;Asciutto;Asfaltata;Orizzontale;Sereno;Normale;Buona;Ore Diurne;0;0;0;4;12.6617;41.9055;-1;2;Autovettura privata;In marcia / fermata / arresto;Conducente;F;Illeso;0;;Non accertato;Inesploso
4177947;5;14/01/2019 09:20:00;;NUOVA CIRCONVALLAZIONE INTERNA;da specificare;;;;ALTEZZA PONTE FERROVIARIO DIREZIONE VIA SALARIA;Veicolo in marcia contro ostacolo fisso;;;;;;;;;;0;0;0;0;12.5331;41.9051;0;1;Autovettura privata;In marcia / fermata / arresto;;;;;;;
4177953;8;14/01/2019 11:20:00;Strada Urbana;VIA CASILINA;all'intersezione con;VIA PIETRO BELON;VIA PIETRO BELON;;;Scontro laterale fra veicoli in marcia;Intersezione semaforizzata;Una carreggiata a doppio senso;Asciutto;Asfaltata;Verticale ed orizzontale;Sereno;Normale;Buona;Ore Diurne;0;0;0;4;12.5905;41.8675;-1;1;Autovettura privata;In marcia / fermata / arresto;Conducente;M;Illeso;0;;Non accertato;Inesploso
4177953;8;14/01/2019 11:20:00;Strada Urbana;VIA CASILINA;all'intersezione con;VIA PIETRO BELON;VIA PIETRO BELON;;;Scontro laterale fra veicoli in marcia;Intersezione semaforizzata;Una carreggiata a doppio senso;Asciutto;Asfaltata;Verticale ed orizzontale;Sereno;Normale;Buona;Ore Diurne;0;0;0;4;12.5905;41.8675;-1;1;Autovettura privata;In marcia / fermata / arresto;Passeggero;M;Illeso;0;;;
4177953;8;14/01/2019 11:20:00;Strada Urbana;VIA CASILINA;all'intersezione con;VIA PIETRO BELON;VIA PIETRO BELON;;;Scontro laterale fra veicoli in marcia;Intersezione semaforizzata;Una carreggiata a doppio senso;Asciutto;Asfaltata;Verticale ed orizzontale;Sereno;Normale;Buona;Ore Diurne;0;0;0;4;12.5905;41.8675;-1;1;Autovettura privata;In marcia / fermata / arresto;Passeggero;F;Illeso;0;;;Inesploso
4177953;8;14/01/2019 11:20:00;Strada Urbana;VIA CASILINA;all'intersezione con;VIA PIETRO BELON;VIA PIETRO BELON;;;Scontro laterale fra veicoli in marcia;Intersezione semaforizzata;Una carreggiata a doppio senso;Asciutto;Asfaltata;Verticale ed orizzontale;Sereno;Normale;Buona;Ore Diurne;0;0;0;4;12.5905;41.8675;-1;2;Autovettura privata;In marcia / fermata / arresto;Conducente;M;Illeso;0;;;
4177957;5;14/01/2019 19:10:00;;VIA MELIBEO;all'intersezione con;VIA DI CERVARA;VIA DI CERVARA;;;Scontro laterale fra veicoli in marcia;;;;;;;;;;0;0;0;0;12.5996;41.917;0;1;Autocarro inferiore 35 q.;In marcia / fermata / arresto;;;;;;;
4177957;5;14/01/2019 19:10:00;;VIA MELIBEO;all'intersezione con;VIA DI CERVARA;VIA DI CERVARA;;;Scontro laterale fra veicoli in marcia;;;;;;;;;;0;0;0;0;12.5996;41.917;0;2;Autocarro inferiore 35 q.;In marcia / fermata / arresto;;;;;;;
4177960;12;14/01/2019 16:00:00;Strada Urbana;VIALE LIBANO;da specificare;;;;fronte civico 40;Scontro frontale/laterale DX fra veicoli in marcia;Rettilineo;Due carreggiate;Asciutto;Asfaltata;Verticale ed orizzontale;Sereno;Scarso;Buona;Ore Diurne;0;0;0;2;12.4642;41.8219;-1;1;Autovettura privata;In marcia / fermata / arresto;Conducente;M;Illeso;0;;Non accertato;Inesploso
4177960;12;14/01/2019 16:00:00;Strada Urbana;VIALE LIBANO;da specificare;;;;fronte civico 40;Scontro frontale/laterale DX fra veicoli in marcia;Rettilineo;Due carreggiate;Asciutto;Asfaltata;Verticale ed orizzontale;Sereno;Scarso;Buona;Ore Diurne;0;0;0;2;12.4642;41.8219;-1;2;Autovettura privata;In marcia / fermata / arresto;Conducente;M;Illeso;0;;Non accertato;Inesploso
4177963;20;14/01/2019 20:20:00;Strada Urbana;LUNGOTEVERE MARESCIALLO CADORNA;da specificare;;;;fronte piscine Coni direzione GRA;Tamponamento Multiplo;Rettilineo;Una carreggiata a doppio senso;Bagnato (pioggia);Asfaltata;Orizzontale;Pioggia in atto;Normale;Sufficiente;Sufficiente;0;0;0;3;12.4582;41.9279;-1;1;Autovettura privata;In marcia / fermata / arresto;Conducente;M;Illeso;0;;Non accertato;Inesploso
4177963;20;14/01/2019 20:20:00;Strada Urbana;LUNGOTEVERE MARESCIALLO CADORNA;da specificare;;;;fronte piscine Coni direzione GRA;Tamponamento Multiplo;Rettilineo;Una carreggiata a doppio senso;Bagnato (pioggia);Asfaltata;Orizzontale;Pioggia in atto;Normale;Sufficiente;Sufficiente;0;0;0;3;12.4582;41.9279;-1;2;Autovettura privata;In marcia / fermata / arresto;Conducente;M;Illeso;0;;Non accertato;Inesploso
4177963;20;14/01/2019 20:20:00;Strada Urbana;LUNGOTEVERE MARESCIALLO CADORNA;da specificare;;;;fronte piscine Coni direzione GRA;Tamponamento Multiplo;Rettilineo;Una carreggiata a doppio senso;Bagnato (pioggia);Asfaltata;Orizzontale;Pioggia in atto;Normale;Sufficiente;Sufficiente;0;0;0;3;12.4582;41.9279;-1;3;Autovettura privata;In marcia / fermata / arresto;Conducente;M;Illeso;0;;Non accertato;Inesploso
4177964;11;14/01/2019 22:25:00;Strada Urbana;VIA COSTANTINO;all'intersezione con;VIA DELLA VILLA DI LUCINA;VIA DELLA VILLA DI LUCINA;;;Scontro frontale/laterale SX fra veicoli in marcia;Incrocio;Una carreggiata a doppio senso;Bagnato (umidità in atto);Asfaltata;Verticale ed orizzontale;Nuvoloso;Scarso;Sufficiente;Sufficiente;0;0;0;2;12.485;41.8572;-1;1;Autovettura privata;In marcia / fermata / arresto;Conducente;F;Illeso;0;;;
4177964;11;14/01/2019 22:25:00;Strada Urbana;VIA COSTANTINO;all'intersezione con;VIA DELLA VILLA DI LUCINA;VIA DELLA VILLA DI LUCINA;;;Scontro frontale/laterale SX fra veicoli in marcia;Incrocio;Una carreggiata a doppio senso;Bagnato (umidità in atto);Asfaltata;Verticale ed orizzontale;Nuvoloso;Scarso;Sufficiente;Sufficiente;0;0;0;2;12.485;41.8572;-1;2;Autovettura privata;In marcia / fermata / arresto;Conducente;F;Illeso;0;;;
4177966;20;14/01/2019 08:50:00;Strada Urbana;VIA CONCESIO;da specificare;;;;Alt. ingresso Centro Sportivo "JOLLY";Scontro frontale/laterale SX fra veicoli in marcia;Rettilineo;Una carreggiata a doppio senso;Bagnato (pioggia);Asfaltata;Orizzontale;Pioggia in atto;Normale;Buona;Ore Diurne;2;0;0;0;12.4834;42.0078;-1;1;Motociclo a solo;In marcia / fermata / arresto;Conducente;M;Rimandato;0;NON DECEDUTO;;
4177966;20;14/01/2019 08:50:00;Strada Urbana;VIA CONCESIO;da specificare;;;;Alt. ingresso Centro Sportivo "JOLLY";Scontro frontale/laterale SX fra veicoli in marcia;Rettilineo;Una carreggiata a doppio senso;Bagnato (pioggia);Asfaltata;Orizzontale;Pioggia in atto;Normale;Buona;Ore Diurne;2;0;0;0;12.4834;42.0078;-1;2;Autovettura privata;In marcia / fermata / arresto;Conducente;M;Rimandato;0;NON DECEDUTO;;
4177969;16;12/01/2019 20:05:00;Strada Urbana;VIALE DEI COLLI PORTUENSI;all'intersezione con;LARGO NOSTRA SIGNORA DI COROMOTO;LARGO NOSTRA SIGNORA DI COROMOTO;;;Investimento di pedone;Intersezione semaforizzata;Due carreggiate;Asciutto;Asfaltata;Verticale ed orizzontale;Sereno;Normale;Buona;Sufficiente;1;0;0;2;12.4441;41.8666;-1;;;;Pedone;F;Rimandato;0;NON DECEDUTO;;
4177969;16;12/01/2019 20:05:00;Strada Urbana;VIALE DEI COLLI PORTUENSI;all'intersezione con;LARGO NOSTRA SIGNORA DI COROMOTO;LARGO NOSTRA SIGNORA DI COROMOTO;;;Investimento di pedone;Intersezione semaforizzata;Due carreggiate;Asciutto;Asfaltata;Verticale ed orizzontale;Sereno;Normale;Buona;Sufficiente;1;0;0;2;12.4441;41.8666;-1;1;Autovettura privata;In marcia / fermata / arresto;Conducente;F;Illeso;0;;Non accertato;
4177969;16;12/01/2019 20:05:00;Strada Urbana;VIALE DEI COLLI PORTUENSI;all'intersezione con;LARGO NOSTRA SIGNORA DI COROMOTO;LARGO NOSTRA SIGNORA DI COROMOTO;;;Investimento di pedone;Intersezione semaforizzata;Due carreggiate;Asciutto;Asfaltata;Verticale ed orizzontale;Sereno;Normale;Buona;Sufficiente;1;0;0;2;12.4441;41.8666;-1;1;Autovettura privata;In marcia / fermata / arresto;Passeggero;M;Illeso;0;;Non accertato;
4177973;5;14/01/2019 18:30:00;Strada Urbana;VIA RENZO ROSSI;all'intersezione con;VIA DEI DURANTINI;VIA DEI DURANTINI;;;Veicolo in marcia contro veicolo in sosta;Incrocio;Una carreggiata a senso unico di marcia;Asciutto;Asfaltata;Verticale ed orizzontale;Sereno;Normale;Sufficiente;Sufficiente;0;0;0;1;12.5425;41.9093;-1;1;Autobus urbano;In marcia / fermata / arresto;Conducente;M;Illeso;0;;Non accertato;Inesistente
4177973;5;14/01/2019 18:30:00;Strada Urbana;VIA RENZO ROSSI;all'intersezione con;VIA DEI DURANTINI;VIA DEI DURANTINI;;;Veicolo in marcia contro veicolo in sosta;Incrocio;Una carreggiata a senso unico di marcia;Asciutto;Asfaltata;Verticale ed orizzontale;Sereno;Normale;Sufficiente;Sufficiente;0;0;0;1;12.5425;41.9093;-1;2;Autovettura privata;Sosta;;;;;;;
4177978;17;14/01/2019 20:20:00;Strada Urbana;VIA NEMEA;in prossimità;;del civico n.;21;;Investimento di pedone;Rettilineo;Una carreggiata a senso unico di marcia;Bagnato (pioggia);Asfaltata;Verticale ed orizzontale;Nuvoloso;Scarso;Sufficiente;Sufficiente;1;0;0;1;12.4604;41.9472;-1;;;;Pedone;M;Rimandato;0;NON DECEDUTO;;
4177978;17;14/01/2019 20:20:00;Strada Urbana;VIA NEMEA;in prossimità;;del civico n.;21;;Investimento di pedone;Rettilineo;Una carreggiata a senso unico di marcia;Bagnato (pioggia);Asfaltata;Verticale ed orizzontale;Nuvoloso;Scarso;Sufficiente;Sufficiente;1;0;0;1;12.4604;41.9472;-1;1;Autovettura privata;In marcia / fermata / arresto;Conducente;F;Illeso;0;;;
4177983;13;14/01/2019 16:00:00;Strada Urbana;VIA PADRE MASSARUTI;all'intersezione con;VIA VALERIANO COBBE;VIA VALERIANO COBBE;;;Scontro frontale/laterale SX fra veicoli in marcia;Incrocio;Due carreggiate;Asciutto;Asfaltata;Verticale ed orizzontale;Sereno;Scarso;Buona;Ore Diurne;0;0;0;2;12.3512;41.7674;-1;1;Autovettura privata;In marcia / fermata / arresto;Conducente;F;Illeso;0;;Non accertato;Inesploso
4177983;13;14/01/2019 16:00:00;Strada Urbana;VIA PADRE MASSARUTI;all'intersezione con;VIA VALERIANO COBBE;VIA VALERIANO COBBE;;;Scontro frontale/laterale SX fra veicoli in marcia;Incrocio;Due carreggiate;Asciutto;Asfaltata;Verticale ed orizzontale;Sereno;Scarso;Buona;Ore Diurne;0;0;0;2;12.3512;41.7674;-1;2;Autovettura privata;In marcia / fermata / arresto;Conducente;M;Illeso;0;;Non accertato;Inesploso
4177986;5;14/01/2019 11:00:00;Strada Urbana;VIA DI PIETRALATA;in prossimità;;del civico n.;97;;Scontro laterale fra veicoli in marcia;Pendenza;Una carreggiata a doppio senso;Bagnato (umidità in atto);Asfaltata;Verticale ed orizzontale;Nuvoloso;Normale;Buona;Ore Diurne;0;0;0;3;12.5311;41.9268;-1;1;Autovettura privata;In marcia / fermata / arresto;Conducente;M;Illeso;0;;Non accertato;Inesploso
4177986;5;14/01/2019 11:00:00;Strada Urbana;VIA DI PIETRALATA;in prossimità;;del civico n.;97;;Scontro laterale fra veicoli in marcia;Pendenza;Una carreggiata a doppio senso;Bagnato (umidità in atto);Asfaltata;Verticale ed orizzontale;Nuvoloso;Normale;Buona;Ore Diurne;0;0;0;3;12.5311;41.9268;-1;2;Autovettura privata;In marcia / fermata / arresto;Conducente;M;Illeso;0;;Non accertato;Inesploso
4177986;5;14/01/2019 11:00:00;Strada Urbana;VIA DI PIETRALATA;in prossimità;;del civico n.;97;;Scontro laterale fra veicoli in marcia;Pendenza;Una carreggiata a doppio senso;Bagnato (umidità in atto);Asfaltata;Verticale ed orizzontale;Nuvoloso;Normale;Buona;Ore Diurne;0;0;0;3;12.5311;41.9268;-1;2;Autovettura privata;In marcia / fermata / arresto;Passeggero;F;Illeso;0;;Non accertato;Inesploso
4177993;5;14/01/2019 11:45:00;;VIA FURIO CICOGNA;da specificare;;;;IN PROSSIMITA' DEL PARCHEGGIO DIREZIONE TIBURTINA ;Veicolo in marcia contro ostacolo accidentale;;;;;;;;;;0;0;0;0;12.5655;41.9249;0;1;Motociclo a solo;In marcia / fermata / arresto;;;;;;;
4177994;13;14/01/2019 12:50:00;Strada Urbana;VIALE DEI ROMAGNOLI;all'intersezione con;VIA GIUSEPPE FIORELLI;VIA GIUSEPPE FIORELLI;;;Scontro frontale/laterale SX fra veicoli in marcia;Intersezione non regolata/non segnalata;Una carreggiata a doppio senso;Asciutto;Asfaltata;Verticale;Sereno;Normale;Buona;Ore Diurne;0;0;0;2;12.3224;41.7691;-1;1;Autovettura privata;In marcia / fermata / arresto;Conducente;M;Illeso;0;;Non accertato;Inesploso
4177994;13;14/01/2019 12:50:00;Strada Urbana;VIALE DEI ROMAGNOLI;all'intersezione con;VIA GIUSEPPE FIORELLI;VIA GIUSEPPE FIORELLI;;;Scontro frontale/laterale SX fra veicoli in marcia;Intersezione non regolata/non segnalata;Una carreggiata a doppio senso;Asciutto;Asfaltata;Verticale;Sereno;Normale;Buona;Ore Diurne;0;0;0;2;12.3224;41.7691;-1;2;Autocarro inferiore 35 q.;In marcia / fermata / arresto;Conducente;M;Illeso;0;;Non accertato;Inesploso
4177995;17;14/01/2019 16:10:00;Strada Urbana;VIA GERMANICO;all'intersezione con;VIA PAOLO EMILIO;VIA PAOLO EMILIO;;;Scontro frontale/laterale SX fra veicoli in marcia;Intersezione stradale segnalata;Una carreggiata a senso unico di marcia;Asciutto;Asfaltata;Verticale ed orizzontale;Sereno;Normale;Buona;Ore Diurne;1;0;0;2;12.4633;41.9091;-1;1;Autovettura privata;In marcia / fermata / arresto;Conducente;M;Illeso;0;;;
4177995;17;14/01/2019 16:10:00;Strada Urbana;VIA GERMANICO;all'intersezione con;VIA PAOLO EMILIO;VIA PAOLO EMILIO;;;Scontro frontale/laterale SX fra veicoli in marcia;Intersezione stradale segnalata;Una carreggiata a senso unico di marcia;Asciutto;Asfaltata;Verticale ed orizzontale;Sereno;Normale;Buona;Ore Diurne;1;0;0;2;12.4633;41.9091;-1;1;Autovettura privata;In marcia / fermata / arresto;Passeggero;F;Illeso;0;;;
4177995;17;14/01/2019 16:10:00;Strada Urbana;VIA GERMANICO;all'intersezione con;VIA PAOLO EMILIO;VIA PAOLO EMILIO;;;Scontro frontale/laterale SX fra veicoli in marcia;Intersezione stradale segnalata;Una carreggiata a senso unico di marcia;Asciutto;Asfaltata;Verticale ed orizzontale;Sereno;Normale;Buona;Ore Diurne;1;0;0;2;12.4633;41.9091;-1;2;Motociclo a solo;In marcia / fermata / arresto;Conducente;F;Rimandato;0;NON DECEDUTO;;
4177998;19;14/01/2019 19:05:00;Strada Urbana;LARGO DAMIANO CHIESA;in corrispondenza;;del civico n.;3;;Infortunio per sola frenata improvvisa;Rettilineo;Una carreggiata a doppio senso;Asciutto;Asfaltata;Orizzontale;Sereno;Normale;Buona;Sufficiente;0;0;0;3;12.4356;41.9195;-1;1;Autovettura privata;In marcia / fermata / arresto;Conducente;F;Illeso;0;;Non accertato;Inesploso
4177998;19;14/01/2019 19:05:00;Strada Urbana;LARGO DAMIANO CHIESA;in corrispondenza;;del civico n.;3;;Infortunio per sola frenata improvvisa;Rettilineo;Una carreggiata a doppio senso;Asciutto;Asfaltata;Orizzontale;Sereno;Normale;Buona;Sufficiente;0;0;0;3;12.4356;41.9195;-1;2;Motociclo a solo;In marcia / fermata / arresto;Conducente;M;Illeso;0;;Non accertato;
4177998;19;14/01/2019 19:05:00;Strada Urbana;LARGO DAMIANO CHIESA;in corrispondenza;;del civico n.;3;;Infortunio per sola frenata improvvisa;Rettilineo;Una carreggiata a doppio senso;Asciutto;Asfaltata;Orizzontale;Sereno;Normale;Buona;Sufficiente;0;0;0;3;12.4356;41.9195;-1;2;Motociclo a solo;In marcia / fermata / arresto;Passeggero;F;Illeso;0;;Non accertato;
4178003;20;14/01/2019 08:10:00;Regionale entro l'abitato;VIA CASSIA NUOVA;all'intersezione con;VIA VILFREDO PARETO;VIA VILFREDO PARETO;;;Scontro frontale/laterale DX fra veicoli in marcia;Intersezione stradale segnalata;Una carreggiata a doppio senso;Bagnato (pioggia);Asfaltata;Verticale ed orizzontale;Pioggia in atto;Intenso;Buona;Ore Diurne;1;0;0;1;12.4689;41.9502;-1;1;Autovettura privata;In marcia / fermata / arresto;Conducente;M;Illeso;0;;;
4178003;20;14/01/2019 08:10:00;Regionale entro l'abitato;VIA CASSIA NUOVA;all'intersezione con;VIA VILFREDO PARETO;VIA VILFREDO PARETO;;;Scontro frontale/laterale DX fra veicoli in marcia;Intersezione stradale segnalata;Una carreggiata a doppio senso;Bagnato (pioggia);Asfaltata;Verticale ed orizzontale;Pioggia in atto;Intenso;Buona;Ore Diurne;1;0;0;1;12.4689;41.9502;-1;2;Autovettura privata;In marcia / fermata / arresto;Conducente;M;Rifiuta cure immediate;0;NON DECEDUTO;;
4178006;5;14/01/2019 10:45:00;Strada Urbana;VIA TIBURTINA;in prossimità;;del civico n.;761;;Veicolo in marcia contro veicolo fermo;Rettilineo;Due carreggiate;Bagnato (pioggia);Asfaltata;Verticale ed orizzontale;Nuvoloso;Normale;Buona;Ore Diurne;0;0;0;3;12.5555;41.913;-1;1;Autovettura privata;In marcia / fermata / arresto;Conducente;M;Illeso;0;;Non accertato;
4178006;5;14/01/2019 10:45:00;Strada Urbana;VIA TIBURTINA;in prossimità;;del civico n.;761;;Veicolo in marcia contro veicolo fermo;Rettilineo;Due carreggiate;Bagnato (pioggia);Asfaltata;Verticale ed orizzontale;Nuvoloso;Normale;Buona;Ore Diurne;0;0;0;3;12.5555;41.913;-1;2;Autovettura privata;In marcia / fermata / arresto;Conducente;M;Illeso;0;;Non accertato;
4178006;5;14/01/2019 10:45:00;Strada Urbana;VIA TIBURTINA;in prossimità;;del civico n.;761;;Veicolo in marcia contro veicolo fermo;Rettilineo;Due carreggiate;Bagnato (pioggia);Asfaltata;Verticale ed orizzontale;Nuvoloso;Normale;Buona;Ore Diurne;0;0;0;3;12.5555;41.913;-1;2;Autovettura privata;In marcia / fermata / arresto;Passeggero;F;Illeso;0;;Non accertato;
4178015;5;14/01/2019 11:50:00;Strada Urbana;PIAZZA RICCARDO BALSAMO CRIVELLI;da specificare;;;;FRONTE VIA TOMMASO SMITH;Scontro frontale/laterale SX fra veicoli in marcia;Rettilineo;Due carreggiate;Bagnato (umidità in atto);Asfaltata;Verticale ed orizzontale;Sereno;Normale;Buona;Ore Diurne;0;0;0;2;12.5524;41.9056;-1;1;Autovettura privata;In marcia / fermata / arresto;Conducente;M;Illeso;0;;Non accertato;Inesploso
4178015;5;14/01/2019 11:50:00;Strada Urbana;PIAZZA RICCARDO BALSAMO CRIVELLI;da specificare;;;;FRONTE VIA TOMMASO SMITH;Scontro frontale/laterale SX fra veicoli in marcia;Rettilineo;Due carreggiate;Bagnato (umidità in atto);Asfaltata;Verticale ed orizzontale;Sereno;Normale;Buona;Ore Diurne;0;0;0;2;12.5524;41.9056;-1;2;Autovettura privata;In marcia / fermata / arresto;Conducente;M;Illeso;0;;Non accertato;Inesploso
4178019;5;14/01/2019 13:25:00;Strada Urbana;VIA ROCCA DI CAVE;all'intersezione con;VIA ACUTO;VIA ACUTO;;;Scontro laterale fra veicoli in marcia;Incrocio;Una carreggiata a doppio senso;Asciutto;Asfaltata;Verticale;Sereno;Intenso;Buona;Ore Diurne;0;0;0;2;12.5978;41.9417;-1;1;Autovettura privata;In marcia / fermata / arresto;Conducente;M;Illeso;0;;Non accertato;Inesploso
4178019;5;14/01/2019 13:25:00;Strada Urbana;VIA ROCCA DI CAVE;all'intersezione con;VIA ACUTO;VIA ACUTO;;;Scontro laterale fra veicoli in marcia;Incrocio;Una carreggiata a doppio senso;Asciutto;Asfaltata;Verticale;Sereno;Intenso;Buona;Ore Diurne;0;0;0;2;12.5978;41.9417;-1;2;Autovettura privata;In marcia / fermata / arresto;Conducente;M;Illeso;0;;Non accertato;Inesploso
4178034;5;14/01/2019 15:00:00;;VIA BELMONTE IN SABINA;da specificare;;;;ALT. SVINCOLO DAL GRA DIR. TORRACCIA;Tamponamento;;;;;;;;;;0;0;0;0;12.5899;41.9452;0;1;Autovettura privata;In marcia / fermata / arresto;;;;;;;
4178034;5;14/01/2019 15:00:00;;VIA BELMONTE IN SABINA;da specificare;;;;ALT. SVINCOLO DAL GRA DIR. TORRACCIA;Tamponamento;;;;;;;;;;0;0;0;0;12.5899;41.9452;0;2;Autovettura privata;In marcia / fermata / arresto;;;;;;;
4178040;15;14/01/2019 07:00:00;Strada Urbana;VIA DEL TRULLO;da specificare;;;;PROSSIMITA' PALO ACEA 87;Scontro frontale/laterale SX fra veicoli in marcia;Rettilineo;Due carreggiate;Bagnato (pioggia);Asfaltata;Verticale ed orizzontale;Pioggia in atto;Scarso;Buona;Sufficiente;1;0;0;1;12.4368;41.843;-1;1;Autovettura privata;In marcia / fermata / arresto;Conducente;M;Illeso;0;;;
4178040;15;14/01/2019 07:00:00;Strada Urbana;VIA DEL TRULLO;da specificare;;;;PROSSIMITA' PALO ACEA 87;Scontro frontale/laterale SX fra veicoli in marcia;Rettilineo;Due carreggiate;Bagnato (pioggia);Asfaltata;Verticale ed orizzontale;Pioggia in atto;Scarso;Buona;Sufficiente;1;0;0;1;12.4368;41.843;-1;2;Autovettura privata;In marcia / fermata / arresto;Conducente;F;Rimandato;0;NON DECEDUTO;;
4178041;15;15/01/2019 07:30:00;Strada Urbana;VIALE PROSPERO COLONNA;all'intersezione con;VIA PIETRO VENTURI;VIA PIETRO VENTURI;;;Scontro frontale/laterale DX fra veicoli in marcia;Incrocio;Due carreggiate;Asciutto;Asfaltata;Verticale ed orizzontale;Sereno;Intenso;Sufficiente;Ore Diurne;0;0;0;2;12.4527;41.8563;-1;1;Autovettura privata;In marcia / fermata / arresto;Conducente;M;Illeso;0;;Non accertato;Inesploso
4178041;15;15/01/2019 07:30:00;Strada Urbana;VIALE PROSPERO COLONNA;all'intersezione con;VIA PIETRO VENTURI;VIA PIETRO VENTURI;;;Scontro frontale/laterale DX fra veicoli in marcia;Incrocio;Due carreggiate;Asciutto;Asfaltata;Verticale ed orizzontale;Sereno;Intenso;Sufficiente;Ore Diurne;0;0;0;2;12.4527;41.8563;-1;2;Autovettura privata;In marcia / fermata / arresto;Conducente;M;Illeso;0;;Non accertato;Inesistente
4178042;20;14/01/2019 08:00:00;Strada Urbana;LARGO PASQUALE SARACENO;all'intersezione con;VIA CASSIA NUOVA;VIA CASSIA NUOVA;;;Scontro frontale/laterale DX fra veicoli in marcia;Intersezione semaforizzata;Una carreggiata a doppio senso;Bagnato (umidità in atto);Asfaltata;Orizzontale;Nuvoloso;Normale;Buona;Ore Diurne;0;0;0;4;12.4681;41.9507;-1;1;Autocarro inferiore 35 q.;In marcia / fermata / arresto;Conducente;M;Illeso;0;;;
4178042;20;14/01/2019 08:00:00;Strada Urbana;LARGO PASQUALE SARACENO;all'intersezione con;VIA CASSIA NUOVA;VIA CASSIA NUOVA;;;Scontro frontale/laterale DX fra veicoli in marcia;Intersezione semaforizzata;Una carreggiata a doppio senso;Bagnato (umidità in atto);Asfaltata;Orizzontale;Nuvoloso;Normale;Buona;Ore Diurne;0;0;0;4;12.4681;41.9507;-1;1;Autocarro inferiore 35 q.;In marcia / fermata / arresto;Passeggero;M;Illeso;0;;;