Protocollo;Gruppo;DataOraIncidente;Localizzazione1;STRADA1;Localizzazione2;STRADA2;Strada02;Chilometrica;DaSpecificare;NaturaIncidente;particolaritastrade;TipoStrada;FondoStradale;Pavimentazione;Segnaletica;CondizioneAtmosferica;Traffico;Visibilita;Illuminazione;NUM_FERITI;NUM_RISERVATA;NUM_MORTI;NUM_ILLESI;Longitudine;Latitudine;Confermato;Progressivo;TipoVeicolo;StatoVeicolo;TipoPersona;Sesso;Tipolesione;Deceduto;DecedutoDopo;CinturaCascoUtilizzato;Airbag;
4179220;3;11/01/2019 09:45:00;Strada Urbana;VIA NOMENTANA;da specificare;;;;fronte civico 333;Scontro frontale/laterale DX fra veicoli in marcia;Rettilineo;Più di due carreggiate;Asciutto;Asfaltata;Verticale ed orizzontale;Sereno;Normale;Buona;Ore Diurne;1;0;0;1;12.5173;41.9205;-1;1;Motociclo a solo;In marcia / fermata / arresto;Conducente;M;Illeso;0;;Non accertato;
4179220;3;11/01/2019 09:45:00;Strada Urbana;VIA NOMENTANA;da specificare;;;;fronte civico 333;Scontro frontale/laterale DX fra veicoli in marcia;Rettilineo;Più di due carreggiate;Asciutto;Asfaltata;Verticale ed orizzontale;Sereno;Normale;Buona;Ore Diurne;1;0;0;1;12.5173;41.9205;-1;2;Motociclo a solo;In marcia / fermata / arresto;Conducente;M;Rimandato;0;NON DECEDUTO;Non accertato;
4179223;3;11/01/2019 08:25:00;Strada Urbana;PIAZZALE DEL VERANO;da specificare;;;;fronte civico 36;Infortunio per sola frenata improvvisa;Rettilineo;Una carreggiata a doppio senso;Ghiacciato;Asfaltata;Verticale ed orizzontale;Sereno;Normale;Buona;Ore Diurne;1;0;0;0;12.5188;41.9018;-1;1;Motociclo a solo;In marcia / fermata / arresto;Conducente;F;Rimandato;0;NON DECEDUTO;Non accertato;
4179246;18;15/01/2019 14:15:00;Strada Urbana;VIA CRISTOFORO NUMAI;da specificare;;;;altezza Via Ginetti;Infortunio per caduta del veicolo;Rettilineo;Una carreggiata a senso unico di marcia;Asciutto;Asfaltata;Verticale ed orizzontale;Sereno;Scarso;Buona;Ore Diurne;0;1;0;1;12.4068;41.9174;-1;1;Motociclo a solo;In marcia / fermata / arresto;Conducente;M;Illeso;0;;Non accertato;
4179246;18;15/01/2019 14:15:00;Strada Urbana;VIA CRISTOFORO NUMAI;da specificare;;;;altezza Via Ginetti;Infortunio per caduta del veicolo;Rettilineo;Una carreggiata a senso unico di marcia;Asciutto;Asfaltata;Verticale ed orizzontale;Sereno;Scarso;Buona;Ore Diurne;0;1;0;1;12.4068;41.9174;-1;1;Motociclo a solo;In marcia / fermata / arresto;Passeggero;M;Prognosi riservata;0;NON DECEDUTO;Non accertato;
4179259;17;15/01/2019 11:20:00;Strada Urbana;VIA VALADIER;all'intersezione con;VIA LUCREZIO CARO;VIA LUCREZIO CARO;;;Scontro frontale/laterale DX fra veicoli in marcia;Incrocio;Una carreggiata a senso unico di marcia;Asciutto;In cubetti di porfido;Verticale ed orizzontale;Sereno;Normale;Buona;Ore Diurne;0;0;0;2;12.4693;41.9082;-1;1;Autovettura privata;In marcia / fermata / arresto;Conducente;F;Illeso;0;;;
4179259;17;15/01/2019 11:20:00;Strada Urbana;VIA VALADIER;all'intersezione con;VIA LUCREZIO CARO;VIA LUCREZIO CARO;;;Scontro frontale/laterale DX fra veicoli in marcia;Incrocio;Una carreggiata a senso unico di marcia;Asciutto;In cubetti di porfido;Verticale ed orizzontale;Sereno;Normale;Buona;Ore Diurne;0;0;0;2;12.4693;41.9082;-1;2;Autovettura privata;In marcia / fermata / arresto;Conducente;F;Illeso;0;;;
4179293;6;15/01/2019 20:30:00;Strada Urbana;VIALE DELLA PRIMAVERA;da specificare;;;;fronte civico 300;Veicolo in marcia contro veicolo in sosta;Curva a visuale libera;Una carreggiata a doppio senso;Asciutto;Asfaltata;Verticale ed orizzontale;Sereno;Scarso;Insufficiente;Insufficiente;0;0;0;1;12.5604;41.8815;-1;1;Motociclo a solo;In marcia / fermata / arresto;Conducente;M;Illeso;0;;;
4179293;6;15/01/2019 20:30:00;Strada Urbana;VIALE DELLA PRIMAVERA;da specificare;;;;fronte civico 300;Veicolo in marcia contro veicolo in sosta;Curva a visuale libera;Una carreggiata a doppio senso;Asciutto;Asfaltata;Verticale ed orizzontale;Sereno;Scarso;Insufficiente;Insufficiente;0;0;0;1;12.5604;41.8815;-1;2;Autovettura privata;Sosta;;;;;;;
4179546;7;15/01/2019 08:00:00;Strada Urbana;VIA COLLATINA;in corrispondenza;;del civico n.;215;;Veicolo in marcia contro ostacolo accidentale;Rettilineo;Una carreggiata a doppio senso;Asciutto;Asfaltata;Orizzontale;Sereno;Normale;Buona;Ore Diurne;0;0;0;1;12.5847;41.9034;-1;1;Autovettura privata;In marcia / fermata / arresto;Conducente;M;Illeso;0;;Non accertato;Inesploso
4179548;20;15/01/2019 00:30:00;Regionale entro l'abitato;VIA CASSIA;all'intersezione con;VIA DEI DUE PONTI;VIA DEI DUE PONTI;;;Tamponamento;Intersezione semaforizzata;Una carreggiata a doppio senso;Asciutto;Asfaltata;Orizzontale;Sereno;Scarso;Sufficiente;Sufficiente;0;0;0;4;12.447;41.9631;-1;1;Autovettura privata;In marcia / fermata / arresto;Conducente;M;Illeso;0;;Non accertato;Inesploso
4179548;20;15/01/2019 00:30:00;Regionale entro l'abitato;VIA CASSIA;all'intersezione con;VIA DEI DUE PONTI;VIA DEI DUE PONTI;;;Tamponamento;Intersezione semaforizzata;Una carreggiata a doppio senso;Asciutto;Asfaltata;Orizzontale;Sereno;Scarso;Sufficiente;Sufficiente;0;0;0;4;12.447;41.9631;-1;1;Autovettura privata;In marcia / fermata / arresto;Passeggero;M;Illeso;0;;Non accertato;Inesploso
4179548;20;15/01/2019 00:30:00;Regionale entro l'abitato;VIA CASSIA;all'intersezione con;VIA DEI DUE PONTI;VIA DEI DUE PONTI;;;Tamponamento;Intersezione semaforizzata;Una carreggiata a doppio senso;Asciutto;Asfaltata;Orizzontale;Sereno;Scarso;Sufficiente;Sufficiente;0;0;0;4;12.447;41.9631;-1;1;Autovettura privata;In marcia / fermata / arresto;Passeggero;M;Illeso;0;;Non accertato;Inesploso
4179548;20;15/01/2019 00:30:00;Regionale entro l'abitato;VIA CASSIA;all'intersezione con;VIA DEI DUE PONTI;VIA DEI DUE PONTI;;;Tamponamento;Intersezione semaforizzata;Una carreggiata a doppio senso;Asciutto;Asfaltata;Orizzontale;Sereno;Scarso;Sufficiente;Sufficiente;0;0;0;4;12.447;41.9631;-1;2;Autovettura privata;In marcia / fermata / arresto;Conducente;M;Illeso;0;;Non accertato;Inesploso
4179562;7;15/01/2019 07:10:00;Strada Urbana;VIA CASILINA;all'intersezione con;VIALE PALMIRO TOGLIATTI;VIALE PALMIRO TOGLIATTI;;;Scontro laterale fra veicoli in marcia;Intersezione semaforizzata;Due carreggiate;Asciutto;Asfaltata;Verticale ed orizzontale;Sereno;Normale;Buona;Ore Diurne;0;0;0;2;12.5699;41.874;-1;1;Autovettura privata;In marcia / fermata / arresto;Conducente;M;Illeso;0;;Non accertato;
4179562;7;15/01/2019 07:10:00;Strada Urbana;VIA CASILINA;all'intersezione con;VIALE PALMIRO TOGLIATTI;VIALE PALMIRO TOGLIATTI;;;Scontro laterale fra veicoli in marcia;Intersezione semaforizzata;Due carreggiate;Asciutto;Asfaltata;Verticale ed orizzontale;Sereno;Normale;Buona;Ore Diurne;0;0;0;2;12.5699;41.874;-1;2;Autovettura privata;Allontanatosi;Conducente;F;Illeso;0;;;
4179569;11;15/01/2019 13:40:00;Strada Urbana;VIA DI FIORANELLO;in prossimità;;del civico n.;63;;Fuoriuscita dalla sede stradale;Curva senza visuale libera;Una carreggiata a doppio senso;Asciutto;Asfaltata;Verticale ed orizzontale;Sereno;Normale;Buona;Ore Diurne;0;0;0;1;12.5688;41.7829;-1;1;Autovettura privata;In marcia / fermata / arresto;Conducente;F;Illeso;0;;;
4179576;9;15/01/2019 22:20:00;Strada Urbana;VIALE MARCO FULVIO NOBILIORE;all'intersezione con;VIA GIUSEPPE SALVIOLI;VIA GIUSEPPE SALVIOLI;;;Scontro frontale/laterale SX fra veicoli in marcia;Intersezione stradale segnalata;Due carreggiate;Asciutto;Asfaltata;Verticale ed orizzontale;Sereno;Scarso;Sufficiente;Inesistente;0;0;0;3;12.5659;41.8608;-1;1;Autovettura privata;In marcia / fermata / arresto;Conducente;M;Illeso;0;;Non accertato;Inesploso
4179576;9;15/01/2019 22:20:00;Strada Urbana;VIALE MARCO FULVIO NOBILIORE;all'intersezione con;VIA GIUSEPPE SALVIOLI;VIA GIUSEPPE SALVIOLI;;;Scontro frontale/laterale SX fra veicoli in marcia;Intersezione stradale segnalata;Due carreggiate;Asciutto;Asfaltata;Verticale ed orizzontale;Sereno;Scarso;Sufficiente;Inesistente;0;0;0;3;12.5659;41.8608;-1;2;Autovettura privata;In marcia / fermata / arresto;Conducente;M;Illeso;0;;Non accertato;Inesploso
4179576;9;15/01/2019 22:20:00;Strada Urbana;VIALE MARCO FULVIO NOBILIORE;all'intersezione con;VIA GIUSEPPE SALVIOLI;VIA GIUSEPPE SALVIOLI;;;Scontro frontale/laterale SX fra veicoli in marcia;Intersezione stradale segnalata;Due carreggiate;Asciutto;Asfaltata;Verticale ed orizzontale;Sereno;Scarso;Sufficiente;Inesistente;0;0;0;3;12.5659;41.8608;-1;2;Autovettura privata;In marcia / fermata / arresto;Passeggero;F;Illeso;0;;Non accertato;Inesploso
4179580;11;15/01/2019 09:00:00;Provinciale entro l'abitato;VIA ARDEATINA;in prossimità;;del palo luce n.;72;;Scontro frontale/laterale SX fra veicoli in marcia;Rettilineo;Una carreggiata a senso unico alternato;Asciutto;Asfaltata;Verticale ed orizzontale;Sereno;Normale;Buona;Ore Diurne;3;0;0;0;12.5255;41.8131;-1;1;Autovettura privata;In marcia / fermata / arresto;Conducente;M;Rifiuta cure immediate;0;NON DECEDUTO;Non accertato;
4179580;11;15/01/2019 09:00:00;Provinciale entro l'abitato;VIA ARDEATINA;in prossimità;;del palo luce n.;72;;Scontro frontale/laterale SX fra veicoli in marcia;Rettilineo;Una carreggiata a senso unico alternato;Asciutto;Asfaltata;Verticale ed orizzontale;Sereno;Normale;Buona;Ore Diurne;3;0;0;0;12.5255;41.8131;-1;2;Autovettura privata;In marcia / fermata / arresto;Conducente;F;Rimandato;0;NON DECEDUTO;Non accertato;
4179580;11;15/01/2019 09:00:00;Provinciale entro l'abitato;VIA ARDEATINA;in prossimità;;del palo luce n.;72;;Scontro frontale/laterale SX fra veicoli in marcia;Rettilineo;Una carreggiata a senso unico alternato;Asciutto;Asfaltata;Verticale ed orizzontale;Sereno;Normale;Buona;Ore Diurne;3;0;0;0;12.5255;41.8131;-1;3;Autovettura privata;In marcia / fermata / arresto;Conducente;F;Rimandato;0;NON DECEDUTO;Non accertato;
4179594;5;15/01/2019 10:30:00;Strada Urbana;VIA DI SCORTICABOVE;in prossimità;;del civico n.;80;;Veicolo in marcia contro veicoli in sosta;Rettilineo;Una carreggiata a doppio senso;Asciutto;Asfaltata;Assente;Sereno;Normale;Buona;Ore Diurne;0;0;0;2;12.5866;41.9345;-1;1;Autovettura privata;In marcia / fermata / arresto;Conducente;F;Illeso;0;;Non accertato;Inesploso
4179594;5;15/01/2019 10:30:00;Strada Urbana;VIA DI SCORTICABOVE;in prossimità;;del civico n.;80;;Veicolo in marcia contro veicoli in sosta;Rettilineo;Una carreggiata a doppio senso;Asciutto;Asfaltata;Assente;Sereno;Normale;Buona;Ore Diurne;0;0;0;2;12.5866;41.9345;-1;2;Autovettura privata;Sosta;;;;;;;
4179594;5;15/01/2019 10:30:00;Strada Urbana;VIA DI SCORTICABOVE;in prossimità;;del civico n.;80;;Veicolo in marcia contro veicoli in sosta;Rettilineo;Una carreggiata a doppio senso;Asciutto;Asfaltata;Assente;Sereno;Normale;Buona;Ore Diurne;0;0;0;2;12.5866;41.9345;-1;3;Autovettura privata;In marcia / fermata / arresto;Conducente;M;Illeso;0;;Non accertato;Inesploso
4179597;8;15/01/2019 06:50:00;Strada Urbana;VIA VICARI;in prossimità;;del civico n.;1;;Veicolo in marcia contro veicolo in sosta;Pendenza;Una carreggiata a doppio senso;Bagnato (umidità in atto);Strada pavimentata dissestata;Assente;Sereno;Normale;Sufficiente;Sufficiente;0;0;0;0;12.6493;41.8697;-1;1;Autovettura privata;Sosta;;;;;;;
4179597;8;15/01/2019 06:50:00;Strada Urbana;VIA VICARI;in prossimità;;del civico n.;1;;Veicolo in marcia contro veicolo in sosta;Pendenza;Una carreggiata a doppio senso;Bagnato (umidità in atto);Strada pavimentata dissestata;Assente;Sereno;Normale;Sufficiente;Sufficiente;0;0;0;0;12.6493;41.8697;-1;2;Autovettura privata;Allontanatosi;;;;;;;
4179606;8;15/01/2019 06:15:00;Statale entro l'abitato;VIA CASILINA;all'intersezione con;VIA MUSSOMELI;VIA MUSSOMELI;;;Scontro laterale fra veicoli in marcia;Incrocio;Una carreggiata a doppio senso;Asciutto;Asfaltata;Orizzontale;Sereno;Normale;Sufficiente;Sufficiente;1;0;0;1;12.6745;41.8639;-1;1;Motociclo a solo;In marcia / fermata / arresto;Conducente;M;Ricoverato;0;NON DECEDUTO;Non accertato;
4179606;8;15/01/2019 06:15:00;Statale entro l'abitato;VIA CASILINA;all'intersezione con;VIA MUSSOMELI;VIA MUSSOMELI;;;Scontro laterale fra veicoli in marcia;Incrocio;Una carreggiata a doppio senso;Asciutto;Asfaltata;Orizzontale;Sereno;Normale;Sufficiente;Sufficiente;1;0;0;1;12.6745;41.8639;-1;2;Autocarro inferiore 35 q.;In marcia / fermata / arresto;Conducente;M;Illeso;0;;Non accertato;Inesploso
4179613;13;15/01/2019 10:05:00;Strada Urbana;VIA BRUNO MOLAJOLI;da specificare;;;;prossimità via Franco Gentilini;Scontro laterale fra veicoli in marcia;Rettilineo;Una carreggiata a doppio senso;Asciutto;Asfaltata;Verticale;Sereno;Scarso;Buona;Ore Diurne;0;0;0;2;12.3629;41.7709;-1;1;Autovettura privata;In marcia / fermata / arresto;Conducente;F;Illeso;0;;Non accertato;Inesploso
4179613;13;15/01/2019 10:05:00;Strada Urbana;VIA BRUNO MOLAJOLI;da specificare;;;;prossimità via Franco Gentilini;Scontro laterale fra veicoli in marcia;Rettilineo;Una carreggiata a doppio senso;Asciutto;Asfaltata;Verticale;Sereno;Scarso;Buona;Ore Diurne;0;0;0;2;12.3629;41.7709;-1;2;Autovettura privata;In marcia / fermata / arresto;Conducente;M;Illeso;0;;Non accertato;Inesploso
4179615;11;15/01/2019 13:20:00;Strada Urbana;LARGO LEONARDO DA VINCI;all'intersezione con;VIA GABRIELLO CHIABRERA;VIA GABRIELLO CHIABRERA;;;Scontro frontale/laterale SX fra veicoli in marcia;Incrocio;Due carreggiate;Asciutto;Asfaltata;Verticale ed orizzontale;Sereno;Normale;Buona;Ore Diurne;1;0;0;1;12.48;41.8565;-1;1;Autovettura privata;In marcia / fermata / arresto;Conducente;F;Illeso;0;;Non accertato;
4179615;11;15/01/2019 13:20:00;Strada Urbana;LARGO LEONARDO DA VINCI;all'intersezione con;VIA GABRIELLO CHIABRERA;VIA GABRIELLO CHIABRERA;;;Scontro frontale/laterale SX fra veicoli in marcia;Incrocio;Due carreggiate;Asciutto;Asfaltata;Verticale ed orizzontale;Sereno;Normale;Buona;Ore Diurne;1;0;0;1;12.48;41.8565;-1;2;Motociclo a solo;In marcia / fermata / arresto;Conducente;F;Rimandato;0;NON DECEDUTO;Non accertato;
4179619;1;15/01/2019 12:10:00;Strada Urbana;PIAZZA DEI CINQUECENTO;all'intersezione semaforizzata con;VIALE ENRICO DE NICOLA;VIALE ENRICO DE NICOLA;;;Scontro laterale fra veicoli in marcia;Intersezione semaforizzata;Una carreggiata a senso unico di marcia;Asciutto;Asfaltata;Verticale ed orizzontale;Sereno;Normale;Buona;Ore Diurne;0;0;0;3;12.4998;41.9018;-1;1;Autovettura privata;In marcia / fermata / arresto;Conducente;F;Illeso;0;;;
4179619;1;15/01/2019 12:10:00;Strada Urbana;PIAZZA DEI CINQUECENTO;all'intersezione semaforizzata con;VIALE ENRICO DE NICOLA;VIALE ENRICO DE NICOLA;;;Scontro laterale fra veicoli in marcia;Intersezione semaforizzata;Una carreggiata a senso unico di marcia;Asciutto;Asfaltata;Verticale ed orizzontale;Sereno;Normale;Buona;Ore Diurne;0;0;0;3;12.4998;41.9018;-1;2;Autovettura privata;In marcia / fermata / arresto;Conducente;M;Illeso;0;;;
4179619;1;15/01/2019 12:10:00;Strada Urbana;PIAZZA DEI CINQUECENTO;all'intersezione semaforizzata con;VIALE ENRICO DE NICOLA;VIALE ENRICO DE NICOLA;;;Scontro laterale fra veicoli in marcia;Intersezione semaforizzata;Una carreggiata a senso unico di marcia;Asciutto;Asfaltata;Verticale ed orizzontale;Sereno;Normale;Buona;Ore Diurne;0;0;0;3;12.4998;41.9018;-1;2;Autovettura privata;In marcia / fermata / arresto;Passeggero;F;Illeso;0;;;
4179621;8;15/01/2019 18:50:00;Strada Urbana;VIA SICULIANA;in prossimità;;del civico n.;124;;Veicolo in marcia contro veicolo arresto;Rettilineo;Una carreggiata a doppio senso;Asciutto;Asfaltata;Verticale;Sereno;Normale;Sufficiente;Sufficiente;0;0;0;3;12.6553;41.8702;-1;1;Autovettura privata;In marcia / fermata / arresto;Conducente;F;Illeso;0;;Non accertato;Inesploso
4179621;8;15/01/2019 18:50:00;Strada Urbana;VIA SICULIANA;in prossimità;;del civico n.;124;;Veicolo in marcia contro veicolo arresto;Rettilineo;Una carreggiata a doppio senso;Asciutto;Asfaltata;Verticale;Sereno;Normale;Sufficiente;Sufficiente;0;0;0;3;12.6553;41.8702;-1;1;Autovettura privata;In marcia / fermata / arresto;Passeggero;F;Illeso;0;;Non accertato;Inesploso
4179621;8;15/01/2019 18:50:00;Strada Urbana;VIA SICULIANA;in prossimità;;del civico n.;124;;Veicolo in marcia contro veicolo arresto;Rettilineo;Una carreggiata a doppio senso;Asciutto;Asfaltata;Verticale;Sereno;Normale;Sufficiente;Sufficiente;0;0;0;3;12.6553;41.8702;-1;2;Autovettura privata;In marcia / fermata / arresto;Conducente;M;Illeso;0;;Non accertato;Inesploso
4179625;8;15/01/2019 22:25:00;Strada Urbana;VIA COLLATINA;in corrispondenza;;del palo luce n.;571;;Tamponamento;Curva senza visuale libera;Una carreggiata a doppio senso;Asciutto;Asfaltata;Orizzontale;Sereno;Scarso;Sufficiente;Sufficiente;0;0;0;4;12.6108;41.9059;-1;1;Autovettura privata;In marcia / fermata / arresto;Conducente;F;Illeso;0;;;
4179625;8;15/01/2019 22:25:00;Strada Urbana;VIA COLLATINA;in corrispondenza;;del palo luce n.;571;;Tamponamento;Curva senza visuale libera;Una carreggiata a doppio senso;Asciutto;Asfaltata;Orizzontale;Sereno;Scarso;Sufficiente;Sufficiente;0;0;0;4;12.6108;41.9059;-1;2;Autovettura privata;In marcia / fermata / arresto;Conducente;M;Illeso;0;;;
4179625;8;15/01/2019 22:25:00;Strada Urbana;VIA COLLATINA;in corrispondenza;;del palo luce n.;571;;Tamponamento;Curva senza visuale libera;Una carreggiata a doppio senso;Asciutto;Asfaltata;Orizzontale;Sereno;Scarso;Sufficiente;Sufficiente;0;0;0;4;12.6108;41.9059;-1;2;Autovettura privata;In marcia / fermata / arresto;Passeggero;F;Illeso;0;;;
4179625;8;15/01/2019 22:25:00;Strada Urbana;VIA COLLATINA;in corrispondenza;;del palo luce n.;571;;Tamponamento;Curva senza visuale libera;Una carreggiata a doppio senso;Asciutto;Asfaltata;Orizzontale;Sereno;Scarso;Sufficiente;Sufficiente;0;0;0;4;12.6108;41.9059;-1;2;Autovettura privata;In marcia / fermata / arresto;Passeggero;F;Illeso;0;;;
4179630;8;15/01/2019 09:30:00;Strada Urbana;VIA DI TOR BELLA MONACA;da specificare;;;;direz. GRA altezza distributore Total Erg;Veicolo in marcia contro ostacolo accidentale;Rettilineo;Due carreggiate;Asciutto;Asfaltata;Verticale ed orizzontale;Sereno;Normale;Sufficiente;Ore Diurne;0;0;0;1;;;0;1;Autovettura privata;In marcia / fermata / arresto;Conducente;F;Illeso;0;;Non accertato;Inesploso
4179632;4;15/01/2019 07:55:00;Strada Urbana;VIA DELLA CECCHINA;in prossimità;;del civico n.;20;;Scontro laterale fra veicoli in marcia;Rettilineo;Una carreggiata a doppio senso;Asciutto;Asfaltata;Orizzontale;Sereno;Normale;Buona;Ore Diurne;0;0;0;3;12.5423;41.9467;-1;1;Autovettura privata;In marcia / fermata / arresto;Conducente;M;Illeso;0;;;
4179632;4;15/01/2019 07:55:00;Strada Urbana;VIA DELLA CECCHINA;in prossimità;;del civico n.;20;;Scontro laterale fra veicoli in marcia;Rettilineo;Una carreggiata a doppio senso;Asciutto;Asfaltata;Orizzontale;Sereno;Normale;Buona;Ore Diurne;0;0;0;3;12.5423;41.9467;-1;1;Autovettura privata;In marcia / fermata / arresto;Passeggero;F;Illeso;0;;;
4179632;4;15/01/2019 07:55:00;Strada Urbana;VIA DELLA CECCHINA;in prossimità;;del civico n.;20;;Scontro laterale fra veicoli in marcia;Rettilineo;Una carreggiata a doppio senso;Asciutto;Asfaltata;Orizzontale;Sereno;Normale;Buona;Ore Diurne;0;0;0;3;12.5423;41.9467;-1;2;Autovettura privata;In marcia / fermata / arresto;Conducente;M;Illeso;0;;;
4179635;10;16/01/2019 07:15:00;Strada Urbana;VIA TUSCOLANA;all'intersezione semaforizzata con;CIRCONVALLAZIONE TUSCOLANA;CIRCONVALLAZIONE TUSCOLANA;;;Scontro laterale fra veicoli in marcia;Incrocio;Una carreggiata a doppio senso;Asciutto;Asfaltata;Verticale ed orizzontale;Sereno;Normale;Buona;Sufficiente;1;0;0;1;12.5699;41.8523;-1;1;Autovettura privata;In marcia / fermata / arresto;Conducente;M;Illeso;0;;Non accertato;Inesploso
4179635;10;16/01/2019 07:15:00;Strada Urbana;VIA TUSCOLANA;all'intersezione semaforizzata con;CIRCONVALLAZIONE TUSCOLANA;CIRCONVALLAZIONE TUSCOLANA;;;Scontro laterale fra veicoli in marcia;Incrocio;Una carreggiata a doppio senso;Asciutto;Asfaltata;Verticale ed orizzontale;Sereno;Normale;Buona;Sufficiente;1;0;0;1;12.5699;41.8523;-1;2;Autovettura privata;In marcia / fermata / arresto;Conducente;M;Rimandato;0;NON DECEDUTO;Non accertato;Inesploso
4179636;4;15/01/2019 20:30:00;Statale entro l'abitato;VIA SALARIA;da specificare;;;;intersezione uscita A1;Scontro frontale/laterale DX fra veicoli in marcia;Rettilineo;Due carreggiate;Asciutto;Asfaltata;Verticale ed orizzontale;Sereno;Normale;Sufficiente;Sufficiente;0;0;0;2;12.53;42.0175;-1;1;Autovettura privata;In marcia / fermata / arresto;Conducente;M;Illeso;0;;;Esploso
4179636;4;15/01/2019 20:30:00;Statale entro l'abitato;VIA SALARIA;da specificare;;;;intersezione uscita A1;Scontro frontale/laterale DX fra veicoli in marcia;Rettilineo;Due carreggiate;Asciutto;Asfaltata;Verticale ed orizzontale;Sereno;Normale;Sufficiente;Sufficiente;0;0;0;2;12.53;42.0175;-1;2;Autovettura privata;In marcia / fermata / arresto;Conducente;M;Illeso;0;;Non accertato;
4179637;4;15/01/2019 14:30:00;Strada Urbana;VIA DELLA BUFALOTTA;all'intersezione semaforizzata con;VIA RENATO FUCINI;VIA RENATO FUCINI;;;Scontro frontale/laterale SX fra veicoli in marcia;Intersezione semaforizzata;Una carreggiata a doppio senso;Asciutto;Asfaltata;Verticale ed orizzontale;Sereno;Normale;Buona;Ore Diurne;0;0;0;3;12.5499;41.9676;-1;1;Autovettura privata;In marcia / fermata / arresto;Conducente;M;Illeso;0;;Non accertato;
4179637;4;15/01/2019 14:30:00;Strada Urbana;VIA DELLA BUFALOTTA;all'intersezione semaforizzata con;VIA RENATO FUCINI;VIA RENATO FUCINI;;;Scontro frontale/laterale SX fra veicoli in marcia;Intersezione semaforizzata;Una carreggiata a doppio senso;Asciutto;Asfaltata;Verticale ed orizzontale;Sereno;Normale;Buona;Ore Diurne;0;0;0;3;12.5499;41.9676;-1;2;Autovettura privata;In marcia / fermata / arresto;Conducente;F;Illeso;0;;Non accertato;
4179637;4;15/01/2019 14:30:00;Strada Urbana;VIA DELLA BUFALOTTA;all'intersezione semaforizzata con;VIA RENATO FUCINI;VIA RENATO FUCINI;;;Scontro frontale/laterale SX fra veicoli in marcia;Intersezione semaforizzata;Una carreggiata a doppio senso;Asciutto;Asfaltata;Verticale ed orizzontale;Sereno;Normale;Buona;Ore Diurne;0;0;0;3;12.5499;41.9676;-1;2;Autovettura privata;In marcia / fermata / arresto;Passeggero;F;Illeso;0;;Non accertato;
4179638;8;15/01/2019 06:00:00;Strada Urbana;VIA DI TOR BELLA MONACA;da specificare;;;;alt. diramaz. rampa direz. Via Aspertini;Veicolo in marcia contro ostacolo accidentale;Rettilineo;Due carreggiate;Asciutto;Asfaltata;Verticale ed orizzontale;Sereno;Normale;Insufficiente;Insufficiente;0;0;0;1;12.6282;41.8763;-1;1;Autovettura privata;In marcia / fermata / arresto;Conducente;M;Illeso;0;;;Inesploso
4179647;5;15/01/2019 13:30:00;Strada Urbana;PONTE MAMMOLO;da specificare;;;;STAZIONE METRO ATAC;Investimento di pedone;Curva a visuale libera;Una carreggiata a senso unico di marcia;Asciutto;Asfaltata;Verticale;Sereno;Normale;Buona;Ore Diurne;0;0;0;2;12.5653;41.9206;-1;;;;Pedone;M;Illeso;0;;;
4179647;5;15/01/2019 13:30:00;Strada Urbana;PONTE MAMMOLO;da specificare;;;;STAZIONE METRO ATAC;Investimento di pedone;Curva a visuale libera;Una carreggiata a senso unico di marcia;Asciutto;Asfaltata;Verticale;Sereno;Normale;Buona;Ore Diurne;0;0;0;2;12.5653;41.9206;-1;1;Autobus di linea;In marcia / fermata / arresto;Conducente;M;Illeso;0;;Non accertato;
4179654;5;15/01/2019 13:35:00;Strada Urbana;VIA TIBURTINA;all'intersezione con;VIA SAMBUCI;VIA SAMBUCI;;;Scontro frontale/laterale DX fra veicoli in marcia;Incrocio;Due carreggiate;Asciutto;Asfaltata;Verticale ed orizzontale;Sereno;Normale;Buona;Ore Diurne;3;0;0;0;12.6125;41.9359;-1;1;Autovettura privata;In marcia / fermata / arresto;Conducente;F;Rimandato;0;NON DECEDUTO;Non accertato;Esploso
4179654;5;15/01/2019 13:35:00;Strada Urbana;VIA TIBURTINA;all'intersezione con;VIA SAMBUCI;VIA SAMBUCI;;;Scontro frontale/laterale DX fra veicoli in marcia;Incrocio;Due carreggiate;Asciutto;Asfaltata;Verticale ed orizzontale;Sereno;Normale;Buona;Ore Diurne;3;0;0;0;12.6125;41.9359;-1;1;Autovettura privata;In marcia / fermata / arresto;Passeggero;F;Rimandato;0;NON DECEDUTO;Non accertato;Esploso
4179654;5;15/01/2019 13:35:00;Strada Urbana;VIA TIBURTINA;all'intersezione con;VIA SAMBUCI;VIA SAMBUCI;;;Scontro frontale/laterale DX fra veicoli in marcia;Incrocio;Due carreggiate;Asciutto;Asfaltata;Verticale ed orizzontale;Sereno;Normale;Buona;Ore Diurne;3;0;0;0;12.6125;41.9359;-1;2;Autovettura privata;In marcia / fermata / arresto;Conducente;M;Rimandato;0;NON DECEDUTO;Non accertato;Inesploso