Protocollo;Gruppo;DataOraIncidente;Localizzazione1;STRADA1;Localizzazione2;STRADA2;Strada02;Chilometrica;DaSpecificare;NaturaIncidente;particolaritastrade;TipoStrada;FondoStradale;Pavimentazione;Segnaletica;CondizioneAtmosferica;Traffico;Visibilita;Illuminazione;NUM_FERITI;NUM_RISERVATA;NUM_MORTI;NUM_ILLESI;Longitudine;Latitudine;Confermato;Progressivo;TipoVeicolo;StatoVeicolo;TipoPersona;Sesso;Tipolesione;Deceduto;DecedutoDopo;CinturaCascoUtilizzato;Airbag;
4182726;9;17/01/2019 15:30:00;Strada Urbana;CIRCONVALLAZIONE APPIA;in prossimità;;del civico n.;97;;Veicolo in marcia contro veicoli in sosta;Rettilineo;Una carreggiata a doppio senso;Asciutto;Asfaltata;Verticale ed orizzontale;Sereno;Normale;Buona;Ore Diurne;0;0;0;1;12.5134;41.8749;-1;3;Autovettura privata;Sosta;;;;;;;
4182729;9;17/01/2019 18:20:00;Strada Urbana;VIA IMERA;da specificare;;;;fronte civico 14;Scontro laterale fra veicoli in marcia;Rettilineo;Una carreggiata a doppio senso;Bagnato (pioggia);Asfaltata;Verticale ed orizzontale;Nuvoloso;Normale;Sufficiente;Sufficiente;0;0;0;2;12.5108;41.878;-1;1;Autovettura privata;In marcia / fermata / arresto;Conducente;M;Illeso;0;;Non accertato;Inesploso
4182729;9;17/01/2019 18:20:00;Strada Urbana;VIA IMERA;da specificare;;;;fronte civico 14;Scontro laterale fra veicoli in marcia;Rettilineo;Una carreggiata a doppio senso;Bagnato (pioggia);Asfaltata;Verticale ed orizzontale;Nuvoloso;Normale;Sufficiente;Sufficiente;0;0;0;2;12.5108;41.878;-1;2;Autovettura privata;In marcia / fermata / arresto;Conducente;M;Illeso;0;;Non accertato;Inesploso
4182736;12;17/01/2019 18:00:00;Strada Urbana;VIA CRISTOFORO COLOMBO;in prossimità;;del civico n.;977;;Veicolo in marcia contro ostacolo accidentale;Rettilineo;Più di due carreggiate;Bagnato (pioggia);Asfaltata;Verticale ed orizzontale;Nuvoloso;Normale;Buona;Inesistente;0;0;0;2;12.4785;41.846;-1;1;Autocarro inferiore 35 q.;In marcia / fermata / arresto;Conducente;M;Illeso;0;;Utilizzato;Inesistente
4182736;12;17/01/2019 18:00:00;Strada Urbana;VIA CRISTOFORO COLOMBO;in prossimità;;del civico n.;977;;Veicolo in marcia contro ostacolo accidentale;Rettilineo;Più di due carreggiate;Bagnato (pioggia);Asfaltata;Verticale ed orizzontale;Nuvoloso;Normale;Buona;Inesistente;0;0;0;2;12.4785;41.846;-1;1;Autocarro inferiore 35 q.;In marcia / fermata / arresto;Passeggero;M;Illeso;0;;Utilizzato;Inesistente
4183030;11;17/01/2019 17:30:00;Strada Urbana;VIA GIAMPIERO COMBI;in prossimità;;del civico n.;71;;Scontro laterale fra veicoli in marcia;Rettilineo;Una carreggiata a senso unico di marcia;Bagnato (pioggia);Asfaltata;Verticale ed orizzontale;Nuvoloso;Scarso;Sufficiente;Sufficiente;1;0;0;4;12.5032;41.833;-1;1;Autovettura privata;In marcia / fermata / arresto;Conducente;M;Illeso;0;;Utilizzato;Inesploso
4183030;11;17/01/2019 17:30:00;Strada Urbana;VIA GIAMPIERO COMBI;in prossimità;;del civico n.;71;;Scontro laterale fra veicoli in marcia;Rettilineo;Una carreggiata a senso unico di marcia;Bagnato (pioggia);Asfaltata;Verticale ed orizzontale;Nuvoloso;Scarso;Sufficiente;Sufficiente;1;0;0;4;12.5032;41.833;-1;1;Autovettura privata;In marcia / fermata / arresto;Passeggero;M;Illeso;0;;;Inesploso
4183030;11;17/01/2019 17:30:00;Strada Urbana;VIA GIAMPIERO COMBI;in prossimità;;del civico n.;71;;Scontro laterale fra veicoli in marcia;Rettilineo;Una carreggiata a senso unico di marcia;Bagnato (pioggia);Asfaltata;Verticale ed orizzontale;Nuvoloso;Scarso;Sufficiente;Sufficiente;1;0;0;4;12.5032;41.833;-1;1;Autovettura privata;In marcia / fermata / arresto;Passeggero;F;Illeso;0;;;Inesploso
4183030;11;17/01/2019 17:30:00;Strada Urbana;VIA GIAMPIERO COMBI;in prossimità;;del civico n.;71;;Scontro laterale fra veicoli in marcia;Rettilineo;Una carreggiata a senso unico di marcia;Bagnato (pioggia);Asfaltata;Verticale ed orizzontale;Nuvoloso;Scarso;Sufficiente;Sufficiente;1;0;0;4;12.5032;41.833;-1;2;Motociclo con passeggero;In marcia / fermata / arresto;Conducente;M;Illeso;0;;Utilizzato;
4183030;11;17/01/2019 17:30:00;Strada Urbana;VIA GIAMPIERO COMBI;in prossimità;;del civico n.;71;;Scontro laterale fra veicoli in marcia;Rettilineo;Una carreggiata a senso unico di marcia;Bagnato (pioggia);Asfaltata;Verticale ed orizzontale;Nuvoloso;Scarso;Sufficiente;Sufficiente;1;0;0;4;12.5032;41.833;-1;2;Motociclo con passeggero;In marcia / fermata / arresto;Passeggero;M;Rifiuta cure immediate;0;NON DECEDUTO;;
4183048;11;17/01/2019 22:00:00;Strada Urbana;VIA VALCO DI S. PAOLO;da specificare;;;;prossimità Viale Marconi;Investimento di pedone;Rettilineo;Una carreggiata a doppio senso;Bagnato (pioggia);Asfaltata;Verticale ed orizzontale;Nuvoloso;Scarso;Buona;Sufficiente;3;0;0;0;12.4736;41.8524;-1;;;;Pedone;M;Ricoverato;0;NON DECEDUTO;;
4183048;11;17/01/2019 22:00:00;Strada Urbana;VIA VALCO DI S. PAOLO;da specificare;;;;prossimità Viale Marconi;Investimento di pedone;Rettilineo;Una carreggiata a doppio senso;Bagnato (pioggia);Asfaltata;Verticale ed orizzontale;Nuvoloso;Scarso;Buona;Sufficiente;3;0;0;0;12.4736;41.8524;-1;;;;Pedone;M;Rimandato;0;NON DECEDUTO;;
4183048;11;17/01/2019 22:00:00;Strada Urbana;VIA VALCO DI S. PAOLO;da specificare;;;;prossimità Viale Marconi;Investimento di pedone;Rettilineo;Una carreggiata a doppio senso;Bagnato (pioggia);Asfaltata;Verticale ed orizzontale;Nuvoloso;Scarso;Buona;Sufficiente;3;0;0;0;12.4736;41.8524;-1;1;Autovettura privata;In marcia / fermata / arresto;Conducente;F;Rimandato;0;NON DECEDUTO;;
4183059;15;17/01/2019 18:50:00;Strada Urbana;VIA PORTUENSE;in prossimità;;del civico n.;489;;Investimento di pedone;Rettilineo;Una carreggiata a doppio senso;Bagnato (pioggia);Asfaltata;Verticale ed orizzontale;Pioggia in atto;Normale;Buona;Sufficiente;1;1;0;0;12.4522;41.861;-1;;;;Pedone;F;Prognosi riservata;0;NON DECEDUTO;;
4183059;15;17/01/2019 18:50:00;Strada Urbana;VIA PORTUENSE;in prossimità;;del civico n.;489;;Investimento di pedone;Rettilineo;Una carreggiata a doppio senso;Bagnato (pioggia);Asfaltata;Verticale ed orizzontale;Pioggia in atto;Normale;Buona;Sufficiente;1;1;0;0;12.4522;41.861;-1;1;Motociclo a solo;In marcia / fermata / arresto;Conducente;M;Ricoverato;0;NON DECEDUTO;Non accertato;
4183091;9;17/01/2019 23:30:00;Strada Urbana;VIA CALPURNIO FIAMMA;all'intersezione con;VIALE S. GIOVANNI BOSCO;VIALE S. GIOVANNI BOSCO;;;Scontro frontale/laterale DX fra veicoli in marcia;Incrocio;Due carreggiate;Bagnato (umidità in atto);Asfaltata;Verticale ed orizzontale;Nuvoloso;Scarso;Sufficiente;Sufficiente;0;0;0;2;12.5608;41.8608;-1;1;Autovettura privata;In marcia / fermata / arresto;Conducente;M;Illeso;0;;Non accertato;Inesploso
4183091;9;17/01/2019 23:30:00;Strada Urbana;VIA CALPURNIO FIAMMA;all'intersezione con;VIALE S. GIOVANNI BOSCO;VIALE S. GIOVANNI BOSCO;;;Scontro frontale/laterale DX fra veicoli in marcia;Incrocio;Due carreggiate;Bagnato (umidità in atto);Asfaltata;Verticale ed orizzontale;Nuvoloso;Scarso;Sufficiente;Sufficiente;0;0;0;2;12.5608;41.8608;-1;2;Autovettura privata;In marcia / fermata / arresto;Conducente;M;Illeso;0;;Non accertato;Inesploso
4183106;9;17/01/2019 19:30:00;Strada Urbana;VIA CALPURNIO FIAMMA;all'intersezione con;VIA FLAVIO STILICONE;VIA FLAVIO STILICONE;;;Investimento di pedone;Incrocio;Due carreggiate;Bagnato (pioggia);Asfaltata;Verticale ed orizzontale;Pioggia in atto;Normale;Sufficiente;Sufficiente;1;0;0;1;12.56;41.8596;-1;;;;Pedone;M;Rimandato;0;NON DECEDUTO;;
4183106;9;17/01/2019 19:30:00;Strada Urbana;VIA CALPURNIO FIAMMA;all'intersezione con;VIA FLAVIO STILICONE;VIA FLAVIO STILICONE;;;Investimento di pedone;Incrocio;Due carreggiate;Bagnato (pioggia);Asfaltata;Verticale ed orizzontale;Pioggia in atto;Normale;Sufficiente;Sufficiente;1;0;0;1;12.56;41.8596;-1;1;Motociclo a solo;In marcia / fermata / arresto;Conducente;M;Illeso;0;;Non accertato;
4183112;8;17/01/2019 18:15:00;Statale entro l'abitato;VIA CASILINA;da specificare;;;;alt. Via dell'Aquila Reale;Scontro laterale fra veicoli in marcia;Rettilineo;Una carreggiata a doppio senso;Bagnato (pioggia);Asfaltata;Verticale ed orizzontale;Pioggia in atto;Intenso;Sufficiente;Sufficiente;0;0;0;2;12.5966;41.8665;-1;1;Autovettura privata;In marcia / fermata / arresto;Conducente;M;Illeso;0;;Non accertato;Inesistente
4183112;8;17/01/2019 18:15:00;Statale entro l'abitato;VIA CASILINA;da specificare;;;;alt. Via dell'Aquila Reale;Scontro laterale fra veicoli in marcia;Rettilineo;Una carreggiata a doppio senso;Bagnato (pioggia);Asfaltata;Verticale ed orizzontale;Pioggia in atto;Intenso;Sufficiente;Sufficiente;0;0;0;2;12.5966;41.8665;-1;2;Autovettura privata;In marcia / fermata / arresto;Conducente;M;Illeso;0;;Non accertato;Inesploso
4183113;8;17/01/2019 01:15:00;Strada Urbana;VIA PIETRO PIFFETTI;in prossimità;;del civico n.;70;;Veicolo in marcia contro veicoli in sosta;Rettilineo;Una carreggiata a senso unico di marcia;Asciutto;Asfaltata;Verticale ed orizzontale;Nuvoloso;Scarso;Sufficiente;Sufficiente;0;0;0;0;12.6049;41.8593;-1;1;Autovettura privata;Sosta;;;;;;;
4183113;8;17/01/2019 01:15:00;Strada Urbana;VIA PIETRO PIFFETTI;in prossimità;;del civico n.;70;;Veicolo in marcia contro veicoli in sosta;Rettilineo;Una carreggiata a senso unico di marcia;Asciutto;Asfaltata;Verticale ed orizzontale;Nuvoloso;Scarso;Sufficiente;Sufficiente;0;0;0;0;12.6049;41.8593;-1;2;Autovettura privata;Sosta;;;;;;;
4183113;8;17/01/2019 01:15:00;Strada Urbana;VIA PIETRO PIFFETTI;in prossimità;;del civico n.;70;;Veicolo in marcia contro veicoli in sosta;Rettilineo;Una carreggiata a senso unico di marcia;Asciutto;Asfaltata;Verticale ed orizzontale;Nuvoloso;Scarso;Sufficiente;Sufficiente;0;0;0;0;12.6049;41.8593;-1;3;Autovettura privata;Sosta;;;;;;;
4183113;8;17/01/2019 01:15:00;Strada Urbana;VIA PIETRO PIFFETTI;in prossimità;;del civico n.;70;;Veicolo in marcia contro veicoli in sosta;Rettilineo;Una carreggiata a senso unico di marcia;Asciutto;Asfaltata;Verticale ed orizzontale;Nuvoloso;Scarso;Sufficiente;Sufficiente;0;0;0;0;12.6049;41.8593;-1;4;Autovettura privata;Sosta;;;;;;;
4183113;8;17/01/2019 01:15:00;Strada Urbana;VIA PIETRO PIFFETTI;in prossimità;;del civico n.;70;;Veicolo in marcia contro veicoli in sosta;Rettilineo;Una carreggiata a senso unico di marcia;Asciutto;Asfaltata;Verticale ed orizzontale;Nuvoloso;Scarso;Sufficiente;Sufficiente;0;0;0;0;12.6049;41.8593;-1;5;Altro;Allontanatosi;;;;;;;
4183114;8;17/01/2019 13:00:00;Strada Urbana;VIA BOLOGNETTA;in corrispondenza;;del civico n.;1;;Scontro laterale fra veicoli in marcia;Rettilineo;Una carreggiata a doppio senso;Asciutto;Asfaltata;Verticale;Sereno;Normale;Buona;Ore Diurne;0;0;0;2;12.6838;41.8632;-1;1;Autovettura privata;In marcia / fermata / arresto;Conducente;F;Illeso;0;;Non accertato;Inesploso
4183114;8;17/01/2019 13:00:00;Strada Urbana;VIA BOLOGNETTA;in corrispondenza;;del civico n.;1;;Scontro laterale fra veicoli in marcia;Rettilineo;Una carreggiata a doppio senso;Asciutto;Asfaltata;Verticale;Sereno;Normale;Buona;Ore Diurne;0;0;0;2;12.6838;41.8632;-1;2;Autovettura privata;In marcia / fermata / arresto;Conducente;M;Illeso;0;;Non accertato;Inesploso
4183117;8;17/01/2019 08:45:00;Strada Urbana;VIA SICULIANA;in prossimità;;del civico n.;73;;Investimento di pedone;Rettilineo;Una carreggiata a doppio senso;Asciutto;Asfaltata;Verticale ed orizzontale;Nuvoloso;Normale;Buona;Ore Diurne;1;0;0;0;12.6564;41.869;-1;;;;Pedone;F;Rimandato;0;NON DECEDUTO;;
4183117;8;17/01/2019 08:45:00;Strada Urbana;VIA SICULIANA;in prossimità;;del civico n.;73;;Investimento di pedone;Rettilineo;Una carreggiata a doppio senso;Asciutto;Asfaltata;Verticale ed orizzontale;Nuvoloso;Normale;Buona;Ore Diurne;1;0;0;0;12.6564;41.869;-1;1;Autovettura privata;In marcia / fermata / arresto;;;;;;;
4183118;8;18/01/2019 01:50:00;Strada Urbana;VIA AVOLA;all'intersezione con;VIA ROCCALUMERA;VIA ROCCALUMERA;;;Veicolo in marcia contro ostacolo fisso;Incrocio;Una carreggiata a doppio senso;Bagnato (pioggia);Asfaltata;Orizzontale;Nuvoloso;Scarso;Buona;Sufficiente;0;0;0;1;12.6585;41.8869;-1;1;Autocarro inferiore 35 q.;In marcia / fermata / arresto;Conducente;M;Illeso;0;;;Esploso
4183122;13;17/01/2019 14:25:00;Provinciale;VIA OSTIENSE;da specificare;;;;km. 24,800 via del Mare;Tamponamento Multiplo;Rettilineo;Una carreggiata a doppio senso;Bagnato (umidità in atto);Asfaltata;Assente;Nuvoloso;Normale;Buona;Ore Diurne;0;0;0;4;12.4229;41.8109;-1;1;Autovettura privata;In marcia / fermata / arresto;Conducente;F;Illeso;0;;Non accertato;Inesploso
4183122;13;17/01/2019 14:25:00;Provinciale;VIA OSTIENSE;da specificare;;;;km. 24,800 via del Mare;Tamponamento Multiplo;Rettilineo;Una carreggiata a doppio senso;Bagnato (umidità in atto);Asfaltata;Assente;Nuvoloso;Normale;Buona;Ore Diurne;0;0;0;4;12.4229;41.8109;-1;2;Autovettura privata;In marcia / fermata / arresto;Conducente;M;Illeso;0;;Non accertato;Inesploso
4183122;13;17/01/2019 14:25:00;Provinciale;VIA OSTIENSE;da specificare;;;;km. 24,800 via del Mare;Tamponamento Multiplo;Rettilineo;Una carreggiata a doppio senso;Bagnato (umidità in atto);Asfaltata;Assente;Nuvoloso;Normale;Buona;Ore Diurne;0;0;0;4;12.4229;41.8109;-1;3;Autovettura privata;In marcia / fermata / arresto;Conducente;F;Illeso;0;;Non accertato;Inesploso
4183122;13;17/01/2019 14:25:00;Provinciale;VIA OSTIENSE;da specificare;;;;km. 24,800 via del Mare;Tamponamento Multiplo;Rettilineo;Una carreggiata a doppio senso;Bagnato (umidità in atto);Asfaltata;Assente;Nuvoloso;Normale;Buona;Ore Diurne;0;0;0;4;12.4229;41.8109;-1;3;Autovettura privata;In marcia / fermata / arresto;Passeggero;M;Illeso;0;;Non accertato;Inesploso
4183135;13;17/01/2019 11:10:00;Strada Urbana;VIA GIOVANNI BATTISTA PESCETTI;all'intersezione con;VIA GIOVANNI BOTTESINI;VIA GIOVANNI BOTTESINI;;;Scontro frontale/laterale SX fra veicoli in marcia;Incrocio;Una carreggiata a doppio senso;Asciutto;Asfaltata;Assente;Sereno;Normale;Buona;Ore Diurne;0;0;0;2;12.3684;41.7437;-1;1;Autovettura privata;In marcia / fermata / arresto;Conducente;F;Illeso;0;;Non accertato;Inesploso
4183135;13;17/01/2019 11:10:00;Strada Urbana;VIA GIOVANNI BATTISTA PESCETTI;all'intersezione con;VIA GIOVANNI BOTTESINI;VIA GIOVANNI BOTTESINI;;;Scontro frontale/laterale SX fra veicoli in marcia;Incrocio;Una carreggiata a doppio senso;Asciutto;Asfaltata;Assente;Sereno;Normale;Buona;Ore Diurne;0;0;0;2;12.3684;41.7437;-1;2;Autovettura privata;In marcia / fermata / arresto;Conducente;F;Illeso;0;;Non accertato;Inesploso
4183140;20;17/01/2019 16:35:00;Strada Urbana;VIA FLAMINIA;in corrispondenza;;della chilometrica;9.4;;Tamponamento Multiplo;Rettilineo;Due carreggiate;Bagnato (pioggia);Asfaltata;Verticale ed orizzontale;Nuvoloso;Intenso;Sufficiente;Ore Diurne;0;0;0;6;12.4897;41.9651;-1;1;Autovettura privata;In marcia / fermata / arresto;Conducente;F;Illeso;0;;Non accertato;Inesploso
4183140;20;17/01/2019 16:35:00;Strada Urbana;VIA FLAMINIA;in corrispondenza;;della chilometrica;9.4;;Tamponamento Multiplo;Rettilineo;Due carreggiate;Bagnato (pioggia);Asfaltata;Verticale ed orizzontale;Nuvoloso;Intenso;Sufficiente;Ore Diurne;0;0;0;6;12.4897;41.9651;-1;1;Autovettura privata;In marcia / fermata / arresto;Passeggero;F;Illeso;0;;Non accertato;Inesploso
4183140;20;17/01/2019 16:35:00;Strada Urbana;VIA FLAMINIA;in corrispondenza;;della chilometrica;9.4;;Tamponamento Multiplo;Rettilineo;Due carreggiate;Bagnato (pioggia);Asfaltata;Verticale ed orizzontale;Nuvoloso;Intenso;Sufficiente;Ore Diurne;0;0;0;6;12.4897;41.9651;-1;2;Autovettura privata;In marcia / fermata / arresto;Conducente;F;Illeso;0;;Non accertato;Inesploso
4183140;20;17/01/2019 16:35:00;Strada Urbana;VIA FLAMINIA;in corrispondenza;;della chilometrica;9.4;;Tamponamento Multiplo;Rettilineo;Due carreggiate;Bagnato (pioggia);Asfaltata;Verticale ed orizzontale;Nuvoloso;Intenso;Sufficiente;Ore Diurne;0;0;0;6;12.4897;41.9651;-1;3;Autovettura privata;In marcia / fermata / arresto;Conducente;F;Illeso;0;;Non accertato;Inesploso
4183140;20;17/01/2019 16:35:00;Strada Urbana;VIA FLAMINIA;in corrispondenza;;della chilometrica;9.4;;Tamponamento Multiplo;Rettilineo;Due carreggiate;Bagnato (pioggia);Asfaltata;Verticale ed orizzontale;Nuvoloso;Intenso;Sufficiente;Ore Diurne;0;0;0;6;12.4897;41.9651;-1;4;Autovettura privata;In marcia / fermata / arresto;Conducente;M;Illeso;0;;Non accertato;Inesploso
4183140;20;17/01/2019 16:35:00;Strada Urbana;VIA FLAMINIA;in corrispondenza;;della chilometrica;9.4;;Tamponamento Multiplo;Rettilineo;Due carreggiate;Bagnato (pioggia);Asfaltata;Verticale ed orizzontale;Nuvoloso;Intenso;Sufficiente;Ore Diurne;0;0;0;6;12.4897;41.9651;-1;5;Autovettura privata;In marcia / fermata / arresto;Conducente;M;Illeso;0;;Non accertato;Inesploso
4183146;4;17/01/2019 12:05:00;Strada Urbana;VIA FRANCESCO D'OVIDIO;in prossimità;;del civico n.;43;;Veicolo in marcia contro veicolo fermo;Curva a visuale libera;Una carreggiata a senso unico di marcia;Asciutto;Asfaltata;Verticale ed orizzontale;Nuvoloso;Normale;Buona;Ore Diurne;0;0;0;3;12.5503;41.9423;-1;1;Autovettura privata;In marcia / fermata / arresto;Conducente;M;Illeso;0;;Non accertato;
4183146;4;17/01/2019 12:05:00;Strada Urbana;VIA FRANCESCO D'OVIDIO;in prossimità;;del civico n.;43;;Veicolo in marcia contro veicolo fermo;Curva a visuale libera;Una carreggiata a senso unico di marcia;Asciutto;Asfaltata;Verticale ed orizzontale;Nuvoloso;Normale;Buona;Ore Diurne;0;0;0;3;12.5503;41.9423;-1;1;Autovettura privata;In marcia / fermata / arresto;Passeggero;M;Illeso;0;;Non accertato;
4183146;4;17/01/2019 12:05:00;Strada Urbana;VIA FRANCESCO D'OVIDIO;in prossimità;;del civico n.;43;;Veicolo in marcia contro veicolo fermo;Curva a visuale libera;Una carreggiata a senso unico di marcia;Asciutto;Asfaltata;Verticale ed orizzontale;Nuvoloso;Normale;Buona;Ore Diurne;0;0;0;3;12.5503;41.9423;-1;2;Autovettura privata;In marcia / fermata / arresto;Conducente;M;Illeso;0;;Non accertato;Inesploso
4183148;13;17/01/2019 17:00:00;Strada Urbana;VIALE DEI ROMAGNOLI;in corrispondenza;;del civico n.;1863;;Tamponamento Multiplo;Rettilineo;Una carreggiata a doppio senso;Bagnato (pioggia);Asfaltata;Verticale ed orizzontale;Nuvoloso;Intenso;Buona;Ore Diurne;0;0;0;4;12.3494;41.7794;-1;1;Autovettura privata;In marcia / fermata / arresto;Conducente;M;Illeso;0;;Non accertato;Inesploso
4183148;13;17/01/2019 17:00:00;Strada Urbana;VIALE DEI ROMAGNOLI;in corrispondenza;;del civico n.;1863;;Tamponamento Multiplo;Rettilineo;Una carreggiata a doppio senso;Bagnato (pioggia);Asfaltata;Verticale ed orizzontale;Nuvoloso;Intenso;Buona;Ore Diurne;0;0;0;4;12.3494;41.7794;-1;2;Autovettura privata;In marcia / fermata / arresto;Conducente;M;Illeso;0;;Non accertato;Inesploso
4183148;13;17/01/2019 17:00:00;Strada Urbana;VIALE DEI ROMAGNOLI;in corrispondenza;;del civico n.;1863;;Tamponamento Multiplo;Rettilineo;Una carreggiata a doppio senso;Bagnato (pioggia);Asfaltata;Verticale ed orizzontale;Nuvoloso;Intenso;Buona;Ore Diurne;0;0;0;4;12.3494;41.7794;-1;2;Autovettura privata;In marcia / fermata / arresto;Passeggero;M;Illeso;0;;Non accertato;Inesploso
4183148;13;17/01/2019 17:00:00;Strada Urbana;VIALE DEI ROMAGNOLI;in corrispondenza;;del civico n.;1863;;Tamponamento Multiplo;Rettilineo;Una carreggiata a doppio senso;Bagnato (pioggia);Asfaltata;Verticale ed orizzontale;Nuvoloso;Intenso;Buona;Ore Diurne;0;0;0;4;12.3494;41.7794;-1;3;Autovettura privata;In marcia / fermata / arresto;Conducente;F;Illeso;0;;Non accertato;Inesploso
4183153;4;17/01/2019 11:30:00;Strada Urbana;VIA LAMPEDUSA;in prossimità;;del civico n.;20;;Scontro laterale fra veicoli in marcia;Rettilineo;Una carreggiata a senso unico di marcia;Asciutto;Asfaltata;Verticale ed orizzontale;Nuvoloso;Scarso;Buona;Ore Diurne;0;0;0;2;12.5368;41.9434;-1;1;Autovettura privata;In marcia / fermata / arresto;Conducente;M;Illeso;0;;Non accertato;Inesploso
4183153;4;17/01/2019 11:30:00;Strada Urbana;VIA LAMPEDUSA;in prossimità;;del civico n.;20;;Scontro laterale fra veicoli in marcia;Rettilineo;Una carreggiata a senso unico di marcia;Asciutto;Asfaltata;Verticale ed orizzontale;Nuvoloso;Scarso;Buona;Ore Diurne;0;0;0;2;12.5368;41.9434;-1;2;Autovettura privata;In marcia / fermata / arresto;Conducente;M;Illeso;0;;Non accertato;Inesploso
4183154;5;17/01/2019 07:25:00;Strada Urbana;VIA TIBURTINA;in prossimità;;del civico n.;967;;Scontro laterale fra veicoli in marcia;Rettilineo;Due carreggiate;Asciutto;Asfaltata;Verticale ed orizzontale;Nuvoloso;Intenso;Buona;Ore Diurne;0;0;0;2;12.5751;41.9275;-1;1;Autovettura privata;In marcia / fermata / arresto;Conducente;M;Illeso;0;;Non accertato;Inesploso
4183154;5;17/01/2019 07:25:00;Strada Urbana;VIA TIBURTINA;in prossimità;;del civico n.;967;;Scontro laterale fra veicoli in marcia;Rettilineo;Due carreggiate;Asciutto;Asfaltata;Verticale ed orizzontale;Nuvoloso;Intenso;Buona;Ore Diurne;0;0;0;2;12.5751;41.9275;-1;2;Autocarro inferiore 35 q.;In marcia / fermata / arresto;Conducente;M;Illeso;0;;Non accertato;Inesploso
4183155;4;17/01/2019 12:50:00;Statale;VIA SALARIA;da specificare;;;;prossimità km 20.700;Tamponamento Multiplo;Rettilineo;Una carreggiata a doppio senso;Asciutto;Asfaltata;Verticale ed orizzontale;Nuvoloso;Normale;Buona;Ore Diurne;2;0;0;1;12.5115;41.9873;-1;1;Autovettura privata;In marcia / fermata / arresto;Conducente;M;Rimandato;0;NON DECEDUTO;Non accertato;
4183155;4;17/01/2019 12:50:00;Statale;VIA SALARIA;da specificare;;;;prossimità km 20.700;Tamponamento Multiplo;Rettilineo;Una carreggiata a doppio senso;Asciutto;Asfaltata;Verticale ed orizzontale;Nuvoloso;Normale;Buona;Ore Diurne;2;0;0;1;12.5115;41.9873;-1;1;Autovettura privata;In marcia / fermata / arresto;Passeggero;M;Rimandato;0;NON DECEDUTO;Non accertato;
4183155;4;17/01/2019 12:50:00;Statale;VIA SALARIA;da specificare;;;;prossimità km 20.700;Tamponamento Multiplo;Rettilineo;Una carreggiata a doppio senso;Asciutto;Asfaltata;Verticale ed orizzontale;Nuvoloso;Normale;Buona;Ore Diurne;2;0;0;1;12.5115;41.9873;-1;2;Autovettura privata;In marcia / fermata / arresto;Conducente;M;Illeso;0;;Non accertato;
4183155;4;17/01/2019 12:50:00;Statale;VIA SALARIA;da specificare;;;;prossimità km 20.700;Tamponamento Multiplo;Rettilineo;Una carreggiata a doppio senso;Asciutto;Asfaltata;Verticale ed orizzontale;Nuvoloso;Normale;Buona;Ore Diurne;2;0;0;1;12.5115;41.9873;-1;3;Autovettura privata;Allontanatosi;;;;;;;
4183164;5;17/01/2019 17:20:00;Strada Urbana;VIA DEI MONTI TIBURTINI;da specificare;;;;altezza via Amoretti;Investimento di pedone;Rettilineo;Più di due carreggiate;Bagnato (pioggia);Asfaltata;Verticale ed orizzontale;Nuvoloso;Normale;Buona;Ore Diurne;1;0;0;1;12.5452;41.9163;-1;;;;Pedone;M;Rimandato;0;NON DECEDUTO;;
4183164;5;17/01/2019 17:20:00;Strada Urbana;VIA DEI MONTI TIBURTINI;da specificare;;;;altezza via Amoretti;Investimento di pedone;Rettilineo;Più di due carreggiate;Bagnato (pioggia);Asfaltata;Verticale ed orizzontale;Nuvoloso;Normale;Buona;Ore Diurne;1;0;0;1;12.5452;41.9163;-1;1;Autovettura privata;In marcia / fermata / arresto;Conducente;M;Illeso;0;;Non accertato;
4183169;20;17/01/2019 15:20:00;Strada Urbana;VIA DEL FORO ITALICO;da specificare;;;;altezza Monti della Farnesina;Veicolo in marcia contro ostacolo accidentale;Rettilineo;Una carreggiata a senso unico di marcia;Asciutto;Asfaltata;Verticale;Nuvoloso;Normale;Buona;Ore Diurne;1;0;0;0;12.4828;41.94;-1;1;Motociclo a solo;In marcia / fermata / arresto;Conducente;M;Rimandato;0;NON DECEDUTO;Non accertato;
4183192;12;17/01/2019 18:50:00;Strada Urbana;VIALE DON PASQUINO BORGHI;in corrispondenza;;del civico n.;175;;Investimento di pedone;Rettilineo;Una carreggiata a doppio senso;Bagnato (pioggia);Asfaltata;Verticale ed orizzontale;Pioggia in atto;Normale;Sufficiente;Sufficiente;1;0;0;1;12.4441;41.8105;-1;;;;Pedone;F;Rimandato;0;NON DECEDUTO;;
4183192;12;17/01/2019 18:50:00;Strada Urbana;VIALE DON PASQUINO BORGHI;in corrispondenza;;del civico n.;175;;Investimento di pedone;Rettilineo;Una carreggiata a doppio senso;Bagnato (pioggia);Asfaltata;Verticale ed orizzontale;Pioggia in atto;Normale;Sufficiente;Sufficiente;1;0;0;1;12.4441;41.8105;-1;1;Autovettura privata;In marcia / fermata / arresto;Conducente;F;Illeso;0;;Utilizzato;Inesploso
4183195;4;17/01/2019 14:50:00;Strada Urbana;VIADOTTO GIOVANNI GRONCHI;all'intersezione semaforizzata con;VIA DELLA BUFALOTTA;VIA DELLA BUFALOTTA;;;Scontro frontale/laterale DX fra veicoli in marcia;Intersezione semaforizzata;Una carreggiata a senso unico di marcia;Bagnato (pioggia);Asfaltata;Verticale ed orizzontale;Nuvoloso;Normale;Buona;Ore Diurne;1;0;0;1;12.5345;41.9592;-1;1;Autovettura privata;In marcia / fermata / arresto;Conducente;M;Illeso;0;;;