Protocollo;Gruppo;DataOraIncidente;Localizzazione1;STRADA1;Localizzazione2;STRADA2;Strada02;Chilometrica;DaSpecificare;NaturaIncidente;particolaritastrade;TipoStrada;FondoStradale;Pavimentazione;Segnaletica;CondizioneAtmosferica;Traffico;Visibilita;Illuminazione;NUM_FERITI;NUM_RISERVATA;NUM_MORTI;NUM_ILLESI;Longitudine;Latitudine;Confermato;Progressivo;TipoVeicolo;StatoVeicolo;TipoPersona;Sesso;Tipolesione;Deceduto;DecedutoDopo;CinturaCascoUtilizzato;Airbag;
4183195;4;17/01/2019 14:50:00;Strada Urbana;VIADOTTO GIOVANNI GRONCHI;all'intersezione semaforizzata con;VIA DELLA BUFALOTTA;VIA DELLA BUFALOTTA;;;Scontro frontale/laterale DX fra veicoli in marcia;Intersezione semaforizzata;Una carreggiata a senso unico di marcia;Bagnato (pioggia);Asfaltata;Verticale ed orizzontale;Nuvoloso;Normale;Buona;Ore Diurne;1;0;0;1;12.5345;41.9592;-1;2;Autovettura privata;In marcia / fermata / arresto;Conducente;M;Rimandato;0;NON DECEDUTO;;Esploso
4183196;13;15/01/2019 09:10:00;Strada Urbana;VIA DELLE ANTILLE;da specificare;;;;pross. via delle Baleniere;Veicolo in marcia contro veicolo arresto;Rettilineo;Una carreggiata a senso unico di marcia;Asciutto;Asfaltata;Verticale ed orizzontale;Sereno;Intenso;Buona;Ore Diurne;0;0;0;2;12.2805;41.7377;-1;1;Autovettura privata;In marcia / fermata / arresto;Conducente;M;Illeso;0;;Non accertato;Inesploso
4183196;13;15/01/2019 09:10:00;Strada Urbana;VIA DELLE ANTILLE;da specificare;;;;pross. via delle Baleniere;Veicolo in marcia contro veicolo arresto;Rettilineo;Una carreggiata a senso unico di marcia;Asciutto;Asfaltata;Verticale ed orizzontale;Sereno;Intenso;Buona;Ore Diurne;0;0;0;2;12.2805;41.7377;-1;2;Autocarro inferiore 35 q.;In marcia / fermata / arresto;Conducente;M;Illeso;0;;Non accertato;Inesploso
4183197;5;17/01/2019 23:55:00;Strada Urbana;VIA TUSCOLANA;all'intersezione semaforizzata con;VIALE PALMIRO TOGLIATTI;VIALE PALMIRO TOGLIATTI;;;Veicolo in marcia contro veicolo arresto;Intersezione semaforizzata;Due carreggiate;Bagnato (pioggia);Asfaltata;Verticale ed orizzontale;Nuvoloso;Scarso;Buona;Sufficiente;0;0;0;3;12.5699;41.8524;-1;1;Autovettura privata;In marcia / fermata / arresto;Conducente;F;Illeso;0;;Non accertato;
4183197;5;17/01/2019 23:55:00;Strada Urbana;VIA TUSCOLANA;all'intersezione semaforizzata con;VIALE PALMIRO TOGLIATTI;VIALE PALMIRO TOGLIATTI;;;Veicolo in marcia contro veicolo arresto;Intersezione semaforizzata;Due carreggiate;Bagnato (pioggia);Asfaltata;Verticale ed orizzontale;Nuvoloso;Scarso;Buona;Sufficiente;0;0;0;3;12.5699;41.8524;-1;1;Autovettura privata;In marcia / fermata / arresto;Passeggero;F;Illeso;0;;Non accertato;
4183197;5;17/01/2019 23:55:00;Strada Urbana;VIA TUSCOLANA;all'intersezione semaforizzata con;VIALE PALMIRO TOGLIATTI;VIALE PALMIRO TOGLIATTI;;;Veicolo in marcia contro veicolo arresto;Intersezione semaforizzata;Due carreggiate;Bagnato (pioggia);Asfaltata;Verticale ed orizzontale;Nuvoloso;Scarso;Buona;Sufficiente;0;0;0;3;12.5699;41.8524;-1;2;Autovettura privata;In marcia / fermata / arresto;Conducente;M;Illeso;0;;Non accertato;
4183200;20;17/01/2019 23:45:00;Regionale;VIA FLAMINIA;in corrispondenza;;della chilometrica;18.3;;Fuoriuscita dalla sede stradale;Curva senza visuale libera;Una carreggiata a doppio senso;Bagnato (pioggia);Asfaltata;Verticale ed orizzontale;Pioggia in atto;Intenso;Insufficiente;Insufficiente;0;0;0;1;12.4718;41.9419;-1;1;Autovettura privata;In marcia / fermata / arresto;Conducente;M;Illeso;0;;Non accertato;
4183202;19;17/01/2019 10:40:00;Strada Urbana;VIA DI TORREVECCHIA;in corrispondenza;;del civico n.;15/B;;Veicolo in marcia contro veicolo fermo;Rettilineo;Una carreggiata a doppio senso;Asciutto;Asfaltata;Orizzontale;Nuvoloso;Normale;Buona;Ore Diurne;0;0;0;1;12.423;41.9363;-1;1;Autovettura privata;In marcia / fermata / arresto;Conducente;F;Illeso;0;;Non accertato;Inesploso
4183202;19;17/01/2019 10:40:00;Strada Urbana;VIA DI TORREVECCHIA;in corrispondenza;;del civico n.;15/B;;Veicolo in marcia contro veicolo fermo;Rettilineo;Una carreggiata a doppio senso;Asciutto;Asfaltata;Orizzontale;Nuvoloso;Normale;Buona;Ore Diurne;0;0;0;1;12.423;41.9363;-1;2;Autocarro inferiore 35 q.;Allontanatosi;;;;;;;
4183203;17;17/01/2019 19:15:00;Strada Urbana;CIRCONVALLAZIONE CLODIA;in prossimità;;del civico n.;36 B;;Infortunio per sola frenata improvvisa;Rettilineo;Due carreggiate;Bagnato (pioggia);Asfaltata;Verticale ed orizzontale;Pioggia in atto;Normale;Buona;Sufficiente;1;0;0;1;12.4529;41.9151;-1;1;Motociclo a solo;In marcia / fermata / arresto;Conducente;F;Rimandato;0;NON DECEDUTO;;
4183203;17;17/01/2019 19:15:00;Strada Urbana;CIRCONVALLAZIONE CLODIA;in prossimità;;del civico n.;36 B;;Infortunio per sola frenata improvvisa;Rettilineo;Due carreggiate;Bagnato (pioggia);Asfaltata;Verticale ed orizzontale;Pioggia in atto;Normale;Buona;Sufficiente;1;0;0;1;12.4529;41.9151;-1;2;Autovettura privata;In marcia / fermata / arresto;Conducente;M;Illeso;0;;;
4183206;7;17/01/2019 12:15:00;Strada Urbana;VIA GIOVANNI DA UDINE;all'intersezione con;VIA ALBERTO PASINI;VIA ALBERTO PASINI;;;Veicolo in marcia contro ostacolo accidentale;Incrocio;Una carreggiata a doppio senso;Asciutto;Asfaltata;Verticale ed orizzontale;Sereno;Normale;Buona;Ore Diurne;0;0;0;1;12.588;41.9061;-1;1;Autovettura privata;In marcia / fermata / arresto;Conducente;M;Illeso;0;;;
4183210;4;17/01/2019 18:30:00;Strada Urbana;VIA CONCA D'ORO;in prossimità;;del civico n.;220;;Tamponamento Multiplo;Rettilineo;Una carreggiata a doppio senso;Bagnato (pioggia);Asfaltata;Verticale ed orizzontale;Pioggia in atto;Intenso;Sufficiente;Sufficiente;0;0;0;4;12.5224;41.9419;-1;1;Autovettura privata;In marcia / fermata / arresto;Conducente;F;Illeso;0;;Non accertato;Inesploso
4183210;4;17/01/2019 18:30:00;Strada Urbana;VIA CONCA D'ORO;in prossimità;;del civico n.;220;;Tamponamento Multiplo;Rettilineo;Una carreggiata a doppio senso;Bagnato (pioggia);Asfaltata;Verticale ed orizzontale;Pioggia in atto;Intenso;Sufficiente;Sufficiente;0;0;0;4;12.5224;41.9419;-1;2;Autovettura privata;In marcia / fermata / arresto;Conducente;F;Illeso;0;;Non accertato;Inesploso
4183210;4;17/01/2019 18:30:00;Strada Urbana;VIA CONCA D'ORO;in prossimità;;del civico n.;220;;Tamponamento Multiplo;Rettilineo;Una carreggiata a doppio senso;Bagnato (pioggia);Asfaltata;Verticale ed orizzontale;Pioggia in atto;Intenso;Sufficiente;Sufficiente;0;0;0;4;12.5224;41.9419;-1;3;Autovettura privata;In marcia / fermata / arresto;Conducente;F;Illeso;0;;Non accertato;Inesploso
4183210;4;17/01/2019 18:30:00;Strada Urbana;VIA CONCA D'ORO;in prossimità;;del civico n.;220;;Tamponamento Multiplo;Rettilineo;Una carreggiata a doppio senso;Bagnato (pioggia);Asfaltata;Verticale ed orizzontale;Pioggia in atto;Intenso;Sufficiente;Sufficiente;0;0;0;4;12.5224;41.9419;-1;4;Autovettura privata;Allontanatosi;Conducente;M;Illeso;0;;Non accertato;
4183217;17;17/01/2019 14:50:00;Strada Urbana;VIA PREMUDA;all'intersezione con;VIA NAZARIO SAURO;VIA NAZARIO SAURO;;;Scontro frontale/laterale DX fra veicoli in marcia;Intersezione stradale segnalata;Una carreggiata a senso unico di marcia;Bagnato (umidità in atto);Asfaltata;Verticale ed orizzontale;Nuvoloso;Scarso;Buona;Ore Diurne;0;0;0;2;12.4528;41.9138;-1;1;Autovettura privata;In marcia / fermata / arresto;Conducente;F;Illeso;0;;;
4183217;17;17/01/2019 14:50:00;Strada Urbana;VIA PREMUDA;all'intersezione con;VIA NAZARIO SAURO;VIA NAZARIO SAURO;;;Scontro frontale/laterale DX fra veicoli in marcia;Intersezione stradale segnalata;Una carreggiata a senso unico di marcia;Bagnato (umidità in atto);Asfaltata;Verticale ed orizzontale;Nuvoloso;Scarso;Buona;Ore Diurne;0;0;0;2;12.4528;41.9138;-1;2;Autovettura privata;In marcia / fermata / arresto;Conducente;M;Illeso;0;;;Esploso
4183226;13;17/01/2019 20:05:00;Strada Urbana;VIA DEL CASALETTO DI GIANO;all'intersezione con;VIA OSTIENSE;VIA OSTIENSE;;;Scontro frontale/laterale SX fra veicoli in marcia;Intersezione stradale segnalata;Due carreggiate;Bagnato (pioggia);Asfaltata;Verticale ed orizzontale;Pioggia in atto;Normale;Buona;Sufficiente;0;0;0;2;12.3725;41.7927;-1;1;Autovettura privata;In marcia / fermata / arresto;Conducente;M;Illeso;0;;Non accertato;Inesploso
4183226;13;17/01/2019 20:05:00;Strada Urbana;VIA DEL CASALETTO DI GIANO;all'intersezione con;VIA OSTIENSE;VIA OSTIENSE;;;Scontro frontale/laterale SX fra veicoli in marcia;Intersezione stradale segnalata;Due carreggiate;Bagnato (pioggia);Asfaltata;Verticale ed orizzontale;Pioggia in atto;Normale;Buona;Sufficiente;0;0;0;2;12.3725;41.7927;-1;2;Autovettura privata;In marcia / fermata / arresto;Conducente;F;Illeso;0;;Non accertato;Inesploso
4183232;19;17/01/2019 19:00:00;Strada Urbana;VIA PIETRO MAFFI;in prossimità;;del civico n.;78;;Investimento di pedone;Rettilineo;Una carreggiata a doppio senso;Bagnato (pioggia);Asfaltata;Orizzontale;Pioggia in atto;Normale;Buona;Sufficiente;1;0;0;0;12.4185;41.924;-1;;;;Pedone;M;Rimandato;0;NON DECEDUTO;;
4183232;19;17/01/2019 19:00:00;Strada Urbana;VIA PIETRO MAFFI;in prossimità;;del civico n.;78;;Investimento di pedone;Rettilineo;Una carreggiata a doppio senso;Bagnato (pioggia);Asfaltata;Orizzontale;Pioggia in atto;Normale;Buona;Sufficiente;1;0;0;0;12.4185;41.924;-1;1;Motociclo a solo;Allontanatosi;;;;;;;
4183238;18;17/01/2019 10:10:00;Strada Urbana;CIRCONVALLAZIONE AURELIA;da specificare;;;;fronte civico 72;Scontro frontale/laterale SX fra veicoli in marcia;Rettilineo;Due carreggiate;Asciutto;Asfaltata;Verticale ed orizzontale;Nuvoloso;Normale;Buona;Ore Diurne;0;0;0;4;12.4283;41.897;-1;1;Autovettura privata;In marcia / fermata / arresto;Conducente;F;Illeso;0;;;
4183238;18;17/01/2019 10:10:00;Strada Urbana;CIRCONVALLAZIONE AURELIA;da specificare;;;;fronte civico 72;Scontro frontale/laterale SX fra veicoli in marcia;Rettilineo;Due carreggiate;Asciutto;Asfaltata;Verticale ed orizzontale;Nuvoloso;Normale;Buona;Ore Diurne;0;0;0;4;12.4283;41.897;-1;1;Autovettura privata;In marcia / fermata / arresto;Passeggero;F;Illeso;0;;;
4183238;18;17/01/2019 10:10:00;Strada Urbana;CIRCONVALLAZIONE AURELIA;da specificare;;;;fronte civico 72;Scontro frontale/laterale SX fra veicoli in marcia;Rettilineo;Due carreggiate;Asciutto;Asfaltata;Verticale ed orizzontale;Nuvoloso;Normale;Buona;Ore Diurne;0;0;0;4;12.4283;41.897;-1;1;Autovettura privata;In marcia / fermata / arresto;Passeggero;F;Illeso;0;;;
4183238;18;17/01/2019 10:10:00;Strada Urbana;CIRCONVALLAZIONE AURELIA;da specificare;;;;fronte civico 72;Scontro frontale/laterale SX fra veicoli in marcia;Rettilineo;Due carreggiate;Asciutto;Asfaltata;Verticale ed orizzontale;Nuvoloso;Normale;Buona;Ore Diurne;0;0;0;4;12.4283;41.897;-1;2;Autovettura privata;In marcia / fermata / arresto;Conducente;M;Illeso;0;;;
4183243;20;17/01/2019 16:40:00;Strada Urbana;VIA FLAMINIA;all'intersezione con;VIA FRANCESCO SAVERIO NITTI;VIA FRANCESCO SAVERIO NITTI;;;Scontro laterale fra veicoli in marcia;Incrocio;Una carreggiata a doppio senso;Bagnato (pioggia);Asfaltata;Verticale ed orizzontale;Nuvoloso;Intenso;Buona;Ore Diurne;0;0;0;2;12.4739;41.9468;-1;1;Autovettura privata;In marcia / fermata / arresto;Conducente;M;Illeso;0;;Non accertato;Inesploso
4183243;20;17/01/2019 16:40:00;Strada Urbana;VIA FLAMINIA;all'intersezione con;VIA FRANCESCO SAVERIO NITTI;VIA FRANCESCO SAVERIO NITTI;;;Scontro laterale fra veicoli in marcia;Incrocio;Una carreggiata a doppio senso;Bagnato (pioggia);Asfaltata;Verticale ed orizzontale;Nuvoloso;Intenso;Buona;Ore Diurne;0;0;0;2;12.4739;41.9468;-1;2;Autovettura privata;In marcia / fermata / arresto;Conducente;F;Illeso;0;;Non accertato;Inesploso
4183246;4;17/01/2019 16:50:00;Strada Urbana;VIA DI VALLE MELAINA;all'intersezione semaforizzata con;VIALE JONIO;VIALE JONIO;;;Tamponamento;Incrocio;Due carreggiate;Bagnato (umidità in atto);Asfaltata;Verticale ed orizzontale;Nuvoloso;Normale;Buona;Ore Diurne;0;0;0;3;12.5258;41.9486;-1;1;Autovettura privata;In marcia / fermata / arresto;Conducente;F;Illeso;0;;Non accertato;
4183246;4;17/01/2019 16:50:00;Strada Urbana;VIA DI VALLE MELAINA;all'intersezione semaforizzata con;VIALE JONIO;VIALE JONIO;;;Tamponamento;Incrocio;Due carreggiate;Bagnato (umidità in atto);Asfaltata;Verticale ed orizzontale;Nuvoloso;Normale;Buona;Ore Diurne;0;0;0;3;12.5258;41.9486;-1;2;Autovettura privata;In marcia / fermata / arresto;Conducente;M;Illeso;0;;;
4183246;4;17/01/2019 16:50:00;Strada Urbana;VIA DI VALLE MELAINA;all'intersezione semaforizzata con;VIALE JONIO;VIALE JONIO;;;Tamponamento;Incrocio;Due carreggiate;Bagnato (umidità in atto);Asfaltata;Verticale ed orizzontale;Nuvoloso;Normale;Buona;Ore Diurne;0;0;0;3;12.5258;41.9486;-1;2;Autovettura privata;In marcia / fermata / arresto;Passeggero;F;Illeso;0;;Non accertato;
4183256;4;17/01/2019 17:10:00;Strada Urbana;VIA GIORGIO MOSER;all'intersezione con;VIA PUPELLA MAGGIO;VIA PUPELLA MAGGIO;;;Scontro frontale/laterale DX fra veicoli in marcia;Incrocio;Una carreggiata a doppio senso;Asciutto;Asfaltata;Verticale;Nuvoloso;Scarso;Buona;Ore Diurne;2;0;0;2;12.5358;41.9716;-1;1;Autovettura privata;In marcia / fermata / arresto;Conducente;M;Illeso;0;;;
4183256;4;17/01/2019 17:10:00;Strada Urbana;VIA GIORGIO MOSER;all'intersezione con;VIA PUPELLA MAGGIO;VIA PUPELLA MAGGIO;;;Scontro frontale/laterale DX fra veicoli in marcia;Incrocio;Una carreggiata a doppio senso;Asciutto;Asfaltata;Verticale;Nuvoloso;Scarso;Buona;Ore Diurne;2;0;0;2;12.5358;41.9716;-1;2;Autovettura privata;In marcia / fermata / arresto;Conducente;M;Rifiuta cure immediate;0;NON DECEDUTO;;
4183256;4;17/01/2019 17:10:00;Strada Urbana;VIA GIORGIO MOSER;all'intersezione con;VIA PUPELLA MAGGIO;VIA PUPELLA MAGGIO;;;Scontro frontale/laterale DX fra veicoli in marcia;Incrocio;Una carreggiata a doppio senso;Asciutto;Asfaltata;Verticale;Nuvoloso;Scarso;Buona;Ore Diurne;2;0;0;2;12.5358;41.9716;-1;2;Autovettura privata;In marcia / fermata / arresto;Passeggero;F;Illeso;0;;;
4183256;4;17/01/2019 17:10:00;Strada Urbana;VIA GIORGIO MOSER;all'intersezione con;VIA PUPELLA MAGGIO;VIA PUPELLA MAGGIO;;;Scontro frontale/laterale DX fra veicoli in marcia;Incrocio;Una carreggiata a doppio senso;Asciutto;Asfaltata;Verticale;Nuvoloso;Scarso;Buona;Ore Diurne;2;0;0;2;12.5358;41.9716;-1;2;Autovettura privata;In marcia / fermata / arresto;Passeggero;F;Rimandato;0;NON DECEDUTO;;
4183261;12;17/01/2019 19:20:00;Strada Urbana;VIA TOMMASO ARCIDIACONO;in prossimità;;del palo luce n.;7;;Investimento di pedone;Rettilineo;Una carreggiata a doppio senso;Bagnato (pioggia);Asfaltata;Verticale ed orizzontale;Pioggia in atto;Normale;Sufficiente;Sufficiente;1;0;0;2;12.5088;41.8229;-1;;;;Pedone;F;Ricoverato;0;NON DECEDUTO;;
4183261;12;17/01/2019 19:20:00;Strada Urbana;VIA TOMMASO ARCIDIACONO;in prossimità;;del palo luce n.;7;;Investimento di pedone;Rettilineo;Una carreggiata a doppio senso;Bagnato (pioggia);Asfaltata;Verticale ed orizzontale;Pioggia in atto;Normale;Sufficiente;Sufficiente;1;0;0;2;12.5088;41.8229;-1;1;Autovettura privata;In marcia / fermata / arresto;Conducente;F;Illeso;0;;;
4183261;12;17/01/2019 19:20:00;Strada Urbana;VIA TOMMASO ARCIDIACONO;in prossimità;;del palo luce n.;7;;Investimento di pedone;Rettilineo;Una carreggiata a doppio senso;Bagnato (pioggia);Asfaltata;Verticale ed orizzontale;Pioggia in atto;Normale;Sufficiente;Sufficiente;1;0;0;2;12.5088;41.8229;-1;1;Autovettura privata;In marcia / fermata / arresto;Passeggero;F;Illeso;0;;Utilizzato;Inesploso
4183272;9;18/01/2019 08:05:00;Strada Urbana;VIA APPIA NUOVA;all'intersezione semaforizzata con;VIA DELL'ARCO DI TRAVERTINO;VIA DELL'ARCO DI TRAVERTINO;;;Scontro laterale fra veicoli in marcia;Intersezione semaforizzata;Due carreggiate;Bagnato (pioggia);Asfaltata;Verticale ed orizzontale;Nuvoloso;Normale;Buona;Ore Diurne;0;0;0;1;12.533;41.8623;-1;2;Autovettura privata;In marcia / fermata / arresto;Conducente;M;Illeso;0;;Non accertato;Inesploso
4183286;6;18/01/2019 08:30:00;Strada Urbana;VIA LUCHINO DAL VERME;all'intersezione con;VIA ERASMO GATTAMELATA;VIA ERASMO GATTAMELATA;;;Scontro frontale/laterale DX fra veicoli in marcia;Incrocio;Due carreggiate;Asciutto;Asfaltata;Verticale ed orizzontale;Sereno;Normale;Buona;Ore Diurne;0;0;0;2;12.5366;41.8887;-1;1;Autovettura privata;In marcia / fermata / arresto;Conducente;M;Illeso;0;;Non accertato;Inesploso
4183286;6;18/01/2019 08:30:00;Strada Urbana;VIA LUCHINO DAL VERME;all'intersezione con;VIA ERASMO GATTAMELATA;VIA ERASMO GATTAMELATA;;;Scontro frontale/laterale DX fra veicoli in marcia;Incrocio;Due carreggiate;Asciutto;Asfaltata;Verticale ed orizzontale;Sereno;Normale;Buona;Ore Diurne;0;0;0;2;12.5366;41.8887;-1;2;Autovettura privata;In marcia / fermata / arresto;Conducente;F;Illeso;0;;Non accertato;Inesploso
4183291;5;17/01/2019 17:00:00;Strada Urbana;VIA LUIGI LUCATELLI;all'intersezione con;VIA ALFREDO COMANDINI;VIA ALFREDO COMANDINI;;;Scontro frontale/laterale DX fra veicoli in marcia;Intersezione non regolata/non segnalata;Una carreggiata a doppio senso;Asciutto;Asfaltata;Verticale ed orizzontale;Nuvoloso;Normale;Buona;Ore Diurne;0;0;0;1;12.5531;41.9084;-1;1;Autovettura privata;In marcia / fermata / arresto;Conducente;F;Illeso;0;;Non accertato;
4183291;5;17/01/2019 17:00:00;Strada Urbana;VIA LUIGI LUCATELLI;all'intersezione con;VIA ALFREDO COMANDINI;VIA ALFREDO COMANDINI;;;Scontro frontale/laterale DX fra veicoli in marcia;Intersezione non regolata/non segnalata;Una carreggiata a doppio senso;Asciutto;Asfaltata;Verticale ed orizzontale;Nuvoloso;Normale;Buona;Ore Diurne;0;0;0;1;12.5531;41.9084;-1;2;Autovettura privata;Allontanatosi;;;;;;;
4183299;19;17/01/2019 19:15:00;Strada Urbana;VIA VERGINIA TONELLI;in prossimità;;del civico n.;168;;Scontro frontale/laterale DX fra veicoli in marcia;Rettilineo;Una carreggiata a doppio senso;Bagnato (pioggia);Asfaltata;Assente;Pioggia in atto;Normale;Sufficiente;Sufficiente;1;0;0;2;12.3727;41.9416;-1;1;Motociclo a solo;In marcia / fermata / arresto;Conducente;M;Rimandato;0;NON DECEDUTO;;
4183299;19;17/01/2019 19:15:00;Strada Urbana;VIA VERGINIA TONELLI;in prossimità;;del civico n.;168;;Scontro frontale/laterale DX fra veicoli in marcia;Rettilineo;Una carreggiata a doppio senso;Bagnato (pioggia);Asfaltata;Assente;Pioggia in atto;Normale;Sufficiente;Sufficiente;1;0;0;2;12.3727;41.9416;-1;2;Autovettura privata;In marcia / fermata / arresto;Conducente;M;Illeso;0;;Non accertato;
4183299;19;17/01/2019 19:15:00;Strada Urbana;VIA VERGINIA TONELLI;in prossimità;;del civico n.;168;;Scontro frontale/laterale DX fra veicoli in marcia;Rettilineo;Una carreggiata a doppio senso;Bagnato (pioggia);Asfaltata;Assente;Pioggia in atto;Normale;Sufficiente;Sufficiente;1;0;0;2;12.3727;41.9416;-1;3;Autocarro inferiore 35 q.;In marcia / fermata / arresto;Conducente;M;Illeso;0;;Non accertato;
4183303;18;17/01/2019 10:30:00;Strada Urbana;CIRCONVALLAZIONE CORNELIA;da specificare;;;;in prossimità di Via Palombini;Scontro laterale fra veicoli in marcia;Rettilineo;Due carreggiate;Asciutto;Asfaltata;Verticale ed orizzontale;Sereno;Normale;Buona;Ore Diurne;0;0;0;2;12.4259;41.902;-1;1;Autovettura pubblica;In marcia / fermata / arresto;Conducente;M;Illeso;0;;;
4183303;18;17/01/2019 10:30:00;Strada Urbana;CIRCONVALLAZIONE CORNELIA;da specificare;;;;in prossimità di Via Palombini;Scontro laterale fra veicoli in marcia;Rettilineo;Due carreggiate;Asciutto;Asfaltata;Verticale ed orizzontale;Sereno;Normale;Buona;Ore Diurne;0;0;0;2;12.4259;41.902;-1;2;Autovettura privata;In marcia / fermata / arresto;Conducente;M;Illeso;0;;;
4183310;18;17/01/2019 19:20:00;Strada Urbana;LARGO DI BOCCEA;in corrispondenza;;del civico n.;12;;Investimento di pedone;Curva a visuale libera;Una carreggiata a doppio senso;Bagnato (pioggia);Asfaltata;Verticale ed orizzontale;Pioggia in atto;Normale;Buona;Sufficiente;2;0;0;1;12.4268;41.9016;-1;;;;Pedone;M;Rimandato;0;NON DECEDUTO;;
4183310;18;17/01/2019 19:20:00;Strada Urbana;LARGO DI BOCCEA;in corrispondenza;;del civico n.;12;;Investimento di pedone;Curva a visuale libera;Una carreggiata a doppio senso;Bagnato (pioggia);Asfaltata;Verticale ed orizzontale;Pioggia in atto;Normale;Buona;Sufficiente;2;0;0;1;12.4268;41.9016;-1;;;;Pedone;M;Rimandato;0;NON DECEDUTO;;
4183310;18;17/01/2019 19:20:00;Strada Urbana;LARGO DI BOCCEA;in corrispondenza;;del civico n.;12;;Investimento di pedone;Curva a visuale libera;Una carreggiata a doppio senso;Bagnato (pioggia);Asfaltata;Verticale ed orizzontale;Pioggia in atto;Normale;Buona;Sufficiente;2;0;0;1;12.4268;41.9016;-1;1;Autovettura privata;In marcia / fermata / arresto;Conducente;M;Illeso;0;;;
4183319;1;17/01/2019 09:40:00;Strada Urbana;VIA LUDOVISI;all'intersezione con;VIA AURORA;VIA AURORA;;;Scontro frontale/laterale DX fra veicoli in marcia;Incrocio;Una carreggiata a senso unico di marcia;Asciutto;Asfaltata;Verticale ed orizzontale;Nuvoloso;Normale;Buona;Ore Diurne;1;0;0;1;12.4879;41.9068;-1;1;Autovettura privata;In marcia / fermata / arresto;Conducente;F;Illeso;0;;Non accertato;Inesploso
4183319;1;17/01/2019 09:40:00;Strada Urbana;VIA LUDOVISI;all'intersezione con;VIA AURORA;VIA AURORA;;;Scontro frontale/laterale DX fra veicoli in marcia;Incrocio;Una carreggiata a senso unico di marcia;Asciutto;Asfaltata;Verticale ed orizzontale;Nuvoloso;Normale;Buona;Ore Diurne;1;0;0;1;12.4879;41.9068;-1;2;Motociclo a solo;In marcia / fermata / arresto;Conducente;F;Rimandato;0;NON DECEDUTO;;
4183334;4;17/01/2019 19:25:00;Strada Urbana;PIAZZA CAPRI;da specificare;;;;all'altezza di Via Pantelleria;Scontro laterale fra veicoli in marcia;Curva a visuale libera;Due carreggiate;Bagnato (pioggia);Asfaltata;Verticale ed orizzontale;Pioggia in atto;Normale;Sufficiente;Sufficiente;0;0;0;2;12.5285;41.9438;-1;1;Autovettura privata;In marcia / fermata / arresto;Conducente;M;Illeso;0;;;
4183334;4;17/01/2019 19:25:00;Strada Urbana;PIAZZA CAPRI;da specificare;;;;all'altezza di Via Pantelleria;Scontro laterale fra veicoli in marcia;Curva a visuale libera;Due carreggiate;Bagnato (pioggia);Asfaltata;Verticale ed orizzontale;Pioggia in atto;Normale;Sufficiente;Sufficiente;0;0;0;2;12.5285;41.9438;-1;2;Autovettura privata;In marcia / fermata / arresto;Conducente;M;Illeso;0;;;
4183349;1;17/01/2019 20:10:00;Strada Urbana;VIALE AVENTINO;in prossimità;;del civico n.;98;;Infortunio per sola frenata improvvisa;Rettilineo;Due carreggiate;Bagnato (umidità in atto);In cubetti di porfido;Orizzontale;Nuvoloso;Normale;Buona;Sufficiente;1;0;0;1;12.485;41.8816;-1;1;Autovettura privata;In marcia / fermata / arresto;Conducente;M;Illeso;0;;;
4183349;1;17/01/2019 20:10:00;Strada Urbana;VIALE AVENTINO;in prossimità;;del civico n.;98;;Infortunio per sola frenata improvvisa;Rettilineo;Due carreggiate;Bagnato (umidità in atto);In cubetti di porfido;Orizzontale;Nuvoloso;Normale;Buona;Sufficiente;1;0;0;1;12.485;41.8816;-1;2;Motociclo a solo;In marcia / fermata / arresto;Conducente;M;Rimandato;0;NON DECEDUTO;;
4183390;17;17/01/2019 20:00:00;Strada Urbana;PIAZZALE CLODIO;all'intersezione semaforizzata con;VIALE GIOVANNI FALCONE E PAOLO BORSELLINO;VIALE GIOVANNI FALCONE E PAOLO BORSELLINO;;;Scontro frontale/laterale SX fra veicoli in marcia;Intersezione semaforizzata;Due carreggiate;Bagnato (pioggia);Asfaltata;Verticale ed orizzontale;Pioggia in atto;Scarso;Buona;Sufficiente;1;0;0;1;12.4549;41.9167;-1;1;Autovettura privata;In marcia / fermata / arresto;Conducente;M;Illeso;0;;;
4183390;17;17/01/2019 20:00:00;Strada Urbana;PIAZZALE CLODIO;all'intersezione semaforizzata con;VIALE GIOVANNI FALCONE E PAOLO BORSELLINO;VIALE GIOVANNI FALCONE E PAOLO BORSELLINO;;;Scontro frontale/laterale SX fra veicoli in marcia;Intersezione semaforizzata;Due carreggiate;Bagnato (pioggia);Asfaltata;Verticale ed orizzontale;Pioggia in atto;Scarso;Buona;Sufficiente;1;0;0;1;12.4549;41.9167;-1;2;Motociclo a solo;In marcia / fermata / arresto;Conducente;M;Rimandato;0;NON DECEDUTO;;
4183393;3;14/01/2019 20:45:00;Strada Urbana;VIA FAMIANO NARDINI;in corrispondenza;;del civico n.;19;;Veicolo in marcia contro veicolo in sosta;Rettilineo;Una carreggiata a doppio senso;Asciutto;Asfaltata;Verticale ed orizzontale;Sereno;Scarso;Buona;Sufficiente;0;0;0;1;12.5212;41.9185;-1;1;Autovettura privata;Sosta;;;;;;;