Protocollo;Gruppo;DataOraIncidente;Localizzazione1;STRADA1;Localizzazione2;STRADA2;Strada02;Chilometrica;DaSpecificare;NaturaIncidente;particolaritastrade;TipoStrada;FondoStradale;Pavimentazione;Segnaletica;CondizioneAtmosferica;Traffico;Visibilita;Illuminazione;NUM_FERITI;NUM_RISERVATA;NUM_MORTI;NUM_ILLESI;Longitudine;Latitudine;Confermato;Progressivo;TipoVeicolo;StatoVeicolo;TipoPersona;Sesso;Tipolesione;Deceduto;DecedutoDopo;CinturaCascoUtilizzato;Airbag;
4183393;3;14/01/2019 20:45:00;Strada Urbana;VIA FAMIANO NARDINI;in corrispondenza;;del civico n.;19;;Veicolo in marcia contro veicolo in sosta;Rettilineo;Una carreggiata a doppio senso;Asciutto;Asfaltata;Verticale ed orizzontale;Sereno;Scarso;Buona;Sufficiente;0;0;0;1;12.5212;41.9185;-1;2;Autovettura privata;In marcia / fermata / arresto;Conducente;M;Illeso;0;;Non accertato;Inesploso
4183451;7;18/01/2019 09:50:00;Strada Urbana;VIA PRENESTINA;in prossimità;;del civico n.;1066;;Veicolo in marcia contro ostacolo accidentale;Rettilineo;Una carreggiata a doppio senso;Bagnato (pioggia);Asfaltata;Assente;Nuvoloso;Intenso;Sufficiente;Ore Diurne;1;0;0;0;12.611;41.8933;-1;1;Motociclo a solo;In marcia / fermata / arresto;Conducente;M;Rifiuta cure immediate;0;NON DECEDUTO;Utilizzato;
4183475;18;17/01/2019 23:15:00;Strada Urbana;VIA DELLA PINETA SACCHETTI;da specificare;;;;altezza VIA EMMA PERODI;Tamponamento;Rettilineo;Una carreggiata a senso unico di marcia;Bagnato (pioggia);Asfaltata;Verticale ed orizzontale;Nuvoloso;Scarso;Sufficiente;Sufficiente;1;0;0;1;12.425;41.924;-1;1;Autovettura privata;In marcia / fermata / arresto;Conducente;M;Rimandato;0;NON DECEDUTO;;
4183475;18;17/01/2019 23:15:00;Strada Urbana;VIA DELLA PINETA SACCHETTI;da specificare;;;;altezza VIA EMMA PERODI;Tamponamento;Rettilineo;Una carreggiata a senso unico di marcia;Bagnato (pioggia);Asfaltata;Verticale ed orizzontale;Nuvoloso;Scarso;Sufficiente;Sufficiente;1;0;0;1;12.425;41.924;-1;2;Autovettura privata;In marcia / fermata / arresto;Conducente;M;Illeso;0;;;
4183497;2;17/01/2019 09:20:00;Strada Urbana;VIA PINCIANA;in prossimità;;del civico n.;45;;Scontro frontale/laterale SX fra veicoli in marcia;Rettilineo;Una carreggiata a doppio senso;Asciutto;Asfaltata;Verticale ed orizzontale;Nuvoloso;Normale;Buona;Ore Diurne;1;0;0;1;12.4922;41.9119;-1;1;Autovettura privata;In marcia / fermata / arresto;Conducente;M;Illeso;0;;;
4183497;2;17/01/2019 09:20:00;Strada Urbana;VIA PINCIANA;in prossimità;;del civico n.;45;;Scontro frontale/laterale SX fra veicoli in marcia;Rettilineo;Una carreggiata a doppio senso;Asciutto;Asfaltata;Verticale ed orizzontale;Nuvoloso;Normale;Buona;Ore Diurne;1;0;0;1;12.4922;41.9119;-1;2;Motociclo a solo;In marcia / fermata / arresto;Conducente;M;Rimandato;0;NON DECEDUTO;;
4183503;2;17/01/2019 16:30:00;Strada Urbana;LUNGOTEVERE ARNALDO DA BRESCIA;all'intersezione con;VIA DOMENICO ALBERTO AZUNI;VIA DOMENICO ALBERTO AZUNI;;;Scontro laterale fra veicoli in marcia;Incrocio;Una carreggiata a senso unico di marcia;Asciutto;Asfaltata;Verticale ed orizzontale;Nuvoloso;Intenso;Sufficiente;Ore Diurne;0;0;0;2;12.4726;41.9123;-1;1;Autovettura privata;In marcia / fermata / arresto;Conducente;M;Illeso;0;;;
4183503;2;17/01/2019 16:30:00;Strada Urbana;LUNGOTEVERE ARNALDO DA BRESCIA;all'intersezione con;VIA DOMENICO ALBERTO AZUNI;VIA DOMENICO ALBERTO AZUNI;;;Scontro laterale fra veicoli in marcia;Incrocio;Una carreggiata a senso unico di marcia;Asciutto;Asfaltata;Verticale ed orizzontale;Nuvoloso;Intenso;Sufficiente;Ore Diurne;0;0;0;2;12.4726;41.9123;-1;2;Autovettura privata;In marcia / fermata / arresto;Conducente;M;Illeso;0;;;
4183505;16;17/01/2019 07:30:00;Strada Urbana;VIA ALBENSIO CALABRESE;all'intersezione con;VIA LUDOVICA ALBERTONI;VIA LUDOVICA ALBERTONI;;;Scontro frontale/laterale SX fra veicoli in marcia;Intersezione stradale segnalata;Una carreggiata a senso unico di marcia;Asciutto;Asfaltata;Verticale ed orizzontale;Nuvoloso;Normale;Buona;Ore Diurne;0;0;0;3;12.445;41.8776;-1;1;Autovettura privata;In marcia / fermata / arresto;Conducente;M;Illeso;0;;Non accertato;Inesploso
4183505;16;17/01/2019 07:30:00;Strada Urbana;VIA ALBENSIO CALABRESE;all'intersezione con;VIA LUDOVICA ALBERTONI;VIA LUDOVICA ALBERTONI;;;Scontro frontale/laterale SX fra veicoli in marcia;Intersezione stradale segnalata;Una carreggiata a senso unico di marcia;Asciutto;Asfaltata;Verticale ed orizzontale;Nuvoloso;Normale;Buona;Ore Diurne;0;0;0;3;12.445;41.8776;-1;1;Autovettura privata;In marcia / fermata / arresto;Passeggero;F;Illeso;0;;Non accertato;Inesploso
4183505;16;17/01/2019 07:30:00;Strada Urbana;VIA ALBENSIO CALABRESE;all'intersezione con;VIA LUDOVICA ALBERTONI;VIA LUDOVICA ALBERTONI;;;Scontro frontale/laterale SX fra veicoli in marcia;Intersezione stradale segnalata;Una carreggiata a senso unico di marcia;Asciutto;Asfaltata;Verticale ed orizzontale;Nuvoloso;Normale;Buona;Ore Diurne;0;0;0;3;12.445;41.8776;-1;2;Velocipede;In marcia / fermata / arresto;Conducente;M;Illeso;0;;Esente;
4183512;10;18/01/2019 09:50:00;Strada Urbana;VIA BERNARDINO ALIMENA;all'intersezione con;VIALE LUIGI SCHIAVONETTI;VIALE LUIGI SCHIAVONETTI;;;Scontro frontale/laterale DX fra veicoli in marcia;Rotatoria;Una carreggiata a senso unico di marcia;Bagnato (pioggia);Asfaltata;Assente;Nuvoloso;Normale;Buona;Ore Diurne;0;0;0;3;12.6107;41.8449;-1;1;Autovettura privata;In marcia / fermata / arresto;Conducente;F;Illeso;0;;Non accertato;Inesploso
4183512;10;18/01/2019 09:50:00;Strada Urbana;VIA BERNARDINO ALIMENA;all'intersezione con;VIALE LUIGI SCHIAVONETTI;VIALE LUIGI SCHIAVONETTI;;;Scontro frontale/laterale DX fra veicoli in marcia;Rotatoria;Una carreggiata a senso unico di marcia;Bagnato (pioggia);Asfaltata;Assente;Nuvoloso;Normale;Buona;Ore Diurne;0;0;0;3;12.6107;41.8449;-1;2;Autovettura privata;In marcia / fermata / arresto;Conducente;F;Illeso;0;;Non accertato;Inesploso
4183512;10;18/01/2019 09:50:00;Strada Urbana;VIA BERNARDINO ALIMENA;all'intersezione con;VIALE LUIGI SCHIAVONETTI;VIALE LUIGI SCHIAVONETTI;;;Scontro frontale/laterale DX fra veicoli in marcia;Rotatoria;Una carreggiata a senso unico di marcia;Bagnato (pioggia);Asfaltata;Assente;Nuvoloso;Normale;Buona;Ore Diurne;0;0;0;3;12.6107;41.8449;-1;2;Autovettura privata;In marcia / fermata / arresto;Passeggero;F;Illeso;0;;Non accertato;Inesploso
4183514;2;17/01/2019 20:05:00;Strada Urbana;VIA GIOVANNI ANTONELLI;in prossimità;;del civico n.;29;;Investimento di pedone;Rettilineo;Una carreggiata a doppio senso;Bagnato (pioggia);Asfaltata;Verticale ed orizzontale;Sereno;Intenso;Sufficiente;Sufficiente;1;0;0;1;12.4855;41.9233;-1;;;;Pedone;F;Rimandato;0;NON DECEDUTO;;
4183514;2;17/01/2019 20:05:00;Strada Urbana;VIA GIOVANNI ANTONELLI;in prossimità;;del civico n.;29;;Investimento di pedone;Rettilineo;Una carreggiata a doppio senso;Bagnato (pioggia);Asfaltata;Verticale ed orizzontale;Sereno;Intenso;Sufficiente;Sufficiente;1;0;0;1;12.4855;41.9233;-1;1;Motociclo a solo;In marcia / fermata / arresto;Conducente;M;Illeso;0;;;
4183526;18;17/01/2019 22:00:00;Strada Urbana;VIA DI BOCCEA;da specificare;;;;prossimità via DON CARLO GNOCCHI;Tamponamento;Rettilineo;Una carreggiata a doppio senso;Bagnato (pioggia);Asfaltata;Verticale ed orizzontale;Pioggia in atto;Scarso;Sufficiente;Sufficiente;0;0;0;2;12.394;41.9108;-1;1;Autovettura privata;In marcia / fermata / arresto;Conducente;M;Illeso;0;;;
4183526;18;17/01/2019 22:00:00;Strada Urbana;VIA DI BOCCEA;da specificare;;;;prossimità via DON CARLO GNOCCHI;Tamponamento;Rettilineo;Una carreggiata a doppio senso;Bagnato (pioggia);Asfaltata;Verticale ed orizzontale;Pioggia in atto;Scarso;Sufficiente;Sufficiente;0;0;0;2;12.394;41.9108;-1;2;Autovettura privata;In marcia / fermata / arresto;Conducente;F;Illeso;0;;;
4183531;2;17/01/2019 12:25:00;Strada Urbana;PIAZZA ADDIS ABEBA;all'intersezione con;VIALE ETIOPIA;VIALE ETIOPIA;;;Scontro laterale fra veicoli in marcia;Incrocio;Una carreggiata a senso unico di marcia;Bagnato (pioggia);Asfaltata;Verticale ed orizzontale;Nuvoloso;Normale;Buona;Ore Diurne;0;0;0;2;12.5228;41.932;-1;1;Autovettura privata;In marcia / fermata / arresto;Conducente;F;Illeso;0;;;
4183531;2;17/01/2019 12:25:00;Strada Urbana;PIAZZA ADDIS ABEBA;all'intersezione con;VIALE ETIOPIA;VIALE ETIOPIA;;;Scontro laterale fra veicoli in marcia;Incrocio;Una carreggiata a senso unico di marcia;Bagnato (pioggia);Asfaltata;Verticale ed orizzontale;Nuvoloso;Normale;Buona;Ore Diurne;0;0;0;2;12.5228;41.932;-1;2;Motociclo a solo;In marcia / fermata / arresto;Conducente;M;Illeso;0;;;
4183536;2;17/01/2019 13:30:00;Strada Urbana;VIA GREGORIO ALLEGRI;all'intersezione con;VIA JACOPO PERI;VIA JACOPO PERI;;;Scontro laterale fra veicoli in marcia;Incrocio;Una carreggiata a senso unico di marcia;Bagnato (pioggia);Asfaltata;Verticale ed orizzontale;Pioggia in atto;Normale;Buona;Ore Diurne;0;0;0;2;12.4947;41.9151;-1;1;Motociclo a solo;In marcia / fermata / arresto;Conducente;F;Illeso;0;;Non accertato;
4183536;2;17/01/2019 13:30:00;Strada Urbana;VIA GREGORIO ALLEGRI;all'intersezione con;VIA JACOPO PERI;VIA JACOPO PERI;;;Scontro laterale fra veicoli in marcia;Incrocio;Una carreggiata a senso unico di marcia;Bagnato (pioggia);Asfaltata;Verticale ed orizzontale;Pioggia in atto;Normale;Buona;Ore Diurne;0;0;0;2;12.4947;41.9151;-1;2;Autovettura privata;In marcia / fermata / arresto;Conducente;M;Illeso;0;;Non accertato;Inesploso
4183542;2;17/01/2019 14:00:00;Strada Urbana;VIALE MARESCIALLO PILSUDSKI;in prossimità;;del civico n.;fr.124;;Tamponamento;Curva a visuale libera;Una carreggiata a doppio senso;Bagnato (pioggia);Asfaltata;Verticale ed orizzontale;Pioggia in atto;Normale;Buona;Ore Diurne;1;0;0;2;12.475;41.9275;-1;;;;Pedone;M;Rimandato;0;NON DECEDUTO;;
4183542;2;17/01/2019 14:00:00;Strada Urbana;VIALE MARESCIALLO PILSUDSKI;in prossimità;;del civico n.;fr.124;;Tamponamento;Curva a visuale libera;Una carreggiata a doppio senso;Bagnato (pioggia);Asfaltata;Verticale ed orizzontale;Pioggia in atto;Normale;Buona;Ore Diurne;1;0;0;2;12.475;41.9275;-1;1;Autovettura privata;In marcia / fermata / arresto;Conducente;F;Illeso;0;;Non accertato;Inesploso
4183542;2;17/01/2019 14:00:00;Strada Urbana;VIALE MARESCIALLO PILSUDSKI;in prossimità;;del civico n.;fr.124;;Tamponamento;Curva a visuale libera;Una carreggiata a doppio senso;Bagnato (pioggia);Asfaltata;Verticale ed orizzontale;Pioggia in atto;Normale;Buona;Ore Diurne;1;0;0;2;12.475;41.9275;-1;2;Autocarro inferiore 35 q.;In marcia / fermata / arresto;Conducente;M;Illeso;0;;Non accertato;Inesploso
4183542;2;17/01/2019 14:00:00;Strada Urbana;VIALE MARESCIALLO PILSUDSKI;in prossimità;;del civico n.;fr.124;;Tamponamento;Curva a visuale libera;Una carreggiata a doppio senso;Bagnato (pioggia);Asfaltata;Verticale ed orizzontale;Pioggia in atto;Normale;Buona;Ore Diurne;1;0;0;2;12.475;41.9275;-1;3;Autovettura privata;Sosta;;;;;;;
4183542;2;17/01/2019 14:00:00;Strada Urbana;VIALE MARESCIALLO PILSUDSKI;in prossimità;;del civico n.;fr.124;;Tamponamento;Curva a visuale libera;Una carreggiata a doppio senso;Bagnato (pioggia);Asfaltata;Verticale ed orizzontale;Pioggia in atto;Normale;Buona;Ore Diurne;1;0;0;2;12.475;41.9275;-1;4;Autovettura privata;Sosta;;;;;;;
4183542;2;17/01/2019 14:00:00;Strada Urbana;VIALE MARESCIALLO PILSUDSKI;in prossimità;;del civico n.;fr.124;;Tamponamento;Curva a visuale libera;Una carreggiata a doppio senso;Bagnato (pioggia);Asfaltata;Verticale ed orizzontale;Pioggia in atto;Normale;Buona;Ore Diurne;1;0;0;2;12.475;41.9275;-1;5;Motociclo a solo;Sosta;;;;;;;
4183545;2;17/01/2019 14:10:00;Strada Urbana;VIA DEL FORO ITALICO;da specificare;;;;altezza Via Campi Sportivi dir. stadio;Scontro laterale fra veicoli in marcia;Rettilineo;Due carreggiate;Bagnato (pioggia);Asfaltata;Verticale ed orizzontale;Sereno;Intenso;Buona;Ore Diurne;2;0;0;1;12.4828;41.94;-1;1;Autovettura privata;In marcia / fermata / arresto;Conducente;F;Illeso;0;;Non accertato;Inesploso
4183545;2;17/01/2019 14:10:00;Strada Urbana;VIA DEL FORO ITALICO;da specificare;;;;altezza Via Campi Sportivi dir. stadio;Scontro laterale fra veicoli in marcia;Rettilineo;Due carreggiate;Bagnato (pioggia);Asfaltata;Verticale ed orizzontale;Sereno;Intenso;Buona;Ore Diurne;2;0;0;1;12.4828;41.94;-1;2;Quadriciclo leggero;In marcia / fermata / arresto;Conducente;F;Rimandato;0;NON DECEDUTO;Non accertato;Inesploso
4183545;2;17/01/2019 14:10:00;Strada Urbana;VIA DEL FORO ITALICO;da specificare;;;;altezza Via Campi Sportivi dir. stadio;Scontro laterale fra veicoli in marcia;Rettilineo;Due carreggiate;Bagnato (pioggia);Asfaltata;Verticale ed orizzontale;Sereno;Intenso;Buona;Ore Diurne;2;0;0;1;12.4828;41.94;-1;2;Quadriciclo leggero;In marcia / fermata / arresto;Passeggero;F;Rimandato;0;NON DECEDUTO;Non accertato;Inesploso
4183548;2;17/01/2019 15:45:00;Strada Urbana;LUNGOTEVERE FLAMINIO;in prossimità;;del civico n.;59;;Scontro laterale fra veicoli in marcia;Rettilineo;Una carreggiata a doppio senso;Asciutto;Asfaltata;Verticale ed orizzontale;Sereno;Normale;Buona;Ore Diurne;0;0;0;3;12.4646;41.924;-1;1;Autovettura privata;In marcia / fermata / arresto;Conducente;M;Illeso;0;;Non accertato;Inesploso
4183548;2;17/01/2019 15:45:00;Strada Urbana;LUNGOTEVERE FLAMINIO;in prossimità;;del civico n.;59;;Scontro laterale fra veicoli in marcia;Rettilineo;Una carreggiata a doppio senso;Asciutto;Asfaltata;Verticale ed orizzontale;Sereno;Normale;Buona;Ore Diurne;0;0;0;3;12.4646;41.924;-1;1;Autovettura privata;In marcia / fermata / arresto;Passeggero;F;Illeso;0;;Non accertato;Inesploso
4183548;2;17/01/2019 15:45:00;Strada Urbana;LUNGOTEVERE FLAMINIO;in prossimità;;del civico n.;59;;Scontro laterale fra veicoli in marcia;Rettilineo;Una carreggiata a doppio senso;Asciutto;Asfaltata;Verticale ed orizzontale;Sereno;Normale;Buona;Ore Diurne;0;0;0;3;12.4646;41.924;-1;2;Autovettura privata;In marcia / fermata / arresto;Conducente;F;Illeso;0;;Non accertato;Inesploso
4183551;16;17/01/2019 10:30:00;Strada Urbana;VIA GIACOMO LUMBROSO;all'intersezione con;VIA GIACOMO LUMBROSO;VIA GIACOMO LUMBROSO;;;Scontro frontale/laterale SX fra veicoli in marcia;Intersezione stradale segnalata;Una carreggiata a doppio senso;Asciutto;Asfaltata;Verticale ed orizzontale;Nuvoloso;Normale;Buona;Ore Diurne;1;0;0;1;12.4383;41.8658;-1;1;Autovettura privata;In marcia / fermata / arresto;Conducente;M;Illeso;0;;Non accertato;
4183551;16;17/01/2019 10:30:00;Strada Urbana;VIA GIACOMO LUMBROSO;all'intersezione con;VIA GIACOMO LUMBROSO;VIA GIACOMO LUMBROSO;;;Scontro frontale/laterale SX fra veicoli in marcia;Intersezione stradale segnalata;Una carreggiata a doppio senso;Asciutto;Asfaltata;Verticale ed orizzontale;Nuvoloso;Normale;Buona;Ore Diurne;1;0;0;1;12.4383;41.8658;-1;2;Motociclo a solo;In marcia / fermata / arresto;Conducente;M;Rimandato;0;NON DECEDUTO;Non accertato;
4183647;3;16/01/2019 02:45:00;Strada Urbana;VIALE REGINA MARGHERITA;all'intersezione con;VIA NOMENTANA;VIA NOMENTANA;;;Veicolo in marcia contro veicolo arresto;Intersezione semaforizzata;Una carreggiata a doppio senso;Asciutto;Asfaltata;Verticale ed orizzontale;Sereno;Scarso;Buona;Sufficiente;0;0;0;2;12.5065;41.913;-1;1;Autovettura privata;In marcia / fermata / arresto;Conducente;M;Illeso;0;;;
4183647;3;16/01/2019 02:45:00;Strada Urbana;VIALE REGINA MARGHERITA;all'intersezione con;VIA NOMENTANA;VIA NOMENTANA;;;Veicolo in marcia contro veicolo arresto;Intersezione semaforizzata;Una carreggiata a doppio senso;Asciutto;Asfaltata;Verticale ed orizzontale;Sereno;Scarso;Buona;Sufficiente;0;0;0;2;12.5065;41.913;-1;2;Autocarro inferiore 35 q.;In marcia / fermata / arresto;Conducente;M;Illeso;0;;;
4183691;3;16/01/2019 13:05:00;Strada Urbana;PIAZZALE DI PORTA PIA;in corrispondenza;;del civico n.;121;;Scontro frontale/laterale SX fra veicoli in marcia;Rettilineo;Una carreggiata a senso unico di marcia;Asciutto;Asfaltata;Verticale ed orizzontale;Nuvoloso;Normale;Buona;Ore Diurne;0;0;0;2;12.5016;41.91;-1;1;Autocarro inferiore 35 q.;In marcia / fermata / arresto;Conducente;M;Illeso;0;;Non accertato;
4183691;3;16/01/2019 13:05:00;Strada Urbana;PIAZZALE DI PORTA PIA;in corrispondenza;;del civico n.;121;;Scontro frontale/laterale SX fra veicoli in marcia;Rettilineo;Una carreggiata a senso unico di marcia;Asciutto;Asfaltata;Verticale ed orizzontale;Nuvoloso;Normale;Buona;Ore Diurne;0;0;0;2;12.5016;41.91;-1;2;Autovettura privata;In marcia / fermata / arresto;Conducente;M;Illeso;0;;Non accertato;
4183715;3;16/01/2019 19:45:00;Strada Urbana;LARGO GUIDO MAZZONI;da specificare;;;;altezza civ. 52;Tamponamento;Rettilineo;Una carreggiata a senso unico di marcia;Asciutto;Asfaltata;Assente;Sereno;Scarso;Sufficiente;Sufficiente;0;0;0;2;12.5274;41.91;-1;1;Autocarro inferiore 35 q.;In marcia / fermata / arresto;Conducente;M;Illeso;0;;Non accertato;
4183715;3;16/01/2019 19:45:00;Strada Urbana;LARGO GUIDO MAZZONI;da specificare;;;;altezza civ. 52;Tamponamento;Rettilineo;Una carreggiata a senso unico di marcia;Asciutto;Asfaltata;Assente;Sereno;Scarso;Sufficiente;Sufficiente;0;0;0;2;12.5274;41.91;-1;2;Autovettura privata;In marcia / fermata / arresto;Conducente;F;Illeso;0;;Non accertato;
4183716;6;18/01/2019 12:10:00;Statale entro l'abitato;VIA CASILINA;da specificare;;;;alt. via dei Gordiani;Scontro frontale/laterale SX fra veicoli in marcia;Rettilineo;Due carreggiate;Bagnato (pioggia);Asfaltata;Orizzontale;Nuvoloso;Normale;Buona;Ore Diurne;3;0;0;0;12.5521;41.8772;-1;1;Autovettura privata;In marcia / fermata / arresto;Conducente;F;Rimandato;0;NON DECEDUTO;Non accertato;Inesploso
4183716;6;18/01/2019 12:10:00;Statale entro l'abitato;VIA CASILINA;da specificare;;;;alt. via dei Gordiani;Scontro frontale/laterale SX fra veicoli in marcia;Rettilineo;Due carreggiate;Bagnato (pioggia);Asfaltata;Orizzontale;Nuvoloso;Normale;Buona;Ore Diurne;3;0;0;0;12.5521;41.8772;-1;2;Autovettura privata;In marcia / fermata / arresto;Conducente;M;Rimandato;0;NON DECEDUTO;Non accertato;Inesploso
4183716;6;18/01/2019 12:10:00;Statale entro l'abitato;VIA CASILINA;da specificare;;;;alt. via dei Gordiani;Scontro frontale/laterale SX fra veicoli in marcia;Rettilineo;Due carreggiate;Bagnato (pioggia);Asfaltata;Orizzontale;Nuvoloso;Normale;Buona;Ore Diurne;3;0;0;0;12.5521;41.8772;-1;2;Autovettura privata;In marcia / fermata / arresto;Passeggero;F;Rimandato;0;NON DECEDUTO;Non accertato;Inesploso
4183726;3;17/01/2019 15:00:00;Strada Urbana;CIRCONVALLAZIONE NOMENTANA;da specificare;;;;altezza Largo Lanciani;Scontro laterale fra veicoli in marcia;Rettilineo;Una carreggiata a senso unico di marcia;Asciutto;Asfaltata;Verticale ed orizzontale;Nuvoloso;Normale;Buona;Ore Diurne;1;0;0;2;12.5264;41.9214;-1;1;Autovettura privata;In marcia / fermata / arresto;Conducente;F;Ricoverato;0;NON DECEDUTO;Non accertato;
4183726;3;17/01/2019 15:00:00;Strada Urbana;CIRCONVALLAZIONE NOMENTANA;da specificare;;;;altezza Largo Lanciani;Scontro laterale fra veicoli in marcia;Rettilineo;Una carreggiata a senso unico di marcia;Asciutto;Asfaltata;Verticale ed orizzontale;Nuvoloso;Normale;Buona;Ore Diurne;1;0;0;2;12.5264;41.9214;-1;1;Autovettura privata;In marcia / fermata / arresto;Passeggero;M;Illeso;0;;;
4183726;3;17/01/2019 15:00:00;Strada Urbana;CIRCONVALLAZIONE NOMENTANA;da specificare;;;;altezza Largo Lanciani;Scontro laterale fra veicoli in marcia;Rettilineo;Una carreggiata a senso unico di marcia;Asciutto;Asfaltata;Verticale ed orizzontale;Nuvoloso;Normale;Buona;Ore Diurne;1;0;0;2;12.5264;41.9214;-1;2;Autovettura privata;In marcia / fermata / arresto;Conducente;M;Illeso;0;;;
4183733;1;18/01/2019 07:40:00;Strada Urbana;VIA PANISPERNA;in prossimità;;del civico n.;197;;Tamponamento;Rettilineo;Una carreggiata a senso unico di marcia;Bagnato (pioggia);In cubetti di porfido;Verticale ed orizzontale;Pioggia in atto;Normale;Buona;Ore Diurne;0;1;0;2;12.4934;41.8968;-1;1;Autocarro inferiore 35 q.;In marcia / fermata / arresto;Conducente;M;Illeso;0;;Non accertato;Inesploso
4183733;1;18/01/2019 07:40:00;Strada Urbana;VIA PANISPERNA;in prossimità;;del civico n.;197;;Tamponamento;Rettilineo;Una carreggiata a senso unico di marcia;Bagnato (pioggia);In cubetti di porfido;Verticale ed orizzontale;Pioggia in atto;Normale;Buona;Ore Diurne;0;1;0;2;12.4934;41.8968;-1;1;Autocarro inferiore 35 q.;In marcia / fermata / arresto;Passeggero;M;Illeso;0;;Non accertato;Inesploso
4183733;1;18/01/2019 07:40:00;Strada Urbana;VIA PANISPERNA;in prossimità;;del civico n.;197;;Tamponamento;Rettilineo;Una carreggiata a senso unico di marcia;Bagnato (pioggia);In cubetti di porfido;Verticale ed orizzontale;Pioggia in atto;Normale;Buona;Ore Diurne;0;1;0;2;12.4934;41.8968;-1;2;Ciclomotore;In marcia / fermata / arresto;Conducente;M;Prognosi riservata;0;NON DECEDUTO;Non accertato;
4183745;10;18/01/2019 13:15:00;Strada Urbana;VIA VINCENZO LAMARO;all'intersezione con;VIA UMBERTO QUINTAVALLE;VIA UMBERTO QUINTAVALLE;;;Scontro frontale/laterale DX fra veicoli in marcia;Intersezione stradale segnalata;Una carreggiata a doppio senso;Bagnato (pioggia);Asfaltata;Verticale ed orizzontale;Sereno;Normale;Buona;Ore Diurne;0;0;0;2;12.575;41.8534;-1;1;Autovettura privata;In marcia / fermata / arresto;Conducente;M;Illeso;0;;Non accertato;Inesploso
4183745;10;18/01/2019 13:15:00;Strada Urbana;VIA VINCENZO LAMARO;all'intersezione con;VIA UMBERTO QUINTAVALLE;VIA UMBERTO QUINTAVALLE;;;Scontro frontale/laterale DX fra veicoli in marcia;Intersezione stradale segnalata;Una carreggiata a doppio senso;Bagnato (pioggia);Asfaltata;Verticale ed orizzontale;Sereno;Normale;Buona;Ore Diurne;0;0;0;2;12.575;41.8534;-1;2;Autovettura privata;In marcia / fermata / arresto;Conducente;M;Illeso;0;;Non accertato;Inesploso
4183865;6;18/01/2019 13:20:00;Strada Urbana;VIA DEGLI ANGELI;in corrispondenza;;del civico n.;140;;Infortunio per caduta del veicolo;Curva senza visuale libera;Una carreggiata a doppio senso;Bagnato (umidità in atto);Asfaltata;Orizzontale;Nuvoloso;Normale;Sufficiente;Ore Diurne;1;0;0;0;12.5431;41.8726;-1;1;Motociclo a solo;In marcia / fermata / arresto;Conducente;M;Rimandato;0;NON DECEDUTO;;
4183987;1;18/01/2019 09:30:00;Strada Urbana;VIALE CASTRO PRETORIO;all'intersezione con;VIA PALESTRO;VIA PALESTRO;;;Scontro laterale fra veicoli in marcia;Incrocio;Più di due carreggiate;Bagnato (pioggia);Asfaltata;Verticale ed orizzontale;Pioggia in atto;Normale;Buona;Ore Diurne;1;0;0;2;9.644;45.397;-1;1;Autovettura pubblica;In marcia / fermata / arresto;Conducente;M;Illeso;0;;Non accertato;Inesploso
4183987;1;18/01/2019 09:30:00;Strada Urbana;VIALE CASTRO PRETORIO;all'intersezione con;VIA PALESTRO;VIA PALESTRO;;;Scontro laterale fra veicoli in marcia;Incrocio;Più di due carreggiate;Bagnato (pioggia);Asfaltata;Verticale ed orizzontale;Pioggia in atto;Normale;Buona;Ore Diurne;1;0;0;2;9.644;45.397;-1;1;Autovettura pubblica;In marcia / fermata / arresto;Passeggero;F;Rimandato;0;NON DECEDUTO;;
4183987;1;18/01/2019 09:30:00;Strada Urbana;VIALE CASTRO PRETORIO;all'intersezione con;VIA PALESTRO;VIA PALESTRO;;;Scontro laterale fra veicoli in marcia;Incrocio;Più di due carreggiate;Bagnato (pioggia);Asfaltata;Verticale ed orizzontale;Pioggia in atto;Normale;Buona;Ore Diurne;1;0;0;2;9.644;45.397;-1;2;Autovettura privata;In marcia / fermata / arresto;Conducente;M;Illeso;0;;Non accertato;Inesploso
4183993;10;18/01/2019 15:30:00;Strada Urbana;VIA TUSCOLANA;in prossimità;;del civico n.;1376;;Tamponamento;Rettilineo;Due carreggiate;Asciutto;Asfaltata;Verticale ed orizzontale;Sereno;Normale;Sufficiente;Ore Diurne;0;0;0;7;12.5722;41.8507;-1;1;Autovettura privata;In marcia / fermata / arresto;Conducente;M;Illeso;0;;;
4183993;10;18/01/2019 15:30:00;Strada Urbana;VIA TUSCOLANA;in prossimità;;del civico n.;1376;;Tamponamento;Rettilineo;Due carreggiate;Asciutto;Asfaltata;Verticale ed orizzontale;Sereno;Normale;Sufficiente;Ore Diurne;0;0;0;7;12.5722;41.8507;-1;1;Autovettura privata;In marcia / fermata / arresto;Passeggero;M;Illeso;0;;Non accertato;Inesploso
4183993;10;18/01/2019 15:30:00;Strada Urbana;VIA TUSCOLANA;in prossimità;;del civico n.;1376;;Tamponamento;Rettilineo;Due carreggiate;Asciutto;Asfaltata;Verticale ed orizzontale;Sereno;Normale;Sufficiente;Ore Diurne;0;0;0;7;12.5722;41.8507;-1;1;Autovettura privata;In marcia / fermata / arresto;Passeggero;M;Illeso;0;;Non accertato;Inesploso
4183993;10;18/01/2019 15:30:00;Strada Urbana;VIA TUSCOLANA;in prossimità;;del civico n.;1376;;Tamponamento;Rettilineo;Due carreggiate;Asciutto;Asfaltata;Verticale ed orizzontale;Sereno;Normale;Sufficiente;Ore Diurne;0;0;0;7;12.5722;41.8507;-1;2;Autovettura privata;In marcia / fermata / arresto;Conducente;M;Illeso;0;;Non accertato;Inesploso