Protocollo;Gruppo;DataOraIncidente;Localizzazione1;STRADA1;Localizzazione2;STRADA2;Strada02;Chilometrica;DaSpecificare;NaturaIncidente;particolaritastrade;TipoStrada;FondoStradale;Pavimentazione;Segnaletica;CondizioneAtmosferica;Traffico;Visibilita;Illuminazione;NUM_FERITI;NUM_RISERVATA;NUM_MORTI;NUM_ILLESI;Longitudine;Latitudine;Confermato;Progressivo;TipoVeicolo;StatoVeicolo;TipoPersona;Sesso;Tipolesione;Deceduto;DecedutoDopo;CinturaCascoUtilizzato;Airbag;
4187397;2;21/01/2019 08:40:00;Strada Urbana;CIRCONVALLAZIONE SALARIA;da specificare;;;;altezza uscita somalia;Veicolo in marcia contro ostacolo accidentale;Rettilineo;Due carreggiate;Bagnato (pioggia);Con buche;Verticale ed orizzontale;Pioggia in atto;Intenso;Buona;Ore Diurne;1;0;0;0;12.5207;41.9347;-1;1;Motociclo a solo;In marcia / fermata / arresto;Conducente;M;Rifiuta cure immediate;0;NON DECEDUTO;Non accertato;
4187397;2;21/01/2019 08:40:00;Strada Urbana;CIRCONVALLAZIONE SALARIA;da specificare;;;;altezza uscita somalia;Veicolo in marcia contro ostacolo accidentale;Rettilineo;Due carreggiate;Bagnato (pioggia);Con buche;Verticale ed orizzontale;Pioggia in atto;Intenso;Buona;Ore Diurne;1;0;0;0;12.5207;41.9347;-1;2;Motociclo a solo;In marcia / fermata / arresto;;;;;;;
4187405;2;20/01/2019 22:30:00;Strada Urbana;VIALE DEL MURO TORTO;da specificare;;;;sotto il cavalcavia di V.le delle Magnolie dir.P.P;Veicolo in marcia contro ostacolo accidentale;Rettilineo;Due carreggiate;Asciutto;Asfaltata;Verticale ed orizzontale;Sereno;Normale;Buona;Sufficiente;0;0;0;2;12.4817;41.9107;-1;1;Autovettura privata;In marcia / fermata / arresto;Conducente;F;Illeso;0;;Non accertato;Inesploso
4187405;2;20/01/2019 22:30:00;Strada Urbana;VIALE DEL MURO TORTO;da specificare;;;;sotto il cavalcavia di V.le delle Magnolie dir.P.P;Veicolo in marcia contro ostacolo accidentale;Rettilineo;Due carreggiate;Asciutto;Asfaltata;Verticale ed orizzontale;Sereno;Normale;Buona;Sufficiente;0;0;0;2;12.4817;41.9107;-1;1;Autovettura privata;In marcia / fermata / arresto;Passeggero;M;Illeso;0;;Non accertato;Inesploso
4187413;7;20/01/2019 22:30:00;Strada Urbana;VIA FEDERICO DELPINO;in corrispondenza;;del civico n.;80;;Veicolo in marcia contro ostacolo fisso;Rettilineo;Due carreggiate;Bagnato (pioggia);Asfaltata;Verticale ed orizzontale;Pioggia in atto;Normale;Sufficiente;Inesistente;1;0;0;0;12.563;41.891;-1;1;Motociclo a solo;In marcia / fermata / arresto;Conducente;F;Rimandato;0;NON DECEDUTO;Non accertato;
4187415;2;20/01/2019 10:48:00;Strada Urbana;VIA PIETRO MASCAGNI;in prossimità;;del civico n.;128;;Veicolo in marcia contro veicolo in sosta;Curva a visuale libera;Una carreggiata a senso unico di marcia;Bagnato (pioggia);Asfaltata;Verticale ed orizzontale;Pioggia in atto;Scarso;Buona;Ore Diurne;0;0;0;1;12.5153;41.9387;-1;1;Autovettura privata;Sosta;;;;;;;
4187415;2;20/01/2019 10:48:00;Strada Urbana;VIA PIETRO MASCAGNI;in prossimità;;del civico n.;128;;Veicolo in marcia contro veicolo in sosta;Curva a visuale libera;Una carreggiata a senso unico di marcia;Bagnato (pioggia);Asfaltata;Verticale ed orizzontale;Pioggia in atto;Scarso;Buona;Ore Diurne;0;0;0;1;12.5153;41.9387;-1;2;Autovettura privata;In marcia / fermata / arresto;Conducente;M;Illeso;0;;;
4187417;23;21/01/2019 00:30:00;Comunale extraurbana;VIA AURELIA;in prossimità;;della chilometrica;10;;Veicolo in marcia contro ostacolo fisso;Rettilineo;Due carreggiate;Bagnato (pioggia);Asfaltata;Verticale ed orizzontale;Pioggia in atto;Scarso;Sufficiente;Sufficiente;0;0;0;1;12.3847;41.8859;-1;1;Autovettura privata;In marcia / fermata / arresto;Conducente;M;Illeso;0;;Non accertato;Esploso
4187419;2;20/01/2019 11:50:00;Strada Urbana;VIALE DEL MURO TORTO;da specificare;;;;pross. Piazzale flaminio;Veicolo in marcia contro ostacolo accidentale;Curva a visuale libera;Due carreggiate;Bagnato (pioggia);Asfaltata;Verticale ed orizzontale;Pioggia in atto;Normale;Buona;Ore Diurne;0;0;0;1;12.4817;41.9107;-1;1;Motociclo a solo;In marcia / fermata / arresto;Conducente;M;Illeso;0;;;
4187422;2;20/01/2019 16:30:00;Strada Urbana;VIA SALARIA;all'intersezione semaforizzata con;VIA BRUXELLES;VIA BRUXELLES;;;Scontro frontale/laterale SX fra veicoli in marcia;Intersezione semaforizzata;Due carreggiate;Bagnato (pioggia);Asfaltata;Verticale ed orizzontale;Pioggia in atto;Scarso;Buona;Ore Diurne;0;0;0;5;12.5014;41.9223;-1;1;Autovettura privata;In marcia / fermata / arresto;Conducente;M;Illeso;0;;Non accertato;Inesploso
4187422;2;20/01/2019 16:30:00;Strada Urbana;VIA SALARIA;all'intersezione semaforizzata con;VIA BRUXELLES;VIA BRUXELLES;;;Scontro frontale/laterale SX fra veicoli in marcia;Intersezione semaforizzata;Due carreggiate;Bagnato (pioggia);Asfaltata;Verticale ed orizzontale;Pioggia in atto;Scarso;Buona;Ore Diurne;0;0;0;5;12.5014;41.9223;-1;1;Autovettura privata;In marcia / fermata / arresto;Passeggero;F;Illeso;0;;Non accertato;Inesploso
4187422;2;20/01/2019 16:30:00;Strada Urbana;VIA SALARIA;all'intersezione semaforizzata con;VIA BRUXELLES;VIA BRUXELLES;;;Scontro frontale/laterale SX fra veicoli in marcia;Intersezione semaforizzata;Due carreggiate;Bagnato (pioggia);Asfaltata;Verticale ed orizzontale;Pioggia in atto;Scarso;Buona;Ore Diurne;0;0;0;5;12.5014;41.9223;-1;2;Autovettura privata;In marcia / fermata / arresto;Conducente;M;Illeso;0;;Non accertato;Esploso
4187422;2;20/01/2019 16:30:00;Strada Urbana;VIA SALARIA;all'intersezione semaforizzata con;VIA BRUXELLES;VIA BRUXELLES;;;Scontro frontale/laterale SX fra veicoli in marcia;Intersezione semaforizzata;Due carreggiate;Bagnato (pioggia);Asfaltata;Verticale ed orizzontale;Pioggia in atto;Scarso;Buona;Ore Diurne;0;0;0;5;12.5014;41.9223;-1;2;Autovettura privata;In marcia / fermata / arresto;Passeggero;F;Illeso;0;;Non accertato;Esploso
4187422;2;20/01/2019 16:30:00;Strada Urbana;VIA SALARIA;all'intersezione semaforizzata con;VIA BRUXELLES;VIA BRUXELLES;;;Scontro frontale/laterale SX fra veicoli in marcia;Intersezione semaforizzata;Due carreggiate;Bagnato (pioggia);Asfaltata;Verticale ed orizzontale;Pioggia in atto;Scarso;Buona;Ore Diurne;0;0;0;5;12.5014;41.9223;-1;2;Autovettura privata;In marcia / fermata / arresto;Passeggero;M;Illeso;0;;Non accertato;Inesploso
4187425;23;21/01/2019 00:35:00;Comunale extraurbana;VIA AURELIA;in prossimità;;della chilometrica;10;;Tamponamento Multiplo;Rettilineo;Due carreggiate;Bagnato (pioggia);Asfaltata;Verticale ed orizzontale;Pioggia in atto;Scarso;Sufficiente;Sufficiente;1;0;0;6;12.3847;41.886;-1;1;Autovettura pubblica;In marcia / fermata / arresto;Conducente;M;Illeso;0;;Non accertato;Inesploso
4187425;23;21/01/2019 00:35:00;Comunale extraurbana;VIA AURELIA;in prossimità;;della chilometrica;10;;Tamponamento Multiplo;Rettilineo;Due carreggiate;Bagnato (pioggia);Asfaltata;Verticale ed orizzontale;Pioggia in atto;Scarso;Sufficiente;Sufficiente;1;0;0;6;12.3847;41.886;-1;2;Autovettura privata;In marcia / fermata / arresto;Conducente;M;Illeso;0;;Non accertato;Inesploso
4187425;23;21/01/2019 00:35:00;Comunale extraurbana;VIA AURELIA;in prossimità;;della chilometrica;10;;Tamponamento Multiplo;Rettilineo;Due carreggiate;Bagnato (pioggia);Asfaltata;Verticale ed orizzontale;Pioggia in atto;Scarso;Sufficiente;Sufficiente;1;0;0;6;12.3847;41.886;-1;2;Autovettura privata;In marcia / fermata / arresto;Passeggero;F;Illeso;0;;Non accertato;Inesploso
4187425;23;21/01/2019 00:35:00;Comunale extraurbana;VIA AURELIA;in prossimità;;della chilometrica;10;;Tamponamento Multiplo;Rettilineo;Due carreggiate;Bagnato (pioggia);Asfaltata;Verticale ed orizzontale;Pioggia in atto;Scarso;Sufficiente;Sufficiente;1;0;0;6;12.3847;41.886;-1;3;Autovettura privata;In marcia / fermata / arresto;Conducente;M;Rifiuta cure immediate;0;NON DECEDUTO;Non accertato;Inesploso
4187425;23;21/01/2019 00:35:00;Comunale extraurbana;VIA AURELIA;in prossimità;;della chilometrica;10;;Tamponamento Multiplo;Rettilineo;Due carreggiate;Bagnato (pioggia);Asfaltata;Verticale ed orizzontale;Pioggia in atto;Scarso;Sufficiente;Sufficiente;1;0;0;6;12.3847;41.886;-1;4;Autovettura privata;In marcia / fermata / arresto;Conducente;M;Illeso;0;;Non accertato;Inesploso
4187425;23;21/01/2019 00:35:00;Comunale extraurbana;VIA AURELIA;in prossimità;;della chilometrica;10;;Tamponamento Multiplo;Rettilineo;Due carreggiate;Bagnato (pioggia);Asfaltata;Verticale ed orizzontale;Pioggia in atto;Scarso;Sufficiente;Sufficiente;1;0;0;6;12.3847;41.886;-1;4;Autovettura privata;In marcia / fermata / arresto;Passeggero;F;Illeso;0;;Non accertato;Inesploso
4187425;23;21/01/2019 00:35:00;Comunale extraurbana;VIA AURELIA;in prossimità;;della chilometrica;10;;Tamponamento Multiplo;Rettilineo;Due carreggiate;Bagnato (pioggia);Asfaltata;Verticale ed orizzontale;Pioggia in atto;Scarso;Sufficiente;Sufficiente;1;0;0;6;12.3847;41.886;-1;5;Autovettura privata;In marcia / fermata / arresto;Conducente;M;Illeso;0;;Non accertato;Inesploso
4187426;2;20/01/2019 16:40:00;Strada Urbana;VIALE DEL MURO TORTO;da specificare;;;;dir. P.le Brasile pross. palo luce 10;Veicolo in marcia contro ostacolo fisso;Curva senza visuale libera;Due carreggiate;Bagnato (pioggia);Asfaltata;Orizzontale;Pioggia in atto;Normale;Sufficiente;Sufficiente;0;0;0;2;12.4817;41.9107;-1;1;Autovettura privata;In marcia / fermata / arresto;Conducente;M;Illeso;0;;Non accertato;Inesploso
4187426;2;20/01/2019 16:40:00;Strada Urbana;VIALE DEL MURO TORTO;da specificare;;;;dir. P.le Brasile pross. palo luce 10;Veicolo in marcia contro ostacolo fisso;Curva senza visuale libera;Due carreggiate;Bagnato (pioggia);Asfaltata;Orizzontale;Pioggia in atto;Normale;Sufficiente;Sufficiente;0;0;0;2;12.4817;41.9107;-1;1;Autovettura privata;In marcia / fermata / arresto;Passeggero;M;Illeso;0;;;
4187429;2;20/01/2019 17:15:00;Strada Urbana;VIA PO;all'intersezione semaforizzata con;VIA TEVERE;VIA TEVERE;;;Scontro frontale/laterale DX fra veicoli in marcia;Intersezione semaforizzata;Una carreggiata a doppio senso;Bagnato (pioggia);Asfaltata;Verticale ed orizzontale;Pioggia in atto;Normale;Sufficiente;Sufficiente;1;0;0;1;12.4955;41.9147;-1;1;Autovettura privata;In marcia / fermata / arresto;Conducente;F;Rifiuta cure immediate;0;NON DECEDUTO;;
4187429;2;20/01/2019 17:15:00;Strada Urbana;VIA PO;all'intersezione semaforizzata con;VIA TEVERE;VIA TEVERE;;;Scontro frontale/laterale DX fra veicoli in marcia;Intersezione semaforizzata;Una carreggiata a doppio senso;Bagnato (pioggia);Asfaltata;Verticale ed orizzontale;Pioggia in atto;Normale;Sufficiente;Sufficiente;1;0;0;1;12.4955;41.9147;-1;2;Autovettura privata;In marcia / fermata / arresto;Conducente;M;Illeso;0;;;
4187435;2;20/01/2019 18:40:00;Strada Urbana;VIALE PIETRO DE COUBERTIN;all'intersezione con;VIA SVEZIA;VIA SVEZIA;;;Veicolo in marcia contro veicolo in sosta;Incrocio;Una carreggiata a senso unico di marcia;Bagnato (pioggia);Asfaltata;Verticale ed orizzontale;Pioggia in atto;Scarso;Sufficiente;Sufficiente;0;0;0;0;12.4731;41.9301;-1;1;Autovettura privata;Sosta;;;;;;;
4187435;2;20/01/2019 18:40:00;Strada Urbana;VIALE PIETRO DE COUBERTIN;all'intersezione con;VIA SVEZIA;VIA SVEZIA;;;Veicolo in marcia contro veicolo in sosta;Incrocio;Una carreggiata a senso unico di marcia;Bagnato (pioggia);Asfaltata;Verticale ed orizzontale;Pioggia in atto;Scarso;Sufficiente;Sufficiente;0;0;0;0;12.4731;41.9301;-1;2;Autobus urbano;Allontanatosi;;;;;;;
4187440;16;20/01/2019 13:25:00;Strada Urbana;VIA CAMILLO SERAFINI;all'intersezione con;VIA DI VIGNA RIGACCI;VIA DI VIGNA RIGACCI;;;Infortunio per sola frenata improvvisa;Incrocio;Una carreggiata a doppio senso;Bagnato (pioggia);Asfaltata;Verticale ed orizzontale;Pioggia in atto;Normale;Sufficiente;Ore Diurne;0;0;0;2;12.4277;41.8786;-1;1;Motociclo a solo;In marcia / fermata / arresto;Conducente;M;Illeso;0;;Non accertato;
4187440;16;20/01/2019 13:25:00;Strada Urbana;VIA CAMILLO SERAFINI;all'intersezione con;VIA DI VIGNA RIGACCI;VIA DI VIGNA RIGACCI;;;Infortunio per sola frenata improvvisa;Incrocio;Una carreggiata a doppio senso;Bagnato (pioggia);Asfaltata;Verticale ed orizzontale;Pioggia in atto;Normale;Sufficiente;Ore Diurne;0;0;0;2;12.4277;41.8786;-1;2;Autovettura privata;In marcia / fermata / arresto;Conducente;F;Illeso;0;;Non accertato;Inesploso
4187450;2;20/01/2019 21:50:00;Strada Urbana;VIALE DEL MURO TORTO;in prossimità;;del civico n.;5;;Veicolo in marcia contro veicoli in sosta;Curva senza visuale libera;Una carreggiata a senso unico di marcia;Bagnato (pioggia);Asfaltata;Orizzontale;Pioggia in atto;Normale;Buona;Sufficiente;0;0;0;1;12.4859;41.9085;-1;1;Autovettura privata;In marcia / fermata / arresto;Conducente;M;Illeso;0;;Non accertato;Esploso
4187450;2;20/01/2019 21:50:00;Strada Urbana;VIALE DEL MURO TORTO;in prossimità;;del civico n.;5;;Veicolo in marcia contro veicoli in sosta;Curva senza visuale libera;Una carreggiata a senso unico di marcia;Bagnato (pioggia);Asfaltata;Orizzontale;Pioggia in atto;Normale;Buona;Sufficiente;0;0;0;1;12.4859;41.9085;-1;2;Autovettura privata;Sosta;;;;;;;
4187450;2;20/01/2019 21:50:00;Strada Urbana;VIALE DEL MURO TORTO;in prossimità;;del civico n.;5;;Veicolo in marcia contro veicoli in sosta;Curva senza visuale libera;Una carreggiata a senso unico di marcia;Bagnato (pioggia);Asfaltata;Orizzontale;Pioggia in atto;Normale;Buona;Sufficiente;0;0;0;1;12.4859;41.9085;-1;3;Autovettura privata;Sosta;;;;;;;
4187466;16;19/01/2019 17:00:00;Strada Urbana;CIRCONVALLAZIONE GIANICOLENSE;da specificare;;;;prossimità fronte civico 43;Infortunio per caduta del veicolo;Rettilineo;Due carreggiate;Bagnato (pioggia);Asfaltata;Temporanea di cantiere;Nuvoloso;Normale;Sufficiente;Sufficiente;1;0;0;0;12.4496;41.8725;-1;1;Ciclomotore;In marcia / fermata / arresto;Conducente;M;Ricoverato;0;NON DECEDUTO;;
4187471;1;19/01/2019 10:50:00;Strada Urbana;VIA GIOVANNI GIOLITTI;da specificare;;;;altezza VIA G. PEPE;Scontro laterale fra veicoli in marcia;Rettilineo;Una carreggiata a senso unico di marcia;Asciutto;Asfaltata;Verticale ed orizzontale;Nuvoloso;Normale;Buona;Ore Diurne;0;0;0;2;12.507;41.8965;-1;1;Autovettura privata;In marcia / fermata / arresto;Conducente;M;Illeso;0;;Non accertato;Inesploso
4187471;1;19/01/2019 10:50:00;Strada Urbana;VIA GIOVANNI GIOLITTI;da specificare;;;;altezza VIA G. PEPE;Scontro laterale fra veicoli in marcia;Rettilineo;Una carreggiata a senso unico di marcia;Asciutto;Asfaltata;Verticale ed orizzontale;Nuvoloso;Normale;Buona;Ore Diurne;0;0;0;2;12.507;41.8965;-1;2;Autovettura privata;In marcia / fermata / arresto;Conducente;M;Illeso;0;;Non accertato;Inesploso
4187476;16;19/01/2019 20:15:00;;VIA BERNARDINO RAMAZZINI;in corrispondenza;;del palo luce n.;82;;Veicolo in marcia contro veicolo fermo;;;;;;;;;;0;0;0;0;;;0;1;Autovettura privata;Sosta;;;;;;;
4187476;16;19/01/2019 20:15:00;;VIA BERNARDINO RAMAZZINI;in corrispondenza;;del palo luce n.;82;;Veicolo in marcia contro veicolo fermo;;;;;;;;;;0;0;0;0;;;0;2;Autovettura privata;In marcia / fermata / arresto;;;;;;;
4187483;16;20/01/2019 19:55:00;Strada Urbana;VIALE DEI COLLI PORTUENSI;all'intersezione con;LARGO ALBERTO MISSIROLI;LARGO ALBERTO MISSIROLI;;;Scontro frontale/laterale DX fra veicoli in marcia;Incrocio;Due carreggiate;Bagnato (pioggia);Asfaltata;Verticale ed orizzontale;Pioggia in atto;Normale;Sufficiente;Sufficiente;0;0;0;2;12.4441;41.8666;-1;1;Autovettura privata;In marcia / fermata / arresto;Conducente;F;Illeso;0;;Non accertato;
4187483;16;20/01/2019 19:55:00;Strada Urbana;VIALE DEI COLLI PORTUENSI;all'intersezione con;LARGO ALBERTO MISSIROLI;LARGO ALBERTO MISSIROLI;;;Scontro frontale/laterale DX fra veicoli in marcia;Incrocio;Due carreggiate;Bagnato (pioggia);Asfaltata;Verticale ed orizzontale;Pioggia in atto;Normale;Sufficiente;Sufficiente;0;0;0;2;12.4441;41.8666;-1;2;Quadriciclo leggero;In marcia / fermata / arresto;Conducente;F;Illeso;0;;Non accertato;
4187487;1;20/01/2019 05:00:00;Provinciale entro l'abitato;VIA DEL QUIRINALE;all'intersezione con;VIA DELLE QUATTRO FONTANE;VIA DELLE QUATTRO FONTANE;;;Scontro frontale/laterale DX fra veicoli in marcia;Rotatoria;Una carreggiata a doppio senso;Sdrucciolevole (fango);Sterrata;Orizzontale;Grandine in atto;Normale;Buona;Sufficiente;0;0;0;1;12.4889;41.9007;-1;1;Autovettura privata;In marcia / fermata / arresto;Conducente;M;Illeso;0;;;
4187487;1;20/01/2019 05:00:00;Provinciale entro l'abitato;VIA DEL QUIRINALE;all'intersezione con;VIA DELLE QUATTRO FONTANE;VIA DELLE QUATTRO FONTANE;;;Scontro frontale/laterale DX fra veicoli in marcia;Rotatoria;Una carreggiata a doppio senso;Sdrucciolevole (fango);Sterrata;Orizzontale;Grandine in atto;Normale;Buona;Sufficiente;0;0;0;1;12.4889;41.9007;-1;2;Autovettura privata;Allontanatosi;;;;;;;
4187491;7;20/01/2019 22:10:00;Strada Urbana;VIA VINCENZO CORONELLI;all'intersezione con;VIA PAUSANIA;VIA PAUSANIA;;;Scontro frontale/laterale DX fra veicoli in marcia;Incrocio;Una carreggiata a senso unico di marcia;Bagnato (pioggia);Asfaltata;Verticale ed orizzontale;Pioggia in atto;Normale;Buona;Sufficiente;0;0;0;2;12.5333;41.8853;-1;1;Autovettura privata;In marcia / fermata / arresto;Conducente;M;Illeso;0;;Non accertato;Inesploso
4187491;7;20/01/2019 22:10:00;Strada Urbana;VIA VINCENZO CORONELLI;all'intersezione con;VIA PAUSANIA;VIA PAUSANIA;;;Scontro frontale/laterale DX fra veicoli in marcia;Incrocio;Una carreggiata a senso unico di marcia;Bagnato (pioggia);Asfaltata;Verticale ed orizzontale;Pioggia in atto;Normale;Buona;Sufficiente;0;0;0;2;12.5333;41.8853;-1;2;Autovettura privata;In marcia / fermata / arresto;Conducente;M;Illeso;0;;Non accertato;Inesploso
4187491;7;20/01/2019 22:10:00;Strada Urbana;VIA VINCENZO CORONELLI;all'intersezione con;VIA PAUSANIA;VIA PAUSANIA;;;Scontro frontale/laterale DX fra veicoli in marcia;Incrocio;Una carreggiata a senso unico di marcia;Bagnato (pioggia);Asfaltata;Verticale ed orizzontale;Pioggia in atto;Normale;Buona;Sufficiente;0;0;0;2;12.5333;41.8853;-1;3;Autovettura privata;Sosta;;;;;;;
4187506;1;19/01/2019 19:30:00;Strada Urbana;VIA NAPOLEONE III;all'intersezione semaforizzata con;VIA RATTAZZI;VIA RATTAZZI;;;Scontro laterale fra veicoli in marcia;Intersezione semaforizzata;Una carreggiata a doppio senso;Bagnato (umidità in atto);Asfaltata;Verticale ed orizzontale;Nuvoloso;Normale;Sufficiente;Sufficiente;0;0;0;2;12.5017;41.8969;-1;1;Autovettura privata;In marcia / fermata / arresto;Conducente;M;Illeso;0;;Non accertato;Inesploso
4187506;1;19/01/2019 19:30:00;Strada Urbana;VIA NAPOLEONE III;all'intersezione semaforizzata con;VIA RATTAZZI;VIA RATTAZZI;;;Scontro laterale fra veicoli in marcia;Intersezione semaforizzata;Una carreggiata a doppio senso;Bagnato (umidità in atto);Asfaltata;Verticale ed orizzontale;Nuvoloso;Normale;Sufficiente;Sufficiente;0;0;0;2;12.5017;41.8969;-1;2;Autovettura privata;In marcia / fermata / arresto;Conducente;M;Illeso;0;;Non accertato;Inesploso
4187532;16;20/01/2019 21:15:00;Strada Urbana;CIRCONVALLAZIONE GIANICOLENSE;all'intersezione semaforizzata con;VIA LUIGI ZAMBARELLI;VIA LUIGI ZAMBARELLI;;;Scontro frontale fra veicoli in marcia;Intersezione semaforizzata;Due carreggiate;Bagnato (pioggia);Asfaltata;Verticale ed orizzontale;Pioggia in atto;Scarso;Sufficiente;Sufficiente;0;0;0;3;12.4496;41.8725;-1;1;Autovettura privata;In marcia / fermata / arresto;Conducente;M;Illeso;0;;Non accertato;
4187532;16;20/01/2019 21:15:00;Strada Urbana;CIRCONVALLAZIONE GIANICOLENSE;all'intersezione semaforizzata con;VIA LUIGI ZAMBARELLI;VIA LUIGI ZAMBARELLI;;;Scontro frontale fra veicoli in marcia;Intersezione semaforizzata;Due carreggiate;Bagnato (pioggia);Asfaltata;Verticale ed orizzontale;Pioggia in atto;Scarso;Sufficiente;Sufficiente;0;0;0;3;12.4496;41.8725;-1;1;Autovettura privata;In marcia / fermata / arresto;Passeggero;M;Illeso;0;;Non accertato;
4187532;16;20/01/2019 21:15:00;Strada Urbana;CIRCONVALLAZIONE GIANICOLENSE;all'intersezione semaforizzata con;VIA LUIGI ZAMBARELLI;VIA LUIGI ZAMBARELLI;;;Scontro frontale fra veicoli in marcia;Intersezione semaforizzata;Due carreggiate;Bagnato (pioggia);Asfaltata;Verticale ed orizzontale;Pioggia in atto;Scarso;Sufficiente;Sufficiente;0;0;0;3;12.4496;41.8725;-1;2;Motociclo con passeggero;In marcia / fermata / arresto;Conducente;M;Illeso;0;;Non accertato;
4187534;17;19/01/2019 09:50:00;Strada Urbana;VIA ANGELO EMO;in corrispondenza;;del civico n.;42;;Scontro laterale fra veicoli in marcia;Rettilineo;Due carreggiate;Bagnato (pioggia);Asfaltata;Verticale ed orizzontale;Pioggia in atto;Normale;Buona;Ore Diurne;1;0;0;1;12.4477;41.9055;-1;1;Motociclo a solo;In marcia / fermata / arresto;Conducente;F;Rimandato;0;NON DECEDUTO;;
4187534;17;19/01/2019 09:50:00;Strada Urbana;VIA ANGELO EMO;in corrispondenza;;del civico n.;42;;Scontro laterale fra veicoli in marcia;Rettilineo;Due carreggiate;Bagnato (pioggia);Asfaltata;Verticale ed orizzontale;Pioggia in atto;Normale;Buona;Ore Diurne;1;0;0;1;12.4477;41.9055;-1;2;Autovettura privata;Allontanatosi;Passeggero;M;Illeso;0;;;
4187537;6;21/01/2019 11:00:00;Strada Urbana;VIA DEI GORDIANI;in prossimità;;del civico n.;235;;Scontro laterale fra veicoli in marcia;Rettilineo;Due carreggiate;Bagnato (pioggia);Asfaltata;Orizzontale;Pioggia in atto;Normale;Buona;Ore Diurne;1;0;0;1;12.554;41.8862;-1;1;Autovettura privata;In marcia / fermata / arresto;Conducente;F;Illeso;0;;Non accertato;Inesistente
4187537;6;21/01/2019 11:00:00;Strada Urbana;VIA DEI GORDIANI;in prossimità;;del civico n.;235;;Scontro laterale fra veicoli in marcia;Rettilineo;Due carreggiate;Bagnato (pioggia);Asfaltata;Orizzontale;Pioggia in atto;Normale;Buona;Ore Diurne;1;0;0;1;12.554;41.8862;-1;2;Ciclomotore;In marcia / fermata / arresto;Conducente;M;Rimandato;0;NON DECEDUTO;Non accertato;
4187539;1;19/01/2019 08:30:00;Strada Urbana;VIA CARLO ALBERTO;in prossimità;;del civico n.;47;;Scontro laterale fra veicoli in marcia;Rettilineo;Una carreggiata a doppio senso;Asciutto;In cubetti di porfido;Verticale ed orizzontale;Nuvoloso;Normale;Buona;Ore Diurne;0;0;0;2;12.5017;41.8961;-1;1;Motociclo a solo;In marcia / fermata / arresto;Conducente;M;Illeso;0;;Non accertato;
4187539;1;19/01/2019 08:30:00;Strada Urbana;VIA CARLO ALBERTO;in prossimità;;del civico n.;47;;Scontro laterale fra veicoli in marcia;Rettilineo;Una carreggiata a doppio senso;Asciutto;In cubetti di porfido;Verticale ed orizzontale;Nuvoloso;Normale;Buona;Ore Diurne;0;0;0;2;12.5017;41.8961;-1;2;Autocarro inferiore 35 q.;In marcia / fermata / arresto;Conducente;M;Illeso;0;;Non accertato;Inesploso
4187540;1;19/01/2019 14:15:00;Strada Urbana;PIAZZA DI TREVI;all'intersezione con;VIA DI S. VINCENZO;VIA DI S. VINCENZO;;;Investimento di pedone;Incrocio;Una carreggiata a senso unico di marcia;Asciutto;Acciotolata;Verticale ed orizzontale;Sereno;Scarso;Buona;Ore Diurne;1;0;0;2;12.4836;41.9008;-1;;;;Pedone;F;Rimandato;0;NON DECEDUTO;;
4187540;1;19/01/2019 14:15:00;Strada Urbana;PIAZZA DI TREVI;all'intersezione con;VIA DI S. VINCENZO;VIA DI S. VINCENZO;;;Investimento di pedone;Incrocio;Una carreggiata a senso unico di marcia;Asciutto;Acciotolata;Verticale ed orizzontale;Sereno;Scarso;Buona;Ore Diurne;1;0;0;2;12.4836;41.9008;-1;1;Autocarro inferiore 35 q.;In marcia / fermata / arresto;Conducente;M;Illeso;0;;Non accertato;Inesploso
4187540;1;19/01/2019 14:15:00;Strada Urbana;PIAZZA DI TREVI;all'intersezione con;VIA DI S. VINCENZO;VIA DI S. VINCENZO;;;Investimento di pedone;Incrocio;Una carreggiata a senso unico di marcia;Asciutto;Acciotolata;Verticale ed orizzontale;Sereno;Scarso;Buona;Ore Diurne;1;0;0;2;12.4836;41.9008;-1;1;Autocarro inferiore 35 q.;In marcia / fermata / arresto;Passeggero;M;Illeso;0;;Non accertato;Inesploso
4187546;9;20/01/2019 21:00:00;Strada Urbana;VIA TUSCOLANA;da specificare;;;;prossimità largo volumnia;Veicolo in marcia contro ostacolo accidentale;Rettilineo;Due carreggiate;Asciutto;Asfaltata;Verticale ed orizzontale;Sereno;Normale;Sufficiente;Sufficiente;0;0;0;1;12.5337;41.8717;-1;1;Autovettura privata;In marcia / fermata / arresto;Conducente;M;Illeso;0;;Non accertato;Inesploso
4187554;15;21/01/2019 10:20:00;Strada Urbana;LUNGOTEVERE VITTORIO GASSMAN;da specificare;;;;altezza Via Guido Costanzi;Tamponamento Multiplo;Rettilineo;Una carreggiata a doppio senso;Bagnato (pioggia);Asfaltata;Orizzontale;Pioggia in atto;Normale;Buona;Ore Diurne;1;0;0;1;12.4725;41.8692;-1;1;Autovettura privata;Allontanatosi;;;;;;;