Protocollo;Gruppo;DataOraIncidente;Localizzazione1;STRADA1;Localizzazione2;STRADA2;Strada02;Chilometrica;DaSpecificare;NaturaIncidente;particolaritastrade;TipoStrada;FondoStradale;Pavimentazione;Segnaletica;CondizioneAtmosferica;Traffico;Visibilita;Illuminazione;NUM_FERITI;NUM_RISERVATA;NUM_MORTI;NUM_ILLESI;Longitudine;Latitudine;Confermato;Progressivo;TipoVeicolo;StatoVeicolo;TipoPersona;Sesso;Tipolesione;Deceduto;DecedutoDopo;CinturaCascoUtilizzato;Airbag;
4188862;18;21/01/2019 18:17:00;Strada Urbana;VIA GREGORIO VII;da specificare;;;;FRONTE CIVICO 420;Veicolo in marcia contro ostacolo accidentale;Rettilineo;Più di due carreggiate;Bagnato (pioggia);Asfaltata;Verticale ed orizzontale;Pioggia in atto;Normale;Sufficiente;Sufficiente;0;0;0;1;12.4401;41.8959;-1;1;Autovettura privata;In marcia / fermata / arresto;Conducente;F;Illeso;0;;;
4188870;13;21/01/2019 17:50:00;Strada Urbana;VIA TANCREDI CHIARALUCE;da specificare;;;;200 m prima del depuratore - dir. Fiumicino;Veicolo in marcia contro ostacolo accidentale;Rettilineo;Una carreggiata a doppio senso;Bagnato (pioggia);Con buche;Assente;Pioggia in atto;Normale;Buona;Sufficiente;0;0;0;1;12.2702;41.7471;-1;1;Autovettura privata;In marcia / fermata / arresto;Conducente;M;Illeso;0;;;
4188877;1;21/01/2019 14:20:00;Strada Urbana;VIALE DELLE TERME DI CARACALLA;all'intersezione con;PIAZZA DI PORTA CAPENA;PIAZZA DI PORTA CAPENA;;;Investimento di pedone;Incrocio;Una carreggiata a senso unico di marcia;Bagnato (pioggia);Asfaltata;Verticale ed orizzontale;Pioggia in atto;Normale;Buona;Ore Diurne;1;0;0;1;12.4901;41.8846;-1;;;;Pedone;F;Rimandato;0;NON DECEDUTO;;
4188877;1;21/01/2019 14:20:00;Strada Urbana;VIALE DELLE TERME DI CARACALLA;all'intersezione con;PIAZZA DI PORTA CAPENA;PIAZZA DI PORTA CAPENA;;;Investimento di pedone;Incrocio;Una carreggiata a senso unico di marcia;Bagnato (pioggia);Asfaltata;Verticale ed orizzontale;Pioggia in atto;Normale;Buona;Ore Diurne;1;0;0;1;12.4901;41.8846;-1;1;Autovettura pubblica;In marcia / fermata / arresto;Conducente;M;Illeso;0;;Non accertato;Inesploso
4188884;18;21/01/2019 18:00:00;Strada Urbana;VIA GREGORIO VII;da specificare;;;;FRONTE CIVICO 420;Veicolo in marcia contro ostacolo accidentale;Rettilineo;Più di due carreggiate;Bagnato (pioggia);Con buche;Verticale ed orizzontale;Pioggia in atto;Scarso;Sufficiente;Sufficiente;0;0;0;2;12.4401;41.8959;-1;1;Autovettura privata;In marcia / fermata / arresto;Conducente;M;Illeso;0;;;
4188884;18;21/01/2019 18:00:00;Strada Urbana;VIA GREGORIO VII;da specificare;;;;FRONTE CIVICO 420;Veicolo in marcia contro ostacolo accidentale;Rettilineo;Più di due carreggiate;Bagnato (pioggia);Con buche;Verticale ed orizzontale;Pioggia in atto;Scarso;Sufficiente;Sufficiente;0;0;0;2;12.4401;41.8959;-1;1;Autovettura privata;In marcia / fermata / arresto;Passeggero;F;Illeso;0;;;
4188889;19;21/01/2019 15:20:00;Strada Urbana;GALLERIA GIOVANNI XXIII;da specificare;;;;rampa ingresso pieve di cadore;Veicolo in marcia contro ostacolo fisso;Galleria illuminata;Una carreggiata a senso unico di marcia;Bagnato (pioggia);Asfaltata;Orizzontale;Nuvoloso;Normale;Sufficiente;Ore Diurne;0;0;0;1;12.4411;41.9404;-1;1;Autovettura privata;In marcia / fermata / arresto;Conducente;F;Illeso;0;;;
4188899;18;21/01/2019 18:35:00;Strada Urbana;VIA GREGORIO VII;da specificare;;;;FRONTE CIVICO 420;Veicolo in marcia contro ostacolo accidentale;Rettilineo;Più di due carreggiate;Bagnato (pioggia);Asfaltata;Verticale ed orizzontale;Pioggia in atto;Normale;Sufficiente;Sufficiente;0;0;0;1;12.4401;41.8959;-1;1;Autovettura privata;In marcia / fermata / arresto;Conducente;M;Illeso;0;;;
4188912;7;21/01/2019 11:30:00;Strada Urbana;VIA AMBROGIO BINDA;in corrispondenza;;del civico n.;5;;Scontro frontale/laterale DX fra veicoli in marcia;Rettilineo;Una carreggiata a doppio senso;Bagnato (pioggia);Asfaltata;Verticale ed orizzontale;Nuvoloso;Normale;Buona;Ore Diurne;0;0;0;3;12.6085;41.8869;-1;1;Autovettura privata;In marcia / fermata / arresto;Conducente;F;Illeso;0;;Non accertato;Inesploso
4188912;7;21/01/2019 11:30:00;Strada Urbana;VIA AMBROGIO BINDA;in corrispondenza;;del civico n.;5;;Scontro frontale/laterale DX fra veicoli in marcia;Rettilineo;Una carreggiata a doppio senso;Bagnato (pioggia);Asfaltata;Verticale ed orizzontale;Nuvoloso;Normale;Buona;Ore Diurne;0;0;0;3;12.6085;41.8869;-1;2;Autovettura privata;In marcia / fermata / arresto;Conducente;M;Illeso;0;;Non accertato;Inesploso
4188912;7;21/01/2019 11:30:00;Strada Urbana;VIA AMBROGIO BINDA;in corrispondenza;;del civico n.;5;;Scontro frontale/laterale DX fra veicoli in marcia;Rettilineo;Una carreggiata a doppio senso;Bagnato (pioggia);Asfaltata;Verticale ed orizzontale;Nuvoloso;Normale;Buona;Ore Diurne;0;0;0;3;12.6085;41.8869;-1;2;Autovettura privata;In marcia / fermata / arresto;Passeggero;M;Illeso;0;;Non accertato;Inesploso
4188916;13;21/01/2019 10:30:00;Strada Urbana;VIA FERDINANDO ACTON;all'intersezione con;VIA CARLO DEL GRECO;VIA CARLO DEL GRECO;;;Scontro frontale/laterale DX fra veicoli in marcia;Intersezione stradale segnalata;Una carreggiata a doppio senso;Bagnato (pioggia);Asfaltata;Verticale ed orizzontale;Pioggia in atto;Normale;Buona;Ore Diurne;0;0;0;2;12.2919;41.7315;-1;1;Autovettura privata;In marcia / fermata / arresto;Conducente;F;Illeso;0;;Non accertato;Inesploso
4188916;13;21/01/2019 10:30:00;Strada Urbana;VIA FERDINANDO ACTON;all'intersezione con;VIA CARLO DEL GRECO;VIA CARLO DEL GRECO;;;Scontro frontale/laterale DX fra veicoli in marcia;Intersezione stradale segnalata;Una carreggiata a doppio senso;Bagnato (pioggia);Asfaltata;Verticale ed orizzontale;Pioggia in atto;Normale;Buona;Ore Diurne;0;0;0;2;12.2919;41.7315;-1;2;Autovettura privata;In marcia / fermata / arresto;Conducente;M;Illeso;0;;Non accertato;Inesploso
4188921;13;21/01/2019 15:00:00;Strada Urbana;VIA DEL CANALE DELLA LINGUA;da specificare;;;;PROSS. VIA NICENETO;Veicolo in marcia contro ostacolo accidentale;Rettilineo;Una carreggiata a doppio senso;Bagnato (pioggia);Con buche;Assente;Pioggia in atto;Normale;Buona;Ore Diurne;0;0;0;2;12.3403;41.7412;-1;1;Autovettura privata;In marcia / fermata / arresto;Conducente;F;Illeso;0;;;
4188921;13;21/01/2019 15:00:00;Strada Urbana;VIA DEL CANALE DELLA LINGUA;da specificare;;;;PROSS. VIA NICENETO;Veicolo in marcia contro ostacolo accidentale;Rettilineo;Una carreggiata a doppio senso;Bagnato (pioggia);Con buche;Assente;Pioggia in atto;Normale;Buona;Ore Diurne;0;0;0;2;12.3403;41.7412;-1;1;Autovettura privata;In marcia / fermata / arresto;Passeggero;F;Illeso;0;;;
4188933;4;21/01/2019 19:30:00;Strada Urbana;VIA GIULIO PASQUATI;in prossimità;;del civico n.;34/c;;Veicolo in marcia contro ostacolo accidentale;Rettilineo;Due carreggiate;Bagnato (pioggia);Asfaltata;Assente;Pioggia in atto;Scarso;Sufficiente;Sufficiente;0;0;0;1;12.533;41.9612;-1;1;Autovettura privata;In marcia / fermata / arresto;Conducente;M;Illeso;0;;;
4188936;19;21/01/2019 14:10:00;Strada Urbana;VIA ANDREA VERGA;all'intersezione con;VIA CARLO LIVI;VIA CARLO LIVI;;;Scontro laterale fra veicoli in marcia;Incrocio;Una carreggiata a senso unico di marcia;Bagnato (umidità in atto);Asfaltata;Verticale ed orizzontale;Nuvoloso;Normale;Buona;Ore Diurne;1;0;0;2;12.4176;41.9349;-1;1;Autovettura privata;In marcia / fermata / arresto;Conducente;M;Illeso;0;;Non accertato;Inesploso
4188936;19;21/01/2019 14:10:00;Strada Urbana;VIA ANDREA VERGA;all'intersezione con;VIA CARLO LIVI;VIA CARLO LIVI;;;Scontro laterale fra veicoli in marcia;Incrocio;Una carreggiata a senso unico di marcia;Bagnato (umidità in atto);Asfaltata;Verticale ed orizzontale;Nuvoloso;Normale;Buona;Ore Diurne;1;0;0;2;12.4176;41.9349;-1;1;Autovettura privata;In marcia / fermata / arresto;Passeggero;M;Illeso;0;;Non accertato;Inesploso
4188936;19;21/01/2019 14:10:00;Strada Urbana;VIA ANDREA VERGA;all'intersezione con;VIA CARLO LIVI;VIA CARLO LIVI;;;Scontro laterale fra veicoli in marcia;Incrocio;Una carreggiata a senso unico di marcia;Bagnato (umidità in atto);Asfaltata;Verticale ed orizzontale;Nuvoloso;Normale;Buona;Ore Diurne;1;0;0;2;12.4176;41.9349;-1;2;Veicolo a braccia;In marcia / fermata / arresto;Conducente;M;Rimandato;0;NON DECEDUTO;Esente;
4188947;13;21/01/2019 07:30:00;Strada Urbana;VIA OSTIENSE;in corrispondenza;;della chilometrica;19;;Veicolo in marcia contro ostacolo accidentale;Rettilineo;Una carreggiata a doppio senso;Bagnato (pioggia);Con buche;Verticale ed orizzontale;Pioggia in atto;Normale;Buona;Ore Diurne;0;0;0;1;12.4229;41.8109;-1;1;Autovettura privata;In marcia / fermata / arresto;Conducente;M;Illeso;0;;;
4188948;23;21/01/2019 14:35:00;Strada Urbana;VIA CRISTOFORO COLOMBO;da specificare;;;;altezza Piazza dei Navigatori;Veicolo in marcia contro ostacolo fisso;Curva a visuale libera;Più di due carreggiate;Bagnato (pioggia);Asfaltata;Verticale ed orizzontale;Nuvoloso;Normale;Buona;Ore Diurne;0;0;0;1;12.4979;41.8596;-1;1;Autovettura privata;In marcia / fermata / arresto;Conducente;M;Illeso;0;;Non accertato;Esploso
4188955;17;21/01/2019 14:40:00;Strada Urbana;VIALE DELLE MEDAGLIE D'ORO;all'intersezione con;PIAZZALE DEGLI EROI;PIAZZALE DEGLI EROI;;;Veicolo in marcia contro ostacolo fisso;Intersezione semaforizzata;Una carreggiata a doppio senso;Bagnato (pioggia);Asfaltata;Verticale ed orizzontale;Nuvoloso;Normale;Sufficiente;Ore Diurne;0;0;0;2;12.4486;41.9095;-1;1;Autovettura privata;In marcia / fermata / arresto;Conducente;M;Illeso;0;;;
4188955;17;21/01/2019 14:40:00;Strada Urbana;VIALE DELLE MEDAGLIE D'ORO;all'intersezione con;PIAZZALE DEGLI EROI;PIAZZALE DEGLI EROI;;;Veicolo in marcia contro ostacolo fisso;Intersezione semaforizzata;Una carreggiata a doppio senso;Bagnato (pioggia);Asfaltata;Verticale ed orizzontale;Nuvoloso;Normale;Sufficiente;Ore Diurne;0;0;0;2;12.4486;41.9095;-1;1;Autovettura privata;In marcia / fermata / arresto;Passeggero;M;Illeso;0;;;
4188974;4;21/01/2019 13:45:00;Strada Urbana;VIA DELLE VIGNE NUOVE;da specificare;;;;pross largo F.lli Lumiere;Tamponamento Multiplo;Rettilineo;Una carreggiata a senso unico di marcia;Bagnato (pioggia);Asfaltata;Verticale ed orizzontale;Pioggia in atto;Normale;Buona;Ore Diurne;1;0;0;3;12.5358;41.9554;-1;1;Autovettura privata;In marcia / fermata / arresto;Conducente;F;Illeso;0;;Non accertato;
4188974;4;21/01/2019 13:45:00;Strada Urbana;VIA DELLE VIGNE NUOVE;da specificare;;;;pross largo F.lli Lumiere;Tamponamento Multiplo;Rettilineo;Una carreggiata a senso unico di marcia;Bagnato (pioggia);Asfaltata;Verticale ed orizzontale;Pioggia in atto;Normale;Buona;Ore Diurne;1;0;0;3;12.5358;41.9554;-1;2;Autovettura privata;In marcia / fermata / arresto;Conducente;F;Illeso;0;;Non accertato;
4188974;4;21/01/2019 13:45:00;Strada Urbana;VIA DELLE VIGNE NUOVE;da specificare;;;;pross largo F.lli Lumiere;Tamponamento Multiplo;Rettilineo;Una carreggiata a senso unico di marcia;Bagnato (pioggia);Asfaltata;Verticale ed orizzontale;Pioggia in atto;Normale;Buona;Ore Diurne;1;0;0;3;12.5358;41.9554;-1;2;Autovettura privata;In marcia / fermata / arresto;Passeggero;M;Rimandato;0;NON DECEDUTO;;
4188974;4;21/01/2019 13:45:00;Strada Urbana;VIA DELLE VIGNE NUOVE;da specificare;;;;pross largo F.lli Lumiere;Tamponamento Multiplo;Rettilineo;Una carreggiata a senso unico di marcia;Bagnato (pioggia);Asfaltata;Verticale ed orizzontale;Pioggia in atto;Normale;Buona;Ore Diurne;1;0;0;3;12.5358;41.9554;-1;3;Autovettura privata;In marcia / fermata / arresto;Conducente;M;Illeso;0;;Non accertato;
4188991;1;18/01/2019 12:50:00;Strada Urbana;VIA DEL CASTRO PRETORIO;all'intersezione con;VIA VARESE;VIA VARESE;;;Veicolo in marcia contro ostacolo accidentale;Incrocio;Una carreggiata a senso unico di marcia;Asciutto;Asfaltata;Verticale ed orizzontale;Nuvoloso;Normale;Buona;Ore Diurne;0;0;0;1;12.5062;41.9022;-1;1;Autovettura privata;In marcia / fermata / arresto;Conducente;M;Illeso;0;;Non accertato;Inesploso
4188995;13;21/01/2019 19:00:00;Strada Urbana;VIALE DEI ROMAGNOLI;da specificare;;;;snc;Veicolo in marcia contro ostacolo fisso;Rettilineo;Una carreggiata a senso unico di marcia;Bagnato (umidità in atto);Asfaltata;Assente;Pioggia in atto;Normale;Sufficiente;Inesistente;0;0;0;2;12.3224;41.7691;-1;1;Autovettura privata;In marcia / fermata / arresto;Conducente;F;Illeso;0;;;
4188995;13;21/01/2019 19:00:00;Strada Urbana;VIALE DEI ROMAGNOLI;da specificare;;;;snc;Veicolo in marcia contro ostacolo fisso;Rettilineo;Una carreggiata a senso unico di marcia;Bagnato (umidità in atto);Asfaltata;Assente;Pioggia in atto;Normale;Sufficiente;Inesistente;0;0;0;2;12.3224;41.7691;-1;1;Autovettura privata;In marcia / fermata / arresto;Passeggero;F;Illeso;0;;;
4189027;13;21/01/2019 08:00:00;Strada Urbana;VIA ERMANNO CARLOTTO;all'intersezione con;VIA FEDERICO PAOLINI;VIA FEDERICO PAOLINI;;;Scontro frontale/laterale DX fra veicoli in marcia;Incrocio;Una carreggiata a senso unico di marcia;Asciutto;Asfaltata;Assente;Sereno;Intenso;Buona;Ore Diurne;0;0;0;2;12.2881;41.7329;-1;1;Autovettura privata;In marcia / fermata / arresto;Conducente;M;Illeso;0;;Non accertato;Inesploso
4189027;13;21/01/2019 08:00:00;Strada Urbana;VIA ERMANNO CARLOTTO;all'intersezione con;VIA FEDERICO PAOLINI;VIA FEDERICO PAOLINI;;;Scontro frontale/laterale DX fra veicoli in marcia;Incrocio;Una carreggiata a senso unico di marcia;Asciutto;Asfaltata;Assente;Sereno;Intenso;Buona;Ore Diurne;0;0;0;2;12.2881;41.7329;-1;2;Autovettura privata;In marcia / fermata / arresto;Conducente;M;Illeso;0;;;
4189036;4;21/01/2019 16:20:00;Strada Urbana;VIA NICOLA MALDACEA;all'intersezione con;VIA GASPARE PACCHIAROTTI;VIA GASPARE PACCHIAROTTI;;;Scontro laterale fra veicoli in marcia;Intersezione stradale segnalata;Una carreggiata a doppio senso;Bagnato (pioggia);Asfaltata;Verticale ed orizzontale;Pioggia in atto;Intenso;Buona;Ore Diurne;0;0;0;2;12.5133;41.9633;-1;1;Autovettura privata;In marcia / fermata / arresto;Conducente;F;Illeso;0;;;
4189036;4;21/01/2019 16:20:00;Strada Urbana;VIA NICOLA MALDACEA;all'intersezione con;VIA GASPARE PACCHIAROTTI;VIA GASPARE PACCHIAROTTI;;;Scontro laterale fra veicoli in marcia;Intersezione stradale segnalata;Una carreggiata a doppio senso;Bagnato (pioggia);Asfaltata;Verticale ed orizzontale;Pioggia in atto;Intenso;Buona;Ore Diurne;0;0;0;2;12.5133;41.9633;-1;2;Autocarro inferiore 35 q.;In marcia / fermata / arresto;Conducente;M;Illeso;0;;;
4189037;1;21/01/2019 04:00:00;Strada Urbana;PIAZZA DI S. GIOVANNI IN LATERANO;all'intersezione semaforizzata con;VIA MERULANA;VIA MERULANA;;;Scontro frontale/laterale DX fra veicoli in marcia;Intersezione semaforizzata;Una carreggiata a doppio senso;Asciutto;Asfaltata;Verticale ed orizzontale;Nuvoloso;Normale;Buona;Sufficiente;0;0;0;4;12.5046;41.8872;-1;1;Autovettura privata;In marcia / fermata / arresto;Conducente;M;Illeso;0;;Non accertato;Inesploso
4189037;1;21/01/2019 04:00:00;Strada Urbana;PIAZZA DI S. GIOVANNI IN LATERANO;all'intersezione semaforizzata con;VIA MERULANA;VIA MERULANA;;;Scontro frontale/laterale DX fra veicoli in marcia;Intersezione semaforizzata;Una carreggiata a doppio senso;Asciutto;Asfaltata;Verticale ed orizzontale;Nuvoloso;Normale;Buona;Sufficiente;0;0;0;4;12.5046;41.8872;-1;2;Autovettura privata;In marcia / fermata / arresto;Conducente;M;Illeso;0;;Non accertato;Inesploso
4189037;1;21/01/2019 04:00:00;Strada Urbana;PIAZZA DI S. GIOVANNI IN LATERANO;all'intersezione semaforizzata con;VIA MERULANA;VIA MERULANA;;;Scontro frontale/laterale DX fra veicoli in marcia;Intersezione semaforizzata;Una carreggiata a doppio senso;Asciutto;Asfaltata;Verticale ed orizzontale;Nuvoloso;Normale;Buona;Sufficiente;0;0;0;4;12.5046;41.8872;-1;2;Autovettura privata;In marcia / fermata / arresto;Passeggero;F;Illeso;0;;Non accertato;Inesploso
4189037;1;21/01/2019 04:00:00;Strada Urbana;PIAZZA DI S. GIOVANNI IN LATERANO;all'intersezione semaforizzata con;VIA MERULANA;VIA MERULANA;;;Scontro frontale/laterale DX fra veicoli in marcia;Intersezione semaforizzata;Una carreggiata a doppio senso;Asciutto;Asfaltata;Verticale ed orizzontale;Nuvoloso;Normale;Buona;Sufficiente;0;0;0;4;12.5046;41.8872;-1;2;Autovettura privata;In marcia / fermata / arresto;Passeggero;F;Illeso;0;;Non accertato;Inesploso
4189072;1;21/01/2019 12:10:00;Strada Urbana;VIA MILANO;da specificare;;;;interno TRAFORO;Veicolo in marcia contro ostacolo accidentale;Rettilineo;Una carreggiata a doppio senso;Bagnato (pioggia);Acciotolata;Verticale ed orizzontale;Pioggia in atto;Normale;Insufficiente;Ore Diurne;0;0;0;1;12.4914;41.898;-1;1;Motociclo a solo;In marcia / fermata / arresto;Conducente;M;Illeso;0;;Non accertato;
4189086;19;21/01/2019 16:50:00;Strada Urbana;VIALE DELLE MEDAGLIE D'ORO;in corrispondenza;;del civico n.;160;;Infortunio per sola frenata improvvisa;Rettilineo;Una carreggiata a doppio senso;Bagnato (pioggia);Asfaltata;Assente;Pioggia in atto;Normale;Sufficiente;Sufficiente;1;0;0;3;12.4431;41.9153;-1;1;Autovettura privata;In marcia / fermata / arresto;Conducente;F;Illeso;0;;Non accertato;Inesploso
4189086;19;21/01/2019 16:50:00;Strada Urbana;VIALE DELLE MEDAGLIE D'ORO;in corrispondenza;;del civico n.;160;;Infortunio per sola frenata improvvisa;Rettilineo;Una carreggiata a doppio senso;Bagnato (pioggia);Asfaltata;Assente;Pioggia in atto;Normale;Sufficiente;Sufficiente;1;0;0;3;12.4431;41.9153;-1;1;Autovettura privata;In marcia / fermata / arresto;Passeggero;M;Illeso;0;;;
4189086;19;21/01/2019 16:50:00;Strada Urbana;VIALE DELLE MEDAGLIE D'ORO;in corrispondenza;;del civico n.;160;;Infortunio per sola frenata improvvisa;Rettilineo;Una carreggiata a doppio senso;Bagnato (pioggia);Asfaltata;Assente;Pioggia in atto;Normale;Sufficiente;Sufficiente;1;0;0;3;12.4431;41.9153;-1;1;Autovettura privata;In marcia / fermata / arresto;Passeggero;M;Illeso;0;;;
4189086;19;21/01/2019 16:50:00;Strada Urbana;VIALE DELLE MEDAGLIE D'ORO;in corrispondenza;;del civico n.;160;;Infortunio per sola frenata improvvisa;Rettilineo;Una carreggiata a doppio senso;Bagnato (pioggia);Asfaltata;Assente;Pioggia in atto;Normale;Sufficiente;Sufficiente;1;0;0;3;12.4431;41.9153;-1;2;Motociclo con passeggero;In marcia / fermata / arresto;Conducente;M;Rifiuta cure immediate;0;NON DECEDUTO;;
4189094;4;21/01/2019 22:00:00;Provinciale entro l'abitato;VIA NOMENTANA;da specificare;;;;dir GRA 50 mt dopo civico 1111;Veicolo in marcia contro ostacolo fisso;Rettilineo;Una carreggiata a doppio senso;Bagnato (pioggia);Asfaltata;Verticale ed orizzontale;Pioggia in atto;Normale;Sufficiente;Sufficiente;0;0;0;0;12.5728;41.9579;-1;1;Autovettura privata;In marcia / fermata / arresto;;;;;;;
4189096;20;22/01/2019 09:50:00;Strada Urbana;VIALE DI TOR DI QUINTO;in prossimità;;del civico n.;117;;Fuoriuscita dalla sede stradale;Curva senza visuale libera;Due carreggiate;Bagnato (pioggia);Asfaltata;Orizzontale;Pioggia in atto;Normale;Buona;Ore Diurne;0;0;0;1;12.4863;41.9467;-1;1;Autovettura privata;In marcia / fermata / arresto;Conducente;M;Illeso;0;;Non accertato;
4189107;1;21/01/2019 08:50:00;Strada Urbana;VIA CESARE BATTISTI;in prossimità;;del civico n.;121;;Veicolo in marcia contro ostacolo accidentale;Rettilineo;Una carreggiata a doppio senso;Bagnato (pioggia);Lastricata;Verticale ed orizzontale;Pioggia in atto;Normale;Buona;Ore Diurne;1;0;0;0;12.483;41.8967;-1;1;Motociclo a solo;In marcia / fermata / arresto;Conducente;F;Rimandato;0;NON DECEDUTO;Utilizzato;
4189118;4;21/01/2019 17:55:00;Strada Urbana;VIA DON GIUSTINO MARIA RUSSOLILLO;da specificare;;;;fronte civ 37;Investimento di pedone;Rettilineo;Una carreggiata a doppio senso;Bagnato (pioggia);Asfaltata;Orizzontale;Pioggia in atto;Normale;Sufficiente;Insufficiente;1;0;0;1;12.5181;41.971;-1;;;;Pedone;F;Rimandato;0;NON DECEDUTO;;
4189118;4;21/01/2019 17:55:00;Strada Urbana;VIA DON GIUSTINO MARIA RUSSOLILLO;da specificare;;;;fronte civ 37;Investimento di pedone;Rettilineo;Una carreggiata a doppio senso;Bagnato (pioggia);Asfaltata;Orizzontale;Pioggia in atto;Normale;Sufficiente;Insufficiente;1;0;0;1;12.5181;41.971;-1;1;Autovettura privata;In marcia / fermata / arresto;Conducente;M;Illeso;0;;;
4189136;16;21/01/2019 12:55:00;Strada Urbana;VIA DEL FOSSO DI BRAVETTA;all'intersezione con;VIA DEGLI AMODEI;VIA DEGLI AMODEI;;;Investimento di pedone;Incrocio;Una carreggiata a doppio senso;Bagnato (pioggia);Asfaltata;Verticale;Pioggia in atto;Normale;Buona;Ore Diurne;1;0;0;1;12.4159;41.874;-1;;;;Pedone;M;Rimandato;0;NON DECEDUTO;;
4189136;16;21/01/2019 12:55:00;Strada Urbana;VIA DEL FOSSO DI BRAVETTA;all'intersezione con;VIA DEGLI AMODEI;VIA DEGLI AMODEI;;;Investimento di pedone;Incrocio;Una carreggiata a doppio senso;Bagnato (pioggia);Asfaltata;Verticale;Pioggia in atto;Normale;Buona;Ore Diurne;1;0;0;1;12.4159;41.874;-1;1;Autovettura privata;In marcia / fermata / arresto;Conducente;M;Illeso;0;;Non accertato;Inesploso
4189139;2;21/01/2019 14:55:00;Strada Urbana;LUNGOTEVERE FLAMINIO;in corrispondenza;;del civico n.;27;;Veicolo in marcia contro ostacolo fisso;Rettilineo;Una carreggiata a doppio senso;Asciutto;Asfaltata;Verticale ed orizzontale;Nuvoloso;Intenso;Buona;Ore Diurne;0;0;0;1;12.4702;41.9216;-1;1;Autovettura privata;In marcia / fermata / arresto;Conducente;F;Illeso;0;;;
4189144;1;21/01/2019 16:20:00;Strada Urbana;CORSO VITTORIO EMANUELE II;all'intersezione con;PIAZZA PASQUALE PAOLI;PIAZZA PASQUALE PAOLI;;;Infortunio per sola frenata improvvisa;Intersezione semaforizzata;Una carreggiata a doppio senso;Bagnato (pioggia);Asfaltata;Verticale ed orizzontale;Pioggia in atto;Normale;Buona;Ore Diurne;1;0;0;3;12.4712;41.8972;-1;1;Autovettura privata;In marcia / fermata / arresto;Conducente;M;Illeso;0;;Non accertato;
4189144;1;21/01/2019 16:20:00;Strada Urbana;CORSO VITTORIO EMANUELE II;all'intersezione con;PIAZZA PASQUALE PAOLI;PIAZZA PASQUALE PAOLI;;;Infortunio per sola frenata improvvisa;Intersezione semaforizzata;Una carreggiata a doppio senso;Bagnato (pioggia);Asfaltata;Verticale ed orizzontale;Pioggia in atto;Normale;Buona;Ore Diurne;1;0;0;3;12.4712;41.8972;-1;1;Autovettura privata;In marcia / fermata / arresto;Passeggero;M;Illeso;0;;Non accertato;
4189144;1;21/01/2019 16:20:00;Strada Urbana;CORSO VITTORIO EMANUELE II;all'intersezione con;PIAZZA PASQUALE PAOLI;PIAZZA PASQUALE PAOLI;;;Infortunio per sola frenata improvvisa;Intersezione semaforizzata;Una carreggiata a doppio senso;Bagnato (pioggia);Asfaltata;Verticale ed orizzontale;Pioggia in atto;Normale;Buona;Ore Diurne;1;0;0;3;12.4712;41.8972;-1;1;Autovettura privata;In marcia / fermata / arresto;Passeggero;F;Illeso;0;;Non accertato;
4189144;1;21/01/2019 16:20:00;Strada Urbana;CORSO VITTORIO EMANUELE II;all'intersezione con;PIAZZA PASQUALE PAOLI;PIAZZA PASQUALE PAOLI;;;Infortunio per sola frenata improvvisa;Intersezione semaforizzata;Una carreggiata a doppio senso;Bagnato (pioggia);Asfaltata;Verticale ed orizzontale;Pioggia in atto;Normale;Buona;Ore Diurne;1;0;0;3;12.4712;41.8972;-1;2;Motociclo a solo;In marcia / fermata / arresto;Conducente;M;Rimandato;0;NON DECEDUTO;Non accertato;
4189152;2;21/01/2019 12:45:00;Strada Urbana;VIA PINCIANA;da specificare;;;;altezza P.LE BRASILE;Scontro laterale fra veicoli in marcia;Rettilineo;Una carreggiata a senso unico di marcia;Bagnato (umidità in atto);Asfaltata;Verticale ed orizzontale;Nuvoloso;Normale;Buona;Ore Diurne;0;0;0;3;12.4924;41.9124;-1;1;Autovettura privata;In marcia / fermata / arresto;Conducente;M;Illeso;0;;Non accertato;Inesploso
4189152;2;21/01/2019 12:45:00;Strada Urbana;VIA PINCIANA;da specificare;;;;altezza P.LE BRASILE;Scontro laterale fra veicoli in marcia;Rettilineo;Una carreggiata a senso unico di marcia;Bagnato (umidità in atto);Asfaltata;Verticale ed orizzontale;Nuvoloso;Normale;Buona;Ore Diurne;0;0;0;3;12.4924;41.9124;-1;1;Autovettura privata;In marcia / fermata / arresto;Passeggero;F;Illeso;0;;Non accertato;Inesploso
4189152;2;21/01/2019 12:45:00;Strada Urbana;VIA PINCIANA;da specificare;;;;altezza P.LE BRASILE;Scontro laterale fra veicoli in marcia;Rettilineo;Una carreggiata a senso unico di marcia;Bagnato (umidità in atto);Asfaltata;Verticale ed orizzontale;Nuvoloso;Normale;Buona;Ore Diurne;0;0;0;3;12.4924;41.9124;-1;2;Autobus turistico;In marcia / fermata / arresto;Conducente;M;Illeso;0;;Non accertato;Inesploso