Protocollo;Gruppo;DataOraIncidente;Localizzazione1;STRADA1;Localizzazione2;STRADA2;Strada02;Chilometrica;DaSpecificare;NaturaIncidente;particolaritastrade;TipoStrada;FondoStradale;Pavimentazione;Segnaletica;CondizioneAtmosferica;Traffico;Visibilita;Illuminazione;NUM_FERITI;NUM_RISERVATA;NUM_MORTI;NUM_ILLESI;Longitudine;Latitudine;Confermato;Progressivo;TipoVeicolo;StatoVeicolo;TipoPersona;Sesso;Tipolesione;Deceduto;DecedutoDopo;CinturaCascoUtilizzato;Airbag;
4190600;8;22/01/2019 18:18:00;Statale entro l'abitato;VIA CASILINA;in corrispondenza;;del civico n.;1102;;Tamponamento Multiplo;Rettilineo;Una carreggiata a doppio senso;Asciutto;Asfaltata;Verticale ed orizzontale;Sereno;Normale;Sufficiente;Sufficiente;0;0;0;3;12.5958;41.8668;-1;2;Autovettura privata;In marcia / fermata / arresto;Conducente;F;Illeso;0;;;
4190600;8;22/01/2019 18:18:00;Statale entro l'abitato;VIA CASILINA;in corrispondenza;;del civico n.;1102;;Tamponamento Multiplo;Rettilineo;Una carreggiata a doppio senso;Asciutto;Asfaltata;Verticale ed orizzontale;Sereno;Normale;Sufficiente;Sufficiente;0;0;0;3;12.5958;41.8668;-1;3;Autovettura privata;In marcia / fermata / arresto;Conducente;M;Illeso;0;;;
4190601;15;22/01/2019 20:38:00;Strada Urbana;VIALE DEI COLLI PORTUENSI;da specificare;;;;prossimità fronte civ. 645;Tamponamento Multiplo;Rettilineo;Due carreggiate;Asciutto;Asfaltata;Verticale ed orizzontale;Nuvoloso;Scarso;Buona;Sufficiente;0;0;0;2;12.4441;41.8666;-1;1;Autovettura privata;In marcia / fermata / arresto;;;;;;;
4190601;15;22/01/2019 20:38:00;Strada Urbana;VIALE DEI COLLI PORTUENSI;da specificare;;;;prossimità fronte civ. 645;Tamponamento Multiplo;Rettilineo;Due carreggiate;Asciutto;Asfaltata;Verticale ed orizzontale;Nuvoloso;Scarso;Buona;Sufficiente;0;0;0;2;12.4441;41.8666;-1;2;Autovettura privata;In marcia / fermata / arresto;Conducente;F;Illeso;0;;Utilizzato;Inesploso
4190601;15;22/01/2019 20:38:00;Strada Urbana;VIALE DEI COLLI PORTUENSI;da specificare;;;;prossimità fronte civ. 645;Tamponamento Multiplo;Rettilineo;Due carreggiate;Asciutto;Asfaltata;Verticale ed orizzontale;Nuvoloso;Scarso;Buona;Sufficiente;0;0;0;2;12.4441;41.8666;-1;3;Autovettura di polizia;In marcia / fermata / arresto;Conducente;M;Illeso;0;;Non accertato;
4190605;10;22/01/2019 19:15:00;Strada Urbana;VIA ALCAMO;in prossimità;;del civico n.;10;;Veicolo in marcia contro veicoli in sosta;Curva a visuale libera;Una carreggiata a senso unico di marcia;Bagnato (umidità in atto);Asfaltata;Orizzontale;Nuvoloso;Scarso;Buona;Sufficiente;0;0;0;1;12.5235;41.8864;-1;1;Autovettura privata;In marcia / fermata / arresto;Conducente;M;Illeso;0;;Non accertato;Inesploso
4190605;10;22/01/2019 19:15:00;Strada Urbana;VIA ALCAMO;in prossimità;;del civico n.;10;;Veicolo in marcia contro veicoli in sosta;Curva a visuale libera;Una carreggiata a senso unico di marcia;Bagnato (umidità in atto);Asfaltata;Orizzontale;Nuvoloso;Scarso;Buona;Sufficiente;0;0;0;1;12.5235;41.8864;-1;2;Autovettura privata;Sosta;;;;;;;
4190605;10;22/01/2019 19:15:00;Strada Urbana;VIA ALCAMO;in prossimità;;del civico n.;10;;Veicolo in marcia contro veicoli in sosta;Curva a visuale libera;Una carreggiata a senso unico di marcia;Bagnato (umidità in atto);Asfaltata;Orizzontale;Nuvoloso;Scarso;Buona;Sufficiente;0;0;0;1;12.5235;41.8864;-1;3;Autovettura privata;Sosta;;;;;;;
4190609;20;22/01/2019 19:15:00;Strada Urbana;VIALE DI TOR DI QUINTO;in prossimità;;del palo luce n.;143;;Veicolo in marcia contro ostacolo fisso;Curva a visuale libera;Due carreggiate;Asciutto;Con buche;Verticale ed orizzontale;Sereno;Normale;Buona;Sufficiente;0;0;0;1;12.4785;41.9447;-1;1;Autovettura privata;In marcia / fermata / arresto;Conducente;M;Illeso;0;;Non accertato;
4190611;19;22/01/2019 19:05:00;Strada Urbana;VIA PIETRO ADAMI;in corrispondenza;;del civico n.;11;;Scontro laterale fra veicoli in marcia;Rettilineo;Una carreggiata a senso unico di marcia;Asciutto;Asfaltata;Assente;Nuvoloso;Normale;Buona;Sufficiente;0;0;0;4;12.4192;41.9258;-1;1;Autovettura privata;In marcia / fermata / arresto;Conducente;M;Illeso;0;;Non accertato;Inesploso
4190611;19;22/01/2019 19:05:00;Strada Urbana;VIA PIETRO ADAMI;in corrispondenza;;del civico n.;11;;Scontro laterale fra veicoli in marcia;Rettilineo;Una carreggiata a senso unico di marcia;Asciutto;Asfaltata;Assente;Nuvoloso;Normale;Buona;Sufficiente;0;0;0;4;12.4192;41.9258;-1;2;Autovettura privata;In marcia / fermata / arresto;Conducente;M;Illeso;0;;Non accertato;Inesploso
4190611;19;22/01/2019 19:05:00;Strada Urbana;VIA PIETRO ADAMI;in corrispondenza;;del civico n.;11;;Scontro laterale fra veicoli in marcia;Rettilineo;Una carreggiata a senso unico di marcia;Asciutto;Asfaltata;Assente;Nuvoloso;Normale;Buona;Sufficiente;0;0;0;4;12.4192;41.9258;-1;2;Autovettura privata;In marcia / fermata / arresto;Passeggero;M;Illeso;0;;Non accertato;Inesploso
4190611;19;22/01/2019 19:05:00;Strada Urbana;VIA PIETRO ADAMI;in corrispondenza;;del civico n.;11;;Scontro laterale fra veicoli in marcia;Rettilineo;Una carreggiata a senso unico di marcia;Asciutto;Asfaltata;Assente;Nuvoloso;Normale;Buona;Sufficiente;0;0;0;4;12.4192;41.9258;-1;2;Autovettura privata;In marcia / fermata / arresto;Passeggero;M;Illeso;0;;Non accertato;Inesploso
4190612;11;22/01/2019 07:45:00;Strada Urbana;VIA S. NEMESIO;in prossimità;;del civico n.;1;;Veicolo in marcia contro veicolo in sosta;Curva a visuale libera;Una carreggiata a senso unico di marcia;Bagnato (pioggia);Asfaltata;Assente;Pioggia in atto;Normale;Buona;Ore Diurne;0;0;0;1;12.4895;41.8584;-1;1;Autovettura privata;In marcia / fermata / arresto;Conducente;F;Illeso;0;;Non accertato;
4190612;11;22/01/2019 07:45:00;Strada Urbana;VIA S. NEMESIO;in prossimità;;del civico n.;1;;Veicolo in marcia contro veicolo in sosta;Curva a visuale libera;Una carreggiata a senso unico di marcia;Bagnato (pioggia);Asfaltata;Assente;Pioggia in atto;Normale;Buona;Ore Diurne;0;0;0;1;12.4895;41.8584;-1;2;Autovettura privata;Sosta;;;;;;;
4190613;10;22/01/2019 21:20:00;Strada Urbana;VIALE MARCO FULVIO NOBILIORE;all'intersezione con;PIAZZA S. GIOVANNI BOSCO;PIAZZA S. GIOVANNI BOSCO;;;Scontro frontale/laterale DX fra veicoli in marcia;Incrocio;Due carreggiate;Bagnato (umidità in atto);Asfaltata;Verticale ed orizzontale;Nuvoloso;Scarso;Buona;Insufficiente;0;0;0;2;12.5647;41.8587;-1;1;Autovettura privata;In marcia / fermata / arresto;Conducente;M;Illeso;0;;Non accertato;Inesploso
4190613;10;22/01/2019 21:20:00;Strada Urbana;VIALE MARCO FULVIO NOBILIORE;all'intersezione con;PIAZZA S. GIOVANNI BOSCO;PIAZZA S. GIOVANNI BOSCO;;;Scontro frontale/laterale DX fra veicoli in marcia;Incrocio;Due carreggiate;Bagnato (umidità in atto);Asfaltata;Verticale ed orizzontale;Nuvoloso;Scarso;Buona;Insufficiente;0;0;0;2;12.5647;41.8587;-1;1;Autovettura privata;In marcia / fermata / arresto;Passeggero;F;Illeso;0;;Non accertato;Inesploso
4190613;10;22/01/2019 21:20:00;Strada Urbana;VIALE MARCO FULVIO NOBILIORE;all'intersezione con;PIAZZA S. GIOVANNI BOSCO;PIAZZA S. GIOVANNI BOSCO;;;Scontro frontale/laterale DX fra veicoli in marcia;Incrocio;Due carreggiate;Bagnato (umidità in atto);Asfaltata;Verticale ed orizzontale;Nuvoloso;Scarso;Buona;Insufficiente;0;0;0;2;12.5647;41.8587;-1;2;Autovettura privata;In marcia / fermata / arresto;;;;;;;
4190619;19;22/01/2019 08:00:00;Strada Urbana;VIALE INDRO MONTANELLI;in prossimità;;del civico n.;149;;Veicolo in marcia contro veicolo in sosta;Curva a visuale libera;Due carreggiate;Bagnato (pioggia);Asfaltata;Verticale ed orizzontale;Pioggia in atto;Scarso;Sufficiente;Ore Diurne;0;0;0;1;12.3984;41.9291;-1;1;Autocarro inferiore 35 q.;In marcia / fermata / arresto;Conducente;M;Illeso;0;;Non accertato;Inesploso
4190619;19;22/01/2019 08:00:00;Strada Urbana;VIALE INDRO MONTANELLI;in prossimità;;del civico n.;149;;Veicolo in marcia contro veicolo in sosta;Curva a visuale libera;Due carreggiate;Bagnato (pioggia);Asfaltata;Verticale ed orizzontale;Pioggia in atto;Scarso;Sufficiente;Ore Diurne;0;0;0;1;12.3984;41.9291;-1;2;Autovettura privata;Sosta;;;;;;;
4190623;11;22/01/2019 09:15:00;Strada Urbana;VICOLO DELLE SETTE CHIESE;all'intersezione con;VIA ARDEATINA;VIA ARDEATINA;;;Scontro frontale fra veicoli in marcia;Incrocio;Due carreggiate;Bagnato (pioggia);Asfaltata;Verticale ed orizzontale;Pioggia in atto;Intenso;Buona;Ore Diurne;0;0;0;4;12.5103;41.8578;-1;1;Autovettura privata;In marcia / fermata / arresto;Conducente;M;Illeso;0;;;
4190623;11;22/01/2019 09:15:00;Strada Urbana;VICOLO DELLE SETTE CHIESE;all'intersezione con;VIA ARDEATINA;VIA ARDEATINA;;;Scontro frontale fra veicoli in marcia;Incrocio;Due carreggiate;Bagnato (pioggia);Asfaltata;Verticale ed orizzontale;Pioggia in atto;Intenso;Buona;Ore Diurne;0;0;0;4;12.5103;41.8578;-1;1;Autovettura privata;In marcia / fermata / arresto;Passeggero;M;Illeso;0;;;
4190623;11;22/01/2019 09:15:00;Strada Urbana;VICOLO DELLE SETTE CHIESE;all'intersezione con;VIA ARDEATINA;VIA ARDEATINA;;;Scontro frontale fra veicoli in marcia;Incrocio;Due carreggiate;Bagnato (pioggia);Asfaltata;Verticale ed orizzontale;Pioggia in atto;Intenso;Buona;Ore Diurne;0;0;0;4;12.5103;41.8578;-1;2;Autovettura privata;In marcia / fermata / arresto;Conducente;F;Illeso;0;;;
4190623;11;22/01/2019 09:15:00;Strada Urbana;VICOLO DELLE SETTE CHIESE;all'intersezione con;VIA ARDEATINA;VIA ARDEATINA;;;Scontro frontale fra veicoli in marcia;Incrocio;Due carreggiate;Bagnato (pioggia);Asfaltata;Verticale ed orizzontale;Pioggia in atto;Intenso;Buona;Ore Diurne;0;0;0;4;12.5103;41.8578;-1;3;Motociclo a solo;In marcia / fermata / arresto;Conducente;M;Illeso;0;;;
4190624;2;23/01/2019 07:25:00;Strada Urbana;LARGO FORANO;all'intersezione semaforizzata con;VIALE SOMALIA;VIALE SOMALIA;;;Scontro frontale/laterale DX fra veicoli in marcia;Intersezione semaforizzata;Una carreggiata a doppio senso;Bagnato (pioggia);Asfaltata;Orizzontale;Nuvoloso;Normale;Sufficiente;Ore Diurne;1;0;0;1;12.5109;41.9353;-1;1;Autovettura privata;In marcia / fermata / arresto;Conducente;F;Illeso;0;;Non accertato;Inesploso
4190624;2;23/01/2019 07:25:00;Strada Urbana;LARGO FORANO;all'intersezione semaforizzata con;VIALE SOMALIA;VIALE SOMALIA;;;Scontro frontale/laterale DX fra veicoli in marcia;Intersezione semaforizzata;Una carreggiata a doppio senso;Bagnato (pioggia);Asfaltata;Orizzontale;Nuvoloso;Normale;Sufficiente;Ore Diurne;1;0;0;1;12.5109;41.9353;-1;2;Motociclo a solo;In marcia / fermata / arresto;Conducente;M;Rimandato;0;NON DECEDUTO;Non accertato;
4190626;19;22/01/2019 16:00:00;Strada Urbana;PIAZZA GIOVENALE;da specificare;;;;fronte civ. 23;Scontro laterale fra veicoli in marcia;Rettilineo;Una carreggiata a senso unico di marcia;Bagnato (umidità in atto);Asfaltata;Verticale ed orizzontale;Nuvoloso;Normale;Buona;Ore Diurne;0;0;0;2;12.4417;41.9132;-1;1;Autovettura privata;In marcia / fermata / arresto;Conducente;F;Illeso;0;;Non accertato;Inesploso
4190626;19;22/01/2019 16:00:00;Strada Urbana;PIAZZA GIOVENALE;da specificare;;;;fronte civ. 23;Scontro laterale fra veicoli in marcia;Rettilineo;Una carreggiata a senso unico di marcia;Bagnato (umidità in atto);Asfaltata;Verticale ed orizzontale;Nuvoloso;Normale;Buona;Ore Diurne;0;0;0;2;12.4417;41.9132;-1;2;Autovettura privata;In marcia / fermata / arresto;Conducente;M;Illeso;0;;Non accertato;Inesploso
4190630;19;22/01/2019 18:55:00;Strada Urbana;VIA DELLA STORTA;in prossimità;;del civico n.;741;;Veicolo in marcia contro ostacolo accidentale;Curva senza visuale libera;Una carreggiata a doppio senso;Bagnato (umidità in atto);Asfaltata;Verticale;Nuvoloso;Scarso;Insufficiente;Insufficiente;0;0;0;1;12.371;41.9903;-1;1;Autovettura privata;In marcia / fermata / arresto;Conducente;M;Illeso;0;;Non accertato;Inesploso
4190636;19;22/01/2019 19:20:00;Strada Urbana;VIA DELLA STORTA;in corrispondenza;;del civico n.;741;;Veicolo in marcia contro ostacolo accidentale;Curva senza visuale libera;Una carreggiata a doppio senso;Bagnato (umidità in atto);Asfaltata;Verticale;Nuvoloso;Scarso;Insufficiente;Insufficiente;0;0;0;1;12.371;41.9903;-1;1;Autovettura privata;In marcia / fermata / arresto;Conducente;M;Illeso;0;;Non accertato;Inesploso
4190639;12;21/01/2019 19:20:00;Strada Urbana;VIA CRISTOFORO COLOMBO;da specificare;;;;direzione ostia-gra altezza palo Acea 360;Fuoriuscita dalla sede stradale;Curva a visuale libera;Più di due carreggiate;Bagnato (pioggia);Asfaltata;Orizzontale;Pioggia in atto;Normale;Buona;Sufficiente;0;0;0;3;12.4121;41.786;-1;1;Autovettura privata;In marcia / fermata / arresto;Conducente;M;Illeso;0;;;
4190639;12;21/01/2019 19:20:00;Strada Urbana;VIA CRISTOFORO COLOMBO;da specificare;;;;direzione ostia-gra altezza palo Acea 360;Fuoriuscita dalla sede stradale;Curva a visuale libera;Più di due carreggiate;Bagnato (pioggia);Asfaltata;Orizzontale;Pioggia in atto;Normale;Buona;Sufficiente;0;0;0;3;12.4121;41.786;-1;2;Quadriciclo;In marcia / fermata / arresto;Conducente;M;Illeso;0;;;
4190639;12;21/01/2019 19:20:00;Strada Urbana;VIA CRISTOFORO COLOMBO;da specificare;;;;direzione ostia-gra altezza palo Acea 360;Fuoriuscita dalla sede stradale;Curva a visuale libera;Più di due carreggiate;Bagnato (pioggia);Asfaltata;Orizzontale;Pioggia in atto;Normale;Buona;Sufficiente;0;0;0;3;12.4121;41.786;-1;2;Quadriciclo;In marcia / fermata / arresto;Passeggero;M;Illeso;0;;;
4190640;19;22/01/2019 06:45:00;Strada Urbana;VIA TRIONFALE;in corrispondenza;;del civico n.;9516;;Veicolo in marcia contro ostacolo fisso;Rettilineo;Una carreggiata a doppio senso;Bagnato (pioggia);Asfaltata;Verticale ed orizzontale;Pioggia in atto;Normale;Sufficiente;Sufficiente;0;0;0;1;12.4178;41.9456;-1;1;Autovettura privata;In marcia / fermata / arresto;Conducente;M;Illeso;0;;Non accertato;Inesploso
4190641;19;22/01/2019 19:25:00;Strada Urbana;VIA DELLA STORTA;in prossimità;;del civico n.;741;;Veicolo in marcia contro ostacolo accidentale;Curva senza visuale libera;Una carreggiata a doppio senso;Bagnato (umidità in atto);Asfaltata;Verticale;Nuvoloso;Scarso;Insufficiente;Insufficiente;0;0;0;1;12.371;41.9903;-1;1;Autovettura privata;In marcia / fermata / arresto;Conducente;F;Illeso;0;;Non accertato;Inesploso
4190644;12;22/01/2019 15:00:00;Strada Urbana;VIA DI S. FUMIA;in prossimità;;del civico n.;102;;Veicolo in marcia contro ostacolo accidentale;Rettilineo;Una carreggiata a doppio senso;Bagnato (umidità in atto);Asfaltata;Assente;Nuvoloso;Scarso;Buona;Ore Diurne;0;0;0;2;12.5945;41.7347;-1;1;Autovettura privata;In marcia / fermata / arresto;Conducente;F;Illeso;0;;Utilizzato;Inesploso
4190644;12;22/01/2019 15:00:00;Strada Urbana;VIA DI S. FUMIA;in prossimità;;del civico n.;102;;Veicolo in marcia contro ostacolo accidentale;Rettilineo;Una carreggiata a doppio senso;Bagnato (umidità in atto);Asfaltata;Assente;Nuvoloso;Scarso;Buona;Ore Diurne;0;0;0;2;12.5945;41.7347;-1;1;Autovettura privata;In marcia / fermata / arresto;Passeggero;M;Illeso;0;;Utilizzato;Inesploso
4190645;19;22/01/2019 19:05:00;Strada Urbana;VIA DELLA STORTA;in corrispondenza;;del civico n.;741;;Veicolo in marcia contro ostacolo accidentale;Curva senza visuale libera;Una carreggiata a doppio senso;Bagnato (umidità in atto);Asfaltata;Verticale;Nuvoloso;Scarso;Insufficiente;Insufficiente;0;0;0;2;12.3743;41.997;-1;1;Autovettura privata;In marcia / fermata / arresto;Conducente;M;Illeso;0;;Non accertato;Inesploso
4190645;19;22/01/2019 19:05:00;Strada Urbana;VIA DELLA STORTA;in corrispondenza;;del civico n.;741;;Veicolo in marcia contro ostacolo accidentale;Curva senza visuale libera;Una carreggiata a doppio senso;Bagnato (umidità in atto);Asfaltata;Verticale;Nuvoloso;Scarso;Insufficiente;Insufficiente;0;0;0;2;12.3743;41.997;-1;1;Autovettura privata;In marcia / fermata / arresto;Passeggero;M;Illeso;0;;Non accertato;Inesploso
4190646;13;22/01/2019 23:00:00;Provinciale;VIA LITORANEA;in prossimità;;della chilometrica;3.8;;Scontro laterale fra veicoli in marcia;Rettilineo;Una carreggiata a doppio senso;Bagnato (pioggia);Asfaltata;Verticale ed orizzontale;Pioggia in atto;Normale;Buona;Inesistente;2;0;0;0;12.3735;41.6876;-1;1;Autovettura privata;In marcia / fermata / arresto;Conducente;F;Rimandato;0;NON DECEDUTO;Non accertato;Esploso
4190646;13;22/01/2019 23:00:00;Provinciale;VIA LITORANEA;in prossimità;;della chilometrica;3.8;;Scontro laterale fra veicoli in marcia;Rettilineo;Una carreggiata a doppio senso;Bagnato (pioggia);Asfaltata;Verticale ed orizzontale;Pioggia in atto;Normale;Buona;Inesistente;2;0;0;0;12.3735;41.6876;-1;2;Autovettura privata;In marcia / fermata / arresto;Conducente;M;Ricoverato;0;NON DECEDUTO;Non accertato;Inesistente
4190650;19;22/01/2019 19:10:00;Strada Urbana;VIA DELLA STORTA;in prossimità;;del civico n.;741;;Veicolo in marcia contro ostacolo accidentale;Curva senza visuale libera;Una carreggiata a doppio senso;Bagnato (umidità in atto);Asfaltata;Verticale;Nuvoloso;Scarso;Insufficiente;Insufficiente;0;0;0;1;12.371;41.9903;-1;1;Autovettura privata;In marcia / fermata / arresto;Conducente;M;Illeso;0;;Non accertato;Inesploso
4190658;1;22/01/2019 09:25:00;Strada Urbana;PIAZZA DI PORTA S. PAOLO;da specificare;;;;fermata n. 72016;Scontro laterale fra veicoli in marcia;Rotatoria;Una carreggiata a senso unico di marcia;Bagnato (pioggia);Acciotolata;Verticale ed orizzontale;Pioggia in atto;Normale;Buona;Ore Diurne;0;0;0;3;12.4815;41.8773;-1;1;Autovettura privata;In marcia / fermata / arresto;Conducente;M;Illeso;0;;Non accertato;
4190658;1;22/01/2019 09:25:00;Strada Urbana;PIAZZA DI PORTA S. PAOLO;da specificare;;;;fermata n. 72016;Scontro laterale fra veicoli in marcia;Rotatoria;Una carreggiata a senso unico di marcia;Bagnato (pioggia);Acciotolata;Verticale ed orizzontale;Pioggia in atto;Normale;Buona;Ore Diurne;0;0;0;3;12.4815;41.8773;-1;2;Autovettura pubblica;In marcia / fermata / arresto;Conducente;M;Illeso;0;;Non accertato;
4190658;1;22/01/2019 09:25:00;Strada Urbana;PIAZZA DI PORTA S. PAOLO;da specificare;;;;fermata n. 72016;Scontro laterale fra veicoli in marcia;Rotatoria;Una carreggiata a senso unico di marcia;Bagnato (pioggia);Acciotolata;Verticale ed orizzontale;Pioggia in atto;Normale;Buona;Ore Diurne;0;0;0;3;12.4815;41.8773;-1;2;Autovettura pubblica;In marcia / fermata / arresto;Passeggero;M;Illeso;0;;Non accertato;
4190660;12;22/01/2019 10:30:00;Strada Urbana;VIA BELLOSGUARDO;in corrispondenza;;del civico n.;135;;Veicolo in marcia contro ostacolo accidentale;Rettilineo;Una carreggiata a doppio senso;Bagnato (pioggia);Asfaltata;Verticale;Pioggia in atto;Scarso;Buona;Ore Diurne;0;0;0;1;12.5003;41.7432;-1;1;Autovettura privata;In marcia / fermata / arresto;Conducente;F;Illeso;0;;Utilizzato;Inesploso
4190662;20;22/01/2019 12:15:00;Strada Urbana;CORSO DI FRANCIA;da specificare;;;;Pross. Via B. Gosio;Scontro laterale fra veicoli in marcia;Rettilineo;Due carreggiate;Bagnato (pioggia);Asfaltata;Verticale ed orizzontale;Nuvoloso;Normale;Buona;Ore Diurne;0;0;0;4;12.4711;41.9405;-1;1;Autovettura privata;In marcia / fermata / arresto;Conducente;F;Illeso;0;;;
4190662;20;22/01/2019 12:15:00;Strada Urbana;CORSO DI FRANCIA;da specificare;;;;Pross. Via B. Gosio;Scontro laterale fra veicoli in marcia;Rettilineo;Due carreggiate;Bagnato (pioggia);Asfaltata;Verticale ed orizzontale;Nuvoloso;Normale;Buona;Ore Diurne;0;0;0;4;12.4711;41.9405;-1;2;Autovettura privata;In marcia / fermata / arresto;Conducente;M;Illeso;0;;;
4190662;20;22/01/2019 12:15:00;Strada Urbana;CORSO DI FRANCIA;da specificare;;;;Pross. Via B. Gosio;Scontro laterale fra veicoli in marcia;Rettilineo;Due carreggiate;Bagnato (pioggia);Asfaltata;Verticale ed orizzontale;Nuvoloso;Normale;Buona;Ore Diurne;0;0;0;4;12.4711;41.9405;-1;3;Autocarro inferiore 35 q.;In marcia / fermata / arresto;Conducente;M;Illeso;0;;;
4190662;20;22/01/2019 12:15:00;Strada Urbana;CORSO DI FRANCIA;da specificare;;;;Pross. Via B. Gosio;Scontro laterale fra veicoli in marcia;Rettilineo;Due carreggiate;Bagnato (pioggia);Asfaltata;Verticale ed orizzontale;Nuvoloso;Normale;Buona;Ore Diurne;0;0;0;4;12.4711;41.9405;-1;3;Autocarro inferiore 35 q.;In marcia / fermata / arresto;Passeggero;F;Illeso;0;;;
4190665;19;22/01/2019 18:45:00;Strada Urbana;VIA MATTIA BATTISTINI;in corrispondenza;;del civico n.;228;;Tamponamento;Rettilineo;Una carreggiata a doppio senso;Bagnato (umidità in atto);Asfaltata;Orizzontale;Nuvoloso;Normale;Buona;Sufficiente;0;0;0;2;12.4186;41.9152;-1;1;Autovettura privata;In marcia / fermata / arresto;Conducente;M;Illeso;0;;;
4190665;19;22/01/2019 18:45:00;Strada Urbana;VIA MATTIA BATTISTINI;in corrispondenza;;del civico n.;228;;Tamponamento;Rettilineo;Una carreggiata a doppio senso;Bagnato (umidità in atto);Asfaltata;Orizzontale;Nuvoloso;Normale;Buona;Sufficiente;0;0;0;2;12.4186;41.9152;-1;2;Autovettura privata;In marcia / fermata / arresto;Conducente;M;Illeso;0;;;
4190667;1;22/01/2019 10:45:00;Strada Urbana;PIAZZALE NUMA POMPILIO;all'intersezione semaforizzata con;VIALE DELLE TERME DI CARACALLA;VIALE DELLE TERME DI CARACALLA;;;Veicolo in marcia contro ostacolo accidentale;Intersezione semaforizzata;Una carreggiata a doppio senso;Bagnato (pioggia);Asfaltata;Verticale ed orizzontale;Pioggia in atto;Normale;Buona;Ore Diurne;0;0;0;1;12.4957;41.8796;-1;1;Autovettura privata;In marcia / fermata / arresto;Conducente;M;Illeso;0;;;
4190673;13;22/01/2019 13:00:00;Strada Urbana;VIA GIANCARLO PASSERONI;in corrispondenza;;del civico n.;28;;Tamponamento;Rettilineo;Una carreggiata a doppio senso;Asciutto;Asfaltata;Verticale ed orizzontale;Nuvoloso;Normale;Buona;Ore Diurne;0;0;0;3;12.2994;41.7289;-1;1;Autovettura privata;In marcia / fermata / arresto;Conducente;F;Illeso;0;;;
4190673;13;22/01/2019 13:00:00;Strada Urbana;VIA GIANCARLO PASSERONI;in corrispondenza;;del civico n.;28;;Tamponamento;Rettilineo;Una carreggiata a doppio senso;Asciutto;Asfaltata;Verticale ed orizzontale;Nuvoloso;Normale;Buona;Ore Diurne;0;0;0;3;12.2994;41.7289;-1;1;Autovettura privata;In marcia / fermata / arresto;Passeggero;F;Illeso;0;;;
4190673;13;22/01/2019 13:00:00;Strada Urbana;VIA GIANCARLO PASSERONI;in corrispondenza;;del civico n.;28;;Tamponamento;Rettilineo;Una carreggiata a doppio senso;Asciutto;Asfaltata;Verticale ed orizzontale;Nuvoloso;Normale;Buona;Ore Diurne;0;0;0;3;12.2994;41.7289;-1;2;Autovettura privata;In marcia / fermata / arresto;Conducente;F;Illeso;0;;;
4190675;12;22/01/2019 23:10:00;Statale;VIA DEL MARE;da specificare;;;;km 16,300;Scontro laterale fra veicoli in marcia;Rettilineo;Una carreggiata a doppio senso;Bagnato (umidità in atto);Asfaltata;Verticale ed orizzontale;Nuvoloso;Scarso;Insufficiente;Insufficiente;1;0;0;2;12.4632;41.8403;-1;1;Autovettura privata;In marcia / fermata / arresto;Conducente;F;Rimandato;0;NON DECEDUTO;;
4190675;12;22/01/2019 23:10:00;Statale;VIA DEL MARE;da specificare;;;;km 16,300;Scontro laterale fra veicoli in marcia;Rettilineo;Una carreggiata a doppio senso;Bagnato (umidità in atto);Asfaltata;Verticale ed orizzontale;Nuvoloso;Scarso;Insufficiente;Insufficiente;1;0;0;2;12.4632;41.8403;-1;2;Autovettura di soccorso;In marcia / fermata / arresto;Conducente;M;Illeso;0;;;
4190675;12;22/01/2019 23:10:00;Statale;VIA DEL MARE;da specificare;;;;km 16,300;Scontro laterale fra veicoli in marcia;Rettilineo;Una carreggiata a doppio senso;Bagnato (umidità in atto);Asfaltata;Verticale ed orizzontale;Nuvoloso;Scarso;Insufficiente;Insufficiente;1;0;0;2;12.4632;41.8403;-1;2;Autovettura di soccorso;In marcia / fermata / arresto;Passeggero;F;Illeso;0;;;
4190683;12;22/01/2019 08:15:00;Strada Urbana;PIAZZALE DELL'INDUSTRIA;da specificare;;;;altezza prossimità civico 40;Scontro laterale fra veicoli in marcia;Rettilineo;Una carreggiata a doppio senso;Bagnato (pioggia);Asfaltata;Verticale ed orizzontale;Pioggia in atto;Normale;Buona;Ore Diurne;0;0;0;2;12.474;41.8361;-1;1;Autovettura privata;In marcia / fermata / arresto;Conducente;M;Illeso;0;;;
4190683;12;22/01/2019 08:15:00;Strada Urbana;PIAZZALE DELL'INDUSTRIA;da specificare;;;;altezza prossimità civico 40;Scontro laterale fra veicoli in marcia;Rettilineo;Una carreggiata a doppio senso;Bagnato (pioggia);Asfaltata;Verticale ed orizzontale;Pioggia in atto;Normale;Buona;Ore Diurne;0;0;0;2;12.474;41.8361;-1;2;Autovettura privata;In marcia / fermata / arresto;Conducente;M;Illeso;0;;;
4190685;19;21/01/2019 20:30:00;Strada Urbana;VIA DELLA RISERVA GRANDE;da specificare;;;;prossimità Largo Ines Bedeschi;Veicolo in marcia contro ostacolo accidentale;Rettilineo;Una carreggiata a doppio senso;Bagnato (pioggia);Asfaltata;Assente;Nuvoloso;Normale;Buona;Ore Diurne;0;0;0;1;12.3745;41.9466;-1;1;Autovettura privata;In marcia / fermata / arresto;Conducente;M;Illeso;0;;Non accertato;Inesploso