Protocollo;Gruppo;DataOraIncidente;Localizzazione1;STRADA1;Localizzazione2;STRADA2;Strada02;Chilometrica;DaSpecificare;NaturaIncidente;particolaritastrade;TipoStrada;FondoStradale;Pavimentazione;Segnaletica;CondizioneAtmosferica;Traffico;Visibilita;Illuminazione;NUM_FERITI;NUM_RISERVATA;NUM_MORTI;NUM_ILLESI;Longitudine;Latitudine;Confermato;Progressivo;TipoVeicolo;StatoVeicolo;TipoPersona;Sesso;Tipolesione;Deceduto;DecedutoDopo;CinturaCascoUtilizzato;Airbag;
4191648;17;23/01/2019 11:00:00;Strada Urbana;VIA TRIONFALE;all'intersezione con;VIA S. TOMMASO D'AQUINO;VIA S. TOMMASO D'AQUINO;;;Scontro frontale/laterale SX fra veicoli in marcia;Intersezione stradale segnalata;Una carreggiata a doppio senso;Bagnato (umidità in atto);Asfaltata;Verticale ed orizzontale;Nuvoloso;Normale;Buona;Ore Diurne;1;0;0;1;12.4505;41.9144;-1;1;Quadriciclo;In marcia / fermata / arresto;Conducente;M;Illeso;0;;;
4191648;17;23/01/2019 11:00:00;Strada Urbana;VIA TRIONFALE;all'intersezione con;VIA S. TOMMASO D'AQUINO;VIA S. TOMMASO D'AQUINO;;;Scontro frontale/laterale SX fra veicoli in marcia;Intersezione stradale segnalata;Una carreggiata a doppio senso;Bagnato (umidità in atto);Asfaltata;Verticale ed orizzontale;Nuvoloso;Normale;Buona;Ore Diurne;1;0;0;1;12.4505;41.9144;-1;2;Motociclo a solo;In marcia / fermata / arresto;Conducente;M;Rimandato;0;NON DECEDUTO;;
4191673;1;23/01/2019 07:50:00;Strada Urbana;VIA NAPOLEONE III;da specificare;;;;in prossimità VIA RATTAZZI;Tamponamento;Rettilineo;Più di due carreggiate;Bagnato (pioggia);Asfaltata;Verticale ed orizzontale;Sereno;Normale;Buona;Ore Diurne;0;0;0;4;12.5023;41.8966;-1;1;Autovettura privata;In marcia / fermata / arresto;Conducente;M;Illeso;0;;Non accertato;Inesploso
4191673;1;23/01/2019 07:50:00;Strada Urbana;VIA NAPOLEONE III;da specificare;;;;in prossimità VIA RATTAZZI;Tamponamento;Rettilineo;Più di due carreggiate;Bagnato (pioggia);Asfaltata;Verticale ed orizzontale;Sereno;Normale;Buona;Ore Diurne;0;0;0;4;12.5023;41.8966;-1;1;Autovettura privata;In marcia / fermata / arresto;Passeggero;M;Illeso;0;;Non accertato;Inesistente
4191673;1;23/01/2019 07:50:00;Strada Urbana;VIA NAPOLEONE III;da specificare;;;;in prossimità VIA RATTAZZI;Tamponamento;Rettilineo;Più di due carreggiate;Bagnato (pioggia);Asfaltata;Verticale ed orizzontale;Sereno;Normale;Buona;Ore Diurne;0;0;0;4;12.5023;41.8966;-1;1;Autovettura privata;In marcia / fermata / arresto;Passeggero;M;Illeso;0;;Non accertato;Inesistente
4191673;1;23/01/2019 07:50:00;Strada Urbana;VIA NAPOLEONE III;da specificare;;;;in prossimità VIA RATTAZZI;Tamponamento;Rettilineo;Più di due carreggiate;Bagnato (pioggia);Asfaltata;Verticale ed orizzontale;Sereno;Normale;Buona;Ore Diurne;0;0;0;4;12.5023;41.8966;-1;2;Autocarro inferiore 35 q.;In marcia / fermata / arresto;Conducente;M;Illeso;0;;Non accertato;
4191704;19;23/01/2019 08:00:00;Strada Urbana;VIA INZAGO;all'intersezione con;VIA NERVIANO;VIA NERVIANO;;;Scontro frontale/laterale SX fra veicoli in marcia;Incrocio;Una carreggiata a doppio senso;Asciutto;Asfaltata;Assente;Sereno;Normale;Buona;Ore Diurne;0;0;0;3;12.3886;41.947;-1;1;Autovettura privata;In marcia / fermata / arresto;Conducente;M;Illeso;0;;Non accertato;Inesploso
4191704;19;23/01/2019 08:00:00;Strada Urbana;VIA INZAGO;all'intersezione con;VIA NERVIANO;VIA NERVIANO;;;Scontro frontale/laterale SX fra veicoli in marcia;Incrocio;Una carreggiata a doppio senso;Asciutto;Asfaltata;Assente;Sereno;Normale;Buona;Ore Diurne;0;0;0;3;12.3886;41.947;-1;1;Autovettura privata;In marcia / fermata / arresto;Passeggero;M;Illeso;0;;Non accertato;Inesploso
4191704;19;23/01/2019 08:00:00;Strada Urbana;VIA INZAGO;all'intersezione con;VIA NERVIANO;VIA NERVIANO;;;Scontro frontale/laterale SX fra veicoli in marcia;Incrocio;Una carreggiata a doppio senso;Asciutto;Asfaltata;Assente;Sereno;Normale;Buona;Ore Diurne;0;0;0;3;12.3886;41.947;-1;2;Autovettura privata;In marcia / fermata / arresto;Conducente;M;Illeso;0;;Non accertato;Inesploso
4191805;12;23/01/2019 06:50:00;Strada Urbana;VIA DI TOR PAGNOTTA;da specificare;;;;fronte poste italiane;Veicolo in marcia contro ostacolo fisso;Rettilineo;Più di due carreggiate;Bagnato (pioggia);Asfaltata;Verticale ed orizzontale;Nuvoloso;Normale;Buona;Inesistente;0;0;0;1;12.5042;41.8039;-1;1;Autovettura privata;In marcia / fermata / arresto;Conducente;M;Illeso;0;;;
4191911;17;23/01/2019 15:30:00;Strada Urbana;VIA DEGLI SCIPIONI;all'intersezione con;VIA DUILIO;VIA DUILIO;;;Scontro frontale/laterale SX fra veicoli in marcia;Incrocio;Una carreggiata a senso unico di marcia;Bagnato (pioggia);Asfaltata;Verticale ed orizzontale;Pioggia in atto;Normale;Sufficiente;Ore Diurne;2;0;0;1;12.463;41.9098;-1;1;Autovettura privata;In marcia / fermata / arresto;Conducente;F;Rimandato;0;NON DECEDUTO;;
4191911;17;23/01/2019 15:30:00;Strada Urbana;VIA DEGLI SCIPIONI;all'intersezione con;VIA DUILIO;VIA DUILIO;;;Scontro frontale/laterale SX fra veicoli in marcia;Incrocio;Una carreggiata a senso unico di marcia;Bagnato (pioggia);Asfaltata;Verticale ed orizzontale;Pioggia in atto;Normale;Sufficiente;Ore Diurne;2;0;0;1;12.463;41.9098;-1;1;Autovettura privata;In marcia / fermata / arresto;Passeggero;F;Rimandato;0;NON DECEDUTO;;
4191911;17;23/01/2019 15:30:00;Strada Urbana;VIA DEGLI SCIPIONI;all'intersezione con;VIA DUILIO;VIA DUILIO;;;Scontro frontale/laterale SX fra veicoli in marcia;Incrocio;Una carreggiata a senso unico di marcia;Bagnato (pioggia);Asfaltata;Verticale ed orizzontale;Pioggia in atto;Normale;Sufficiente;Ore Diurne;2;0;0;1;12.463;41.9098;-1;2;Autovettura privata;In marcia / fermata / arresto;Conducente;F;Illeso;0;;;
4191917;12;23/01/2019 06:40:00;Strada Urbana;VIA DI TOR PAGNOTTA;da specificare;;;;altezza ufficio postale dir. Cecchignola;Veicolo in marcia contro ostacolo fisso;Rettilineo;Più di due carreggiate;Bagnato (pioggia);Asfaltata;Verticale ed orizzontale;Nuvoloso;Normale;Buona;Inesistente;0;0;0;1;12.5042;41.8039;-1;1;Autovettura privata;In marcia / fermata / arresto;Conducente;M;Illeso;0;;;
4191939;12;23/01/2019 08:45:00;Strada Urbana;VIALE BARTOLOMEO CAVACEPPI;all'intersezione con;VIA GIOVANNI CINISELLI;VIA GIOVANNI CINISELLI;;;Scontro frontale/laterale SX fra veicoli in marcia;Incrocio;Due carreggiate;Bagnato (pioggia);Asfaltata;Verticale ed orizzontale;Sereno;Normale;Buona;Ore Diurne;1;0;0;1;12.4312;41.7966;-1;1;Autocarro inferiore 35 q.;In marcia / fermata / arresto;Conducente;M;Illeso;0;;;
4191939;12;23/01/2019 08:45:00;Strada Urbana;VIALE BARTOLOMEO CAVACEPPI;all'intersezione con;VIA GIOVANNI CINISELLI;VIA GIOVANNI CINISELLI;;;Scontro frontale/laterale SX fra veicoli in marcia;Incrocio;Due carreggiate;Bagnato (pioggia);Asfaltata;Verticale ed orizzontale;Sereno;Normale;Buona;Ore Diurne;1;0;0;1;12.4312;41.7966;-1;2;Autovettura privata;In marcia / fermata / arresto;Conducente;F;Rimandato;0;NON DECEDUTO;Utilizzato;Esploso
4191962;17;23/01/2019 14:43:00;Strada Urbana;VIA GIOVANNI BAUSAN;all'intersezione con;VIALE GIOVANNI FALCONE E PAOLO BORSELLINO;VIALE GIOVANNI FALCONE E PAOLO BORSELLINO;;;Tamponamento;Intersezione stradale segnalata;Due carreggiate;Bagnato (pioggia);Asfaltata;Verticale ed orizzontale;Pioggia in atto;Normale;Sufficiente;Ore Diurne;0;0;0;3;12.4526;41.9198;-1;1;Autovettura privata;In marcia / fermata / arresto;Conducente;M;Illeso;0;;;
4191962;17;23/01/2019 14:43:00;Strada Urbana;VIA GIOVANNI BAUSAN;all'intersezione con;VIALE GIOVANNI FALCONE E PAOLO BORSELLINO;VIALE GIOVANNI FALCONE E PAOLO BORSELLINO;;;Tamponamento;Intersezione stradale segnalata;Due carreggiate;Bagnato (pioggia);Asfaltata;Verticale ed orizzontale;Pioggia in atto;Normale;Sufficiente;Ore Diurne;0;0;0;3;12.4526;41.9198;-1;1;Autovettura privata;In marcia / fermata / arresto;Passeggero;F;Illeso;0;;;
4191962;17;23/01/2019 14:43:00;Strada Urbana;VIA GIOVANNI BAUSAN;all'intersezione con;VIALE GIOVANNI FALCONE E PAOLO BORSELLINO;VIALE GIOVANNI FALCONE E PAOLO BORSELLINO;;;Tamponamento;Intersezione stradale segnalata;Due carreggiate;Bagnato (pioggia);Asfaltata;Verticale ed orizzontale;Pioggia in atto;Normale;Sufficiente;Ore Diurne;0;0;0;3;12.4526;41.9198;-1;2;Autovettura privata;In marcia / fermata / arresto;Conducente;M;Illeso;0;;;
4191977;12;23/01/2019 09:30:00;Strada Urbana;VIA GRAZZANISE;all'intersezione con;VIA GROTTOLELLA;VIA GROTTOLELLA;;;Tamponamento;Incrocio;Una carreggiata a doppio senso;Bagnato (pioggia);Asfaltata;Verticale ed orizzontale;Nuvoloso;Normale;Buona;Ore Diurne;0;0;0;2;12.5974;41.7156;-1;1;Motociclo a solo;In marcia / fermata / arresto;Conducente;M;Illeso;0;;Utilizzato;
4191977;12;23/01/2019 09:30:00;Strada Urbana;VIA GRAZZANISE;all'intersezione con;VIA GROTTOLELLA;VIA GROTTOLELLA;;;Tamponamento;Incrocio;Una carreggiata a doppio senso;Bagnato (pioggia);Asfaltata;Verticale ed orizzontale;Nuvoloso;Normale;Buona;Ore Diurne;0;0;0;2;12.5974;41.7156;-1;2;Autocarro superiore 35 q.;In marcia / fermata / arresto;Conducente;M;Illeso;0;;Utilizzato;Inesploso
4191999;19;23/01/2019 16:25:00;Strada Urbana;LARGO DAMIANO CHIESA;in prossimità;;del civico n.;12;;Scontro frontale/laterale SX fra veicoli in marcia;Rettilineo;Una carreggiata a doppio senso;Bagnato (pioggia);Asfaltata;Orizzontale;Pioggia in atto;Normale;Buona;Ore Diurne;1;0;0;0;12.4358;41.9196;-1;1;Motociclo a solo;In marcia / fermata / arresto;Conducente;M;Rimandato;0;NON DECEDUTO;Non accertato;
4191999;19;23/01/2019 16:25:00;Strada Urbana;LARGO DAMIANO CHIESA;in prossimità;;del civico n.;12;;Scontro frontale/laterale SX fra veicoli in marcia;Rettilineo;Una carreggiata a doppio senso;Bagnato (pioggia);Asfaltata;Orizzontale;Pioggia in atto;Normale;Buona;Ore Diurne;1;0;0;0;12.4358;41.9196;-1;2;Autovettura privata;In marcia / fermata / arresto;;;;;;;
4192008;19;23/01/2019 03:30:00;Strada Urbana;VIA DI BOCCEA;in prossimità;;del civico n.;1042;;Veicolo in marcia contro ostacolo fisso;Rettilineo;Una carreggiata a doppio senso;Asciutto;Asfaltata;Orizzontale;Nuvoloso;Scarso;Insufficiente;Inesistente;0;0;0;1;12.3321;41.9341;-1;1;Autovettura privata;In marcia / fermata / arresto;Conducente;M;Illeso;0;;Non accertato;Inesploso
4192071;12;23/01/2019 14:47:00;Regionale;VIA PONTINA;in prossimità;;della chilometrica;26.7;;Tamponamento Multiplo;Rettilineo;Due carreggiate;Bagnato (pioggia);Asfaltata;Verticale ed orizzontale;Pioggia in atto;Normale;Buona;Ore Diurne;1;0;0;5;12.7972;41.5094;-1;1;Autovettura privata;In marcia / fermata / arresto;Conducente;F;Rimandato;0;NON DECEDUTO;Non accertato;Inesploso
4192071;12;23/01/2019 14:47:00;Regionale;VIA PONTINA;in prossimità;;della chilometrica;26.7;;Tamponamento Multiplo;Rettilineo;Due carreggiate;Bagnato (pioggia);Asfaltata;Verticale ed orizzontale;Pioggia in atto;Normale;Buona;Ore Diurne;1;0;0;5;12.7972;41.5094;-1;2;Autovettura privata;In marcia / fermata / arresto;Conducente;M;Illeso;0;;Non accertato;Inesploso
4192071;12;23/01/2019 14:47:00;Regionale;VIA PONTINA;in prossimità;;della chilometrica;26.7;;Tamponamento Multiplo;Rettilineo;Due carreggiate;Bagnato (pioggia);Asfaltata;Verticale ed orizzontale;Pioggia in atto;Normale;Buona;Ore Diurne;1;0;0;5;12.7972;41.5094;-1;2;Autovettura privata;In marcia / fermata / arresto;Passeggero;M;Illeso;0;;;
4192071;12;23/01/2019 14:47:00;Regionale;VIA PONTINA;in prossimità;;della chilometrica;26.7;;Tamponamento Multiplo;Rettilineo;Due carreggiate;Bagnato (pioggia);Asfaltata;Verticale ed orizzontale;Pioggia in atto;Normale;Buona;Ore Diurne;1;0;0;5;12.7972;41.5094;-1;2;Autovettura privata;In marcia / fermata / arresto;Passeggero;M;Illeso;0;;Non accertato;Inesploso
4192071;12;23/01/2019 14:47:00;Regionale;VIA PONTINA;in prossimità;;della chilometrica;26.7;;Tamponamento Multiplo;Rettilineo;Due carreggiate;Bagnato (pioggia);Asfaltata;Verticale ed orizzontale;Pioggia in atto;Normale;Buona;Ore Diurne;1;0;0;5;12.7972;41.5094;-1;3;Autovettura privata;In marcia / fermata / arresto;Conducente;M;Illeso;0;;Non accertato;
4192071;12;23/01/2019 14:47:00;Regionale;VIA PONTINA;in prossimità;;della chilometrica;26.7;;Tamponamento Multiplo;Rettilineo;Due carreggiate;Bagnato (pioggia);Asfaltata;Verticale ed orizzontale;Pioggia in atto;Normale;Buona;Ore Diurne;1;0;0;5;12.7972;41.5094;-1;3;Autovettura privata;In marcia / fermata / arresto;Passeggero;F;Illeso;0;;;
4192103;1;23/01/2019 15:00:00;Strada Urbana;VIA DI MONTE TESTACCIO;in corrispondenza;;del civico n.;46;;Veicolo in marcia contro veicoli in sosta;Rettilineo;Una carreggiata a senso unico di marcia;Bagnato (pioggia);In cubetti di porfido;Verticale ed orizzontale;Pioggia in atto;Scarso;Sufficiente;Ore Diurne;0;0;0;1;12.4746;41.8752;-1;1;Autovettura privata;Sosta;;;;;;;
4192103;1;23/01/2019 15:00:00;Strada Urbana;VIA DI MONTE TESTACCIO;in corrispondenza;;del civico n.;46;;Veicolo in marcia contro veicoli in sosta;Rettilineo;Una carreggiata a senso unico di marcia;Bagnato (pioggia);In cubetti di porfido;Verticale ed orizzontale;Pioggia in atto;Scarso;Sufficiente;Ore Diurne;0;0;0;1;12.4746;41.8752;-1;2;Autovettura privata;In marcia / fermata / arresto;Conducente;M;Illeso;0;;Non accertato;Inesploso
4192110;9;23/01/2019 16:40:00;Strada Urbana;LARGO BRINDISI;all'intersezione con;VIA ALTAMURA;VIA ALTAMURA;;;Tamponamento;Intersezione stradale segnalata;Una carreggiata a doppio senso;Bagnato (umidità in atto);Asfaltata;Verticale ed orizzontale;Nuvoloso;Normale;Buona;Ore Diurne;1;0;0;1;12.5115;41.8853;-1;1;Ciclomotore;In marcia / fermata / arresto;Conducente;M;Rimandato;0;NON DECEDUTO;Non accertato;Inesploso
4192110;9;23/01/2019 16:40:00;Strada Urbana;LARGO BRINDISI;all'intersezione con;VIA ALTAMURA;VIA ALTAMURA;;;Tamponamento;Intersezione stradale segnalata;Una carreggiata a doppio senso;Bagnato (umidità in atto);Asfaltata;Verticale ed orizzontale;Nuvoloso;Normale;Buona;Ore Diurne;1;0;0;1;12.5115;41.8853;-1;2;Autovettura privata;In marcia / fermata / arresto;Conducente;M;Illeso;0;;Non accertato;Inesploso
4192112;9;23/01/2019 17:50:00;Strada Urbana;VIA ACAIA;da specificare;;;;fronte VIA SATRICO;Scontro laterale fra veicoli in marcia;Rettilineo;Una carreggiata a doppio senso;Bagnato (pioggia);Asfaltata;Verticale ed orizzontale;Pioggia in atto;Intenso;Buona;Sufficiente;0;0;0;2;12.5082;41.8769;-1;1;Autovettura privata;In marcia / fermata / arresto;Conducente;M;Illeso;0;;Non accertato;Inesploso
4192112;9;23/01/2019 17:50:00;Strada Urbana;VIA ACAIA;da specificare;;;;fronte VIA SATRICO;Scontro laterale fra veicoli in marcia;Rettilineo;Una carreggiata a doppio senso;Bagnato (pioggia);Asfaltata;Verticale ed orizzontale;Pioggia in atto;Intenso;Buona;Sufficiente;0;0;0;2;12.5082;41.8769;-1;2;Motociclo a solo;In marcia / fermata / arresto;Conducente;M;Illeso;0;;Non accertato;
4192459;11;23/01/2019 09:00:00;Strada Urbana;VIA DI VIGNA MURATA;in prossimità;;del civico n.;98;;Scontro frontale/laterale SX fra veicoli in marcia;Rettilineo;Una carreggiata a doppio senso;Bagnato (umidità in atto);Asfaltata;Verticale ed orizzontale;Sereno;Normale;Buona;Ore Diurne;1;0;0;1;12.4897;41.8258;-1;1;Motociclo a solo;In marcia / fermata / arresto;Conducente;M;Rifiuta cure immediate;0;NON DECEDUTO;Non accertato;
4192459;11;23/01/2019 09:00:00;Strada Urbana;VIA DI VIGNA MURATA;in prossimità;;del civico n.;98;;Scontro frontale/laterale SX fra veicoli in marcia;Rettilineo;Una carreggiata a doppio senso;Bagnato (umidità in atto);Asfaltata;Verticale ed orizzontale;Sereno;Normale;Buona;Ore Diurne;1;0;0;1;12.4897;41.8258;-1;2;Autovettura privata;In marcia / fermata / arresto;Conducente;M;Illeso;0;;Non accertato;
4192462;11;23/01/2019 07:20:00;Strada Urbana;VIA CRISTOFORO COLOMBO;da specificare;;;;prossimità Via Capitan Bavastro dir.EUR;Tamponamento;Rettilineo;Una carreggiata a senso unico di marcia;Viscido da liquidi oleosi;Asfaltata;Verticale ed orizzontale;Sereno;Normale;Buona;Ore Diurne;1;0;0;1;12.4961;41.8697;-1;1;Autovettura privata;In marcia / fermata / arresto;Conducente;F;Illeso;0;;Non accertato;
4192462;11;23/01/2019 07:20:00;Strada Urbana;VIA CRISTOFORO COLOMBO;da specificare;;;;prossimità Via Capitan Bavastro dir.EUR;Tamponamento;Rettilineo;Una carreggiata a senso unico di marcia;Viscido da liquidi oleosi;Asfaltata;Verticale ed orizzontale;Sereno;Normale;Buona;Ore Diurne;1;0;0;1;12.4961;41.8697;-1;2;Motociclo a solo;In marcia / fermata / arresto;Conducente;M;Rimandato;0;NON DECEDUTO;;
4192467;5;23/01/2019 06:40:00;;VIA DEI MONTI TIBURTINI;all'intersezione semaforizzata con;VIA DEI DURANTINI;VIA DEI DURANTINI;;;Investimento di pedone;;;;;;;;;;0;0;0;1;12.5431;41.9172;0;;;;Pedone;M;Illeso;0;;;
4192467;5;23/01/2019 06:40:00;;VIA DEI MONTI TIBURTINI;all'intersezione semaforizzata con;VIA DEI DURANTINI;VIA DEI DURANTINI;;;Investimento di pedone;;;;;;;;;;0;0;0;1;12.5431;41.9172;0;1;Autovettura privata;In marcia / fermata / arresto;;;;;;;
4192485;8;23/01/2019 18:00:00;Strada Urbana;VIA DI FONTANA CANDIDA;in corrispondenza;;del civico n.;106;;Scontro frontale/laterale SX fra veicoli in marcia;Rettilineo;Una carreggiata a doppio senso;Bagnato (pioggia);Asfaltata;Orizzontale;Pioggia in atto;Normale;Sufficiente;Sufficiente;0;0;0;2;12.6913;41.8565;-1;1;Autovettura privata;In marcia / fermata / arresto;Conducente;M;Illeso;0;;Non accertato;
4192485;8;23/01/2019 18:00:00;Strada Urbana;VIA DI FONTANA CANDIDA;in corrispondenza;;del civico n.;106;;Scontro frontale/laterale SX fra veicoli in marcia;Rettilineo;Una carreggiata a doppio senso;Bagnato (pioggia);Asfaltata;Orizzontale;Pioggia in atto;Normale;Sufficiente;Sufficiente;0;0;0;2;12.6913;41.8565;-1;2;Autovettura privata;In marcia / fermata / arresto;Conducente;M;Illeso;0;;Non accertato;
4192489;8;23/01/2019 08:45:00;Strada Urbana;VIA CASILINA;all'intersezione con;VIA PIETRO BELON;VIA PIETRO BELON;;;Scontro frontale/laterale SX fra veicoli in marcia;Intersezione semaforizzata;Una carreggiata a doppio senso;Bagnato (umidità in atto);Asfaltata;Verticale ed orizzontale;Sereno;Normale;Buona;Ore Diurne;1;0;0;1;12.5907;41.8706;-1;1;Motociclo a solo;In marcia / fermata / arresto;Conducente;M;Rifiuta cure immediate;0;NON DECEDUTO;Non accertato;
4192489;8;23/01/2019 08:45:00;Strada Urbana;VIA CASILINA;all'intersezione con;VIA PIETRO BELON;VIA PIETRO BELON;;;Scontro frontale/laterale SX fra veicoli in marcia;Intersezione semaforizzata;Una carreggiata a doppio senso;Bagnato (umidità in atto);Asfaltata;Verticale ed orizzontale;Sereno;Normale;Buona;Ore Diurne;1;0;0;1;12.5907;41.8706;-1;2;Autovettura privata;In marcia / fermata / arresto;Conducente;M;Illeso;0;;Non accertato;Inesploso
4192495;5;23/01/2019 13:00:00;Strada Urbana;VIA ALFONSO TORELLI;in corrispondenza;;del civico n.;9;;Scontro frontale/laterale DX fra veicoli in marcia;Rettilineo;Una carreggiata a doppio senso;Asciutto;Asfaltata;Orizzontale;Nuvoloso;Normale;Buona;Ore Diurne;0;0;0;2;12.5385;41.8997;-1;1;Autocarro inferiore 35 q.;In marcia / fermata / arresto;Conducente;M;Illeso;0;;Non accertato;
4192495;5;23/01/2019 13:00:00;Strada Urbana;VIA ALFONSO TORELLI;in corrispondenza;;del civico n.;9;;Scontro frontale/laterale DX fra veicoli in marcia;Rettilineo;Una carreggiata a doppio senso;Asciutto;Asfaltata;Orizzontale;Nuvoloso;Normale;Buona;Ore Diurne;0;0;0;2;12.5385;41.8997;-1;2;Autocarro inferiore 35 q.;In marcia / fermata / arresto;Conducente;M;Illeso;0;;Non accertato;
4192508;11;23/01/2019 13:15:00;Strada Urbana;VIA ARDEATINA;da specificare;;;;incrocio rampa di accesso al G.R.A. direzione Eur;Scontro frontale/laterale DX fra veicoli in marcia;Rettilineo;Una carreggiata a doppio senso;Asciutto;Asfaltata;Verticale ed orizzontale;Nuvoloso;Normale;Buona;Ore Diurne;1;0;0;1;12.5351;41.7977;-1;1;Autovettura pubblica;In marcia / fermata / arresto;Conducente;M;Illeso;0;;Non accertato;
4192508;11;23/01/2019 13:15:00;Strada Urbana;VIA ARDEATINA;da specificare;;;;incrocio rampa di accesso al G.R.A. direzione Eur;Scontro frontale/laterale DX fra veicoli in marcia;Rettilineo;Una carreggiata a doppio senso;Asciutto;Asfaltata;Verticale ed orizzontale;Nuvoloso;Normale;Buona;Ore Diurne;1;0;0;1;12.5351;41.7977;-1;2;Autovettura privata;In marcia / fermata / arresto;Conducente;M;Rimandato;0;NON DECEDUTO;Non accertato;
4192510;8;23/01/2019 09:45:00;Provinciale entro l'abitato;VIA POLENSE;all'intersezione con;VIA CAVUCCIO;VIA CAVUCCIO;;;Veicolo in marcia contro veicolo arresto;Intersezione semaforizzata;Una carreggiata a doppio senso;Bagnato (pioggia);Asfaltata;Verticale ed orizzontale;Nuvoloso;Normale;Buona;Ore Diurne;1;0;0;2;12.7103;41.9053;-1;1;Autovettura privata;In marcia / fermata / arresto;Conducente;M;Rifiuta cure immediate;0;NON DECEDUTO;Non accertato;Inesploso
4192510;8;23/01/2019 09:45:00;Provinciale entro l'abitato;VIA POLENSE;all'intersezione con;VIA CAVUCCIO;VIA CAVUCCIO;;;Veicolo in marcia contro veicolo arresto;Intersezione semaforizzata;Una carreggiata a doppio senso;Bagnato (pioggia);Asfaltata;Verticale ed orizzontale;Nuvoloso;Normale;Buona;Ore Diurne;1;0;0;2;12.7103;41.9053;-1;1;Autovettura privata;In marcia / fermata / arresto;Passeggero;M;Illeso;0;;Non accertato;Inesploso
4192510;8;23/01/2019 09:45:00;Provinciale entro l'abitato;VIA POLENSE;all'intersezione con;VIA CAVUCCIO;VIA CAVUCCIO;;;Veicolo in marcia contro veicolo arresto;Intersezione semaforizzata;Una carreggiata a doppio senso;Bagnato (pioggia);Asfaltata;Verticale ed orizzontale;Nuvoloso;Normale;Buona;Ore Diurne;1;0;0;2;12.7103;41.9053;-1;2;Autovettura privata;In marcia / fermata / arresto;Conducente;F;Illeso;0;;Non accertato;Inesploso
4192514;5;23/01/2019 14:10:00;Strada Urbana;VIA CARLO AMORETTI;all'intersezione con;VIA DEI DURANTINI;VIA DEI DURANTINI;;;Scontro frontale/laterale SX fra veicoli in marcia;Incrocio;Una carreggiata a doppio senso;Asciutto;Asfaltata;Verticale ed orizzontale;Nuvoloso;Normale;Buona;Ore Diurne;1;0;0;1;12.5417;41.9144;-1;1;Autovettura pubblica;In marcia / fermata / arresto;Conducente;M;Illeso;0;;;Inesploso
4192514;5;23/01/2019 14:10:00;Strada Urbana;VIA CARLO AMORETTI;all'intersezione con;VIA DEI DURANTINI;VIA DEI DURANTINI;;;Scontro frontale/laterale SX fra veicoli in marcia;Incrocio;Una carreggiata a doppio senso;Asciutto;Asfaltata;Verticale ed orizzontale;Nuvoloso;Normale;Buona;Ore Diurne;1;0;0;1;12.5417;41.9144;-1;2;Motociclo a solo;In marcia / fermata / arresto;Conducente;M;Ricoverato;0;NON DECEDUTO;Non accertato;
4192517;8;23/01/2019 17:30:00;Strada Urbana;VIA POLENSE;da specificare;;;;pross. Via Valle Castiglione;Investimento di pedone;Rettilineo;Una carreggiata a doppio senso;Bagnato (pioggia);Asfaltata;Verticale ed orizzontale;Pioggia in atto;Normale;Insufficiente;Inesistente;0;0;0;2;12.7077;41.9017;-1;;;;Pedone;M;Illeso;0;;;
4192517;8;23/01/2019 17:30:00;Strada Urbana;VIA POLENSE;da specificare;;;;pross. Via Valle Castiglione;Investimento di pedone;Rettilineo;Una carreggiata a doppio senso;Bagnato (pioggia);Asfaltata;Verticale ed orizzontale;Pioggia in atto;Normale;Insufficiente;Inesistente;0;0;0;2;12.7077;41.9017;-1;1;Autovettura privata;In marcia / fermata / arresto;Conducente;M;Illeso;0;;;
4192518;11;23/01/2019 07:35:00;Strada Urbana;VIA CRISTOFORO COLOMBO;da specificare;;;;in prossimità di via Genocchi;Infortunio per caduta del veicolo;Rettilineo;Una carreggiata a senso unico di marcia;Bagnato (umidità in atto);Asfaltata;Verticale ed orizzontale;Nuvoloso;Normale;Buona;Ore Diurne;1;0;0;0;12.4963;41.8588;-1;1;Motociclo a solo;In marcia / fermata / arresto;Conducente;M;Rimandato;0;NON DECEDUTO;;
4192521;8;23/01/2019 15:55:00;Strada Urbana;VIA CALTAGIRONE;in prossimità;;del civico n.;436;;Investimento di pedone;Rettilineo;Due carreggiate;Bagnato (pioggia);Asfaltata;Verticale ed orizzontale;Pioggia in atto;Normale;Buona;Ore Diurne;1;0;0;1;12.6536;41.9112;-1;;;;Pedone;F;Rimandato;0;NON DECEDUTO;;
4192521;8;23/01/2019 15:55:00;Strada Urbana;VIA CALTAGIRONE;in prossimità;;del civico n.;436;;Investimento di pedone;Rettilineo;Due carreggiate;Bagnato (pioggia);Asfaltata;Verticale ed orizzontale;Pioggia in atto;Normale;Buona;Ore Diurne;1;0;0;1;12.6536;41.9112;-1;1;Autovettura privata;In marcia / fermata / arresto;Conducente;M;Illeso;0;;Non accertato;Inesploso
4192530;8;23/01/2019 14:00:00;Strada Urbana;VIA SICULIANA;all'intersezione con;VIA TERMINI IMERESE;VIA TERMINI IMERESE;;;Scontro frontale/laterale DX fra veicoli in marcia;Incrocio;Una carreggiata a doppio senso;Bagnato (pioggia);Strada pavimentata dissestata;Verticale;Nuvoloso;Normale;Sufficiente;Ore Diurne;2;0;0;1;12.6538;41.8715;-1;1;Autovettura privata;In marcia / fermata / arresto;Conducente;M;Illeso;0;;;