Protocollo;Gruppo;DataOraIncidente;Localizzazione1;STRADA1;Localizzazione2;STRADA2;Strada02;Chilometrica;DaSpecificare;NaturaIncidente;particolaritastrade;TipoStrada;FondoStradale;Pavimentazione;Segnaletica;CondizioneAtmosferica;Traffico;Visibilita;Illuminazione;NUM_FERITI;NUM_RISERVATA;NUM_MORTI;NUM_ILLESI;Longitudine;Latitudine;Confermato;Progressivo;TipoVeicolo;StatoVeicolo;TipoPersona;Sesso;Tipolesione;Deceduto;DecedutoDopo;CinturaCascoUtilizzato;Airbag;
4192530;8;23/01/2019 14:00:00;Strada Urbana;VIA SICULIANA;all'intersezione con;VIA TERMINI IMERESE;VIA TERMINI IMERESE;;;Scontro frontale/laterale DX fra veicoli in marcia;Incrocio;Una carreggiata a doppio senso;Bagnato (pioggia);Strada pavimentata dissestata;Verticale;Nuvoloso;Normale;Sufficiente;Ore Diurne;2;0;0;1;12.6538;41.8715;-1;1;Autovettura privata;In marcia / fermata / arresto;Passeggero;F;Rifiuta cure immediate;0;NON DECEDUTO;;
4192530;8;23/01/2019 14:00:00;Strada Urbana;VIA SICULIANA;all'intersezione con;VIA TERMINI IMERESE;VIA TERMINI IMERESE;;;Scontro frontale/laterale DX fra veicoli in marcia;Incrocio;Una carreggiata a doppio senso;Bagnato (pioggia);Strada pavimentata dissestata;Verticale;Nuvoloso;Normale;Sufficiente;Ore Diurne;2;0;0;1;12.6538;41.8715;-1;2;Motociclo a solo;In marcia / fermata / arresto;Conducente;M;Rifiuta cure immediate;0;NON DECEDUTO;;
4192544;20;23/01/2019 09:15:00;Regionale entro l'abitato;VIA CASSIA;da specificare;;;;prossimità fronte civico 490;Tamponamento Multiplo;Rettilineo;Una carreggiata a doppio senso;Bagnato (umidità in atto);Asfaltata;Orizzontale;Sereno;Normale;Sufficiente;Ore Diurne;0;0;0;4;12.4542;41.9588;-1;1;Autovettura privata;In marcia / fermata / arresto;Conducente;M;Illeso;0;;Non accertato;Inesploso
4192544;20;23/01/2019 09:15:00;Regionale entro l'abitato;VIA CASSIA;da specificare;;;;prossimità fronte civico 490;Tamponamento Multiplo;Rettilineo;Una carreggiata a doppio senso;Bagnato (umidità in atto);Asfaltata;Orizzontale;Sereno;Normale;Sufficiente;Ore Diurne;0;0;0;4;12.4542;41.9588;-1;2;Autovettura privata;In marcia / fermata / arresto;Conducente;M;Illeso;0;;Non accertato;Inesploso
4192544;20;23/01/2019 09:15:00;Regionale entro l'abitato;VIA CASSIA;da specificare;;;;prossimità fronte civico 490;Tamponamento Multiplo;Rettilineo;Una carreggiata a doppio senso;Bagnato (umidità in atto);Asfaltata;Orizzontale;Sereno;Normale;Sufficiente;Ore Diurne;0;0;0;4;12.4542;41.9588;-1;3;Autovettura privata;In marcia / fermata / arresto;Conducente;M;Illeso;0;;Non accertato;Inesploso
4192544;20;23/01/2019 09:15:00;Regionale entro l'abitato;VIA CASSIA;da specificare;;;;prossimità fronte civico 490;Tamponamento Multiplo;Rettilineo;Una carreggiata a doppio senso;Bagnato (umidità in atto);Asfaltata;Orizzontale;Sereno;Normale;Sufficiente;Ore Diurne;0;0;0;4;12.4542;41.9588;-1;4;Autovettura privata;In marcia / fermata / arresto;Conducente;M;Illeso;0;;Non accertato;Inesploso
4192548;11;23/01/2019 09:15:00;Strada Urbana;VIA OSTIENSE;in prossimità;;del civico n.;116;;Tamponamento Multiplo;Rettilineo;Una carreggiata a senso unico di marcia;Bagnato (umidità in atto);Asfaltata;Verticale ed orizzontale;Nuvoloso;Normale;Buona;Ore Diurne;0;0;0;5;12.4789;41.8665;-1;1;Autovettura privata;In marcia / fermata / arresto;Conducente;M;Illeso;0;;Non accertato;
4192548;11;23/01/2019 09:15:00;Strada Urbana;VIA OSTIENSE;in prossimità;;del civico n.;116;;Tamponamento Multiplo;Rettilineo;Una carreggiata a senso unico di marcia;Bagnato (umidità in atto);Asfaltata;Verticale ed orizzontale;Nuvoloso;Normale;Buona;Ore Diurne;0;0;0;5;12.4789;41.8665;-1;2;Autovettura privata;In marcia / fermata / arresto;Conducente;F;Illeso;0;;;
4192548;11;23/01/2019 09:15:00;Strada Urbana;VIA OSTIENSE;in prossimità;;del civico n.;116;;Tamponamento Multiplo;Rettilineo;Una carreggiata a senso unico di marcia;Bagnato (umidità in atto);Asfaltata;Verticale ed orizzontale;Nuvoloso;Normale;Buona;Ore Diurne;0;0;0;5;12.4789;41.8665;-1;3;Autovettura privata;In marcia / fermata / arresto;Conducente;F;Illeso;0;;;
4192548;11;23/01/2019 09:15:00;Strada Urbana;VIA OSTIENSE;in prossimità;;del civico n.;116;;Tamponamento Multiplo;Rettilineo;Una carreggiata a senso unico di marcia;Bagnato (umidità in atto);Asfaltata;Verticale ed orizzontale;Nuvoloso;Normale;Buona;Ore Diurne;0;0;0;5;12.4789;41.8665;-1;4;Autovettura privata;In marcia / fermata / arresto;Conducente;M;Illeso;0;;Non accertato;
4192548;11;23/01/2019 09:15:00;Strada Urbana;VIA OSTIENSE;in prossimità;;del civico n.;116;;Tamponamento Multiplo;Rettilineo;Una carreggiata a senso unico di marcia;Bagnato (umidità in atto);Asfaltata;Verticale ed orizzontale;Nuvoloso;Normale;Buona;Ore Diurne;0;0;0;5;12.4789;41.8665;-1;5;Autovettura privata;In marcia / fermata / arresto;Conducente;F;Illeso;0;;;
4192554;12;24/01/2019 06:50:00;Provinciale entro l'abitato;VIA LAURENTINA;da specificare;;;;dir. Roma alt. fermata Atac Torretta/Vallerano;Veicolo in marcia contro ostacolo accidentale;Rettilineo;Due carreggiate;Bagnato (umidità in atto);Asfaltata;Verticale ed orizzontale;Nuvoloso;Normale;Insufficiente;Insufficiente;0;0;0;1;12.4813;41.7913;-1;1;Motociclo a solo;In marcia / fermata / arresto;Conducente;M;Illeso;0;;Utilizzato;
4192555;11;23/01/2019 08:10:00;Strada Urbana;VIA CRISTOFORO COLOMBO;in prossimità;;del palo luce n.;75;;Infortunio per caduta del veicolo;Rettilineo;Più di due carreggiate;Viscido da liquidi oleosi;Asfaltata;Verticale ed orizzontale;Nuvoloso;Intenso;Buona;Ore Diurne;0;0;0;5;12.4751;41.8423;-1;1;Autovettura privata;In marcia / fermata / arresto;Conducente;F;Illeso;0;;;
4192555;11;23/01/2019 08:10:00;Strada Urbana;VIA CRISTOFORO COLOMBO;in prossimità;;del palo luce n.;75;;Infortunio per caduta del veicolo;Rettilineo;Più di due carreggiate;Viscido da liquidi oleosi;Asfaltata;Verticale ed orizzontale;Nuvoloso;Intenso;Buona;Ore Diurne;0;0;0;5;12.4751;41.8423;-1;2;Autovettura privata;In marcia / fermata / arresto;Conducente;F;Illeso;0;;;
4192555;11;23/01/2019 08:10:00;Strada Urbana;VIA CRISTOFORO COLOMBO;in prossimità;;del palo luce n.;75;;Infortunio per caduta del veicolo;Rettilineo;Più di due carreggiate;Viscido da liquidi oleosi;Asfaltata;Verticale ed orizzontale;Nuvoloso;Intenso;Buona;Ore Diurne;0;0;0;5;12.4751;41.8423;-1;3;Autovettura privata;In marcia / fermata / arresto;Conducente;F;Illeso;0;;;
4192555;11;23/01/2019 08:10:00;Strada Urbana;VIA CRISTOFORO COLOMBO;in prossimità;;del palo luce n.;75;;Infortunio per caduta del veicolo;Rettilineo;Più di due carreggiate;Viscido da liquidi oleosi;Asfaltata;Verticale ed orizzontale;Nuvoloso;Intenso;Buona;Ore Diurne;0;0;0;5;12.4751;41.8423;-1;4;Motociclo a solo;In marcia / fermata / arresto;Conducente;M;Illeso;0;;;
4192555;11;23/01/2019 08:10:00;Strada Urbana;VIA CRISTOFORO COLOMBO;in prossimità;;del palo luce n.;75;;Infortunio per caduta del veicolo;Rettilineo;Più di due carreggiate;Viscido da liquidi oleosi;Asfaltata;Verticale ed orizzontale;Nuvoloso;Intenso;Buona;Ore Diurne;0;0;0;5;12.4751;41.8423;-1;5;Motociclo a solo;In marcia / fermata / arresto;Conducente;M;Illeso;0;;;
4192557;20;23/01/2019 18:35:00;Strada Urbana;VIALE DELLE GALLINE BIANCHE;da specificare;;;;prossimità Piazza Arcisate;Investimento di pedone;Rettilineo;Due carreggiate;Bagnato (pioggia);Asfaltata;Verticale ed orizzontale;Pioggia in atto;Normale;Buona;Sufficiente;0;1;0;2;12.4859;41.9969;-1;;;;Pedone;F;Prognosi riservata;0;NON DECEDUTO;;
4192557;20;23/01/2019 18:35:00;Strada Urbana;VIALE DELLE GALLINE BIANCHE;da specificare;;;;prossimità Piazza Arcisate;Investimento di pedone;Rettilineo;Due carreggiate;Bagnato (pioggia);Asfaltata;Verticale ed orizzontale;Pioggia in atto;Normale;Buona;Sufficiente;0;1;0;2;12.4859;41.9969;-1;1;Autovettura privata;In marcia / fermata / arresto;Conducente;M;Illeso;0;;Non accertato;Inesistente
4192557;20;23/01/2019 18:35:00;Strada Urbana;VIALE DELLE GALLINE BIANCHE;da specificare;;;;prossimità Piazza Arcisate;Investimento di pedone;Rettilineo;Due carreggiate;Bagnato (pioggia);Asfaltata;Verticale ed orizzontale;Pioggia in atto;Normale;Buona;Sufficiente;0;1;0;2;12.4859;41.9969;-1;1;Autovettura privata;In marcia / fermata / arresto;Passeggero;F;Illeso;0;;Non accertato;Inesistente
4192566;13;23/01/2019 15:50:00;Strada Urbana;VIA MAR ROSSO;in prossimità;;del civico n.;193;;Scontro laterale fra veicoli in marcia;Rettilineo;Una carreggiata a doppio senso;Bagnato (pioggia);Asfaltata;Verticale ed orizzontale;Pioggia in atto;Scarso;Buona;Ore Diurne;0;0;0;2;12.3002;41.7333;-1;1;Autovettura privata;In marcia / fermata / arresto;Conducente;F;Illeso;0;;Non accertato;Inesploso
4192566;13;23/01/2019 15:50:00;Strada Urbana;VIA MAR ROSSO;in prossimità;;del civico n.;193;;Scontro laterale fra veicoli in marcia;Rettilineo;Una carreggiata a doppio senso;Bagnato (pioggia);Asfaltata;Verticale ed orizzontale;Pioggia in atto;Scarso;Buona;Ore Diurne;0;0;0;2;12.3002;41.7333;-1;2;Autovettura privata;In marcia / fermata / arresto;Conducente;M;Illeso;0;;Non accertato;Inesploso
4192568;13;22/01/2019 12:00:00;Strada Urbana;VIA CAPO SPARTIVENTO;in corrispondenza;;del civico n.;143;;Veicolo in marcia contro veicoli in sosta;Rettilineo;Due carreggiate;Asciutto;Asfaltata;Assente;Sereno;Normale;Buona;Ore Diurne;0;0;0;0;12.2865;41.7388;-1;1;Autovettura privata;Sosta;;;;;;;
4192568;13;22/01/2019 12:00:00;Strada Urbana;VIA CAPO SPARTIVENTO;in corrispondenza;;del civico n.;143;;Veicolo in marcia contro veicoli in sosta;Rettilineo;Due carreggiate;Asciutto;Asfaltata;Assente;Sereno;Normale;Buona;Ore Diurne;0;0;0;0;12.2865;41.7388;-1;2;Autovettura privata;In marcia / fermata / arresto;;;;;;;
4192570;6;23/01/2019 19:15:00;Strada Urbana;VIA DI ACQUA BULLICANTE;in prossimità;;del civico n.;439;;Investimento di pedone;Rettilineo;Una carreggiata a doppio senso;Bagnato (pioggia);Asfaltata;Orizzontale;Pioggia in atto;Normale;Sufficiente;Sufficiente;1;0;0;1;12.5418;41.8918;-1;;;;Pedone;M;Rimandato;0;NON DECEDUTO;;
4192570;6;23/01/2019 19:15:00;Strada Urbana;VIA DI ACQUA BULLICANTE;in prossimità;;del civico n.;439;;Investimento di pedone;Rettilineo;Una carreggiata a doppio senso;Bagnato (pioggia);Asfaltata;Orizzontale;Pioggia in atto;Normale;Sufficiente;Sufficiente;1;0;0;1;12.5418;41.8918;-1;1;Motociclo a solo;In marcia / fermata / arresto;Conducente;F;Illeso;0;;Non accertato;
4192575;13;23/01/2019 18:35:00;Strada Urbana;VIA PIETRO ROSA;all'intersezione con;CORSO REGINA MARIA PIA;CORSO REGINA MARIA PIA;;;Scontro frontale/laterale SX fra veicoli in marcia;Intersezione non regolata/non segnalata;Una carreggiata a doppio senso;Bagnato (pioggia);Asfaltata;Verticale ed orizzontale;Pioggia in atto;Normale;Sufficiente;Sufficiente;0;0;0;2;12.2845;41.7295;-1;1;Autovettura privata;In marcia / fermata / arresto;Conducente;F;Illeso;0;;Non accertato;Inesploso
4192575;13;23/01/2019 18:35:00;Strada Urbana;VIA PIETRO ROSA;all'intersezione con;CORSO REGINA MARIA PIA;CORSO REGINA MARIA PIA;;;Scontro frontale/laterale SX fra veicoli in marcia;Intersezione non regolata/non segnalata;Una carreggiata a doppio senso;Bagnato (pioggia);Asfaltata;Verticale ed orizzontale;Pioggia in atto;Normale;Sufficiente;Sufficiente;0;0;0;2;12.2845;41.7295;-1;2;Autovettura privata;In marcia / fermata / arresto;Conducente;M;Illeso;0;;Non accertato;Inesploso
4192577;13;23/01/2019 09:00:00;Strada Urbana;VIA PIETRO ROSA;all'intersezione con;CORSO REGINA MARIA PIA;CORSO REGINA MARIA PIA;;;Scontro frontale/laterale DX fra veicoli in marcia;Incrocio;Una carreggiata a doppio senso;Bagnato (pioggia);Asfaltata;Verticale ed orizzontale;Nuvoloso;Normale;Buona;Ore Diurne;0;0;0;2;12.2845;41.7295;-1;1;Autovettura privata;In marcia / fermata / arresto;Conducente;M;Illeso;0;;Non accertato;Inesploso
4192577;13;23/01/2019 09:00:00;Strada Urbana;VIA PIETRO ROSA;all'intersezione con;CORSO REGINA MARIA PIA;CORSO REGINA MARIA PIA;;;Scontro frontale/laterale DX fra veicoli in marcia;Incrocio;Una carreggiata a doppio senso;Bagnato (pioggia);Asfaltata;Verticale ed orizzontale;Nuvoloso;Normale;Buona;Ore Diurne;0;0;0;2;12.2845;41.7295;-1;2;Autovettura privata;In marcia / fermata / arresto;Conducente;F;Illeso;0;;Non accertato;Inesploso
4192581;13;23/01/2019 18:50:00;Strada Urbana;VIA DI DRAGONCELLO;all'intersezione con;VIALE ALESSANDRO RUSPOLI;VIALE ALESSANDRO RUSPOLI;;;Scontro frontale/laterale DX fra veicoli in marcia;Incrocio;Una carreggiata a doppio senso;Bagnato (pioggia);Asfaltata;Verticale ed orizzontale;Pioggia in atto;Normale;Buona;Sufficiente;1;0;0;1;12.3486;41.7869;-1;1;Autovettura privata;In marcia / fermata / arresto;Conducente;M;Illeso;0;;Non accertato;Inesploso
4192581;13;23/01/2019 18:50:00;Strada Urbana;VIA DI DRAGONCELLO;all'intersezione con;VIALE ALESSANDRO RUSPOLI;VIALE ALESSANDRO RUSPOLI;;;Scontro frontale/laterale DX fra veicoli in marcia;Incrocio;Una carreggiata a doppio senso;Bagnato (pioggia);Asfaltata;Verticale ed orizzontale;Pioggia in atto;Normale;Buona;Sufficiente;1;0;0;1;12.3486;41.7869;-1;2;Autovettura privata;In marcia / fermata / arresto;Conducente;M;Rimandato;0;NON DECEDUTO;Non accertato;Inesploso
4192582;7;23/01/2019 09:40:00;Strada Urbana;VIALE PALMIRO TOGLIATTI;da specificare;;;;cavalcavia prov Collatina dir. Prenestina;Veicolo in marcia contro ostacolo fisso;Rettilineo;Una carreggiata a senso unico di marcia;Asciutto;Asfaltata;Verticale ed orizzontale;Sereno;Normale;Buona;Ore Diurne;0;0;0;1;12.5739;41.9025;-1;1;Autovettura privata;In marcia / fermata / arresto;Conducente;M;Illeso;0;;Non accertato;Inesploso
4192584;13;23/01/2019 15:35:00;Strada Urbana;VIA VINCENZO PETRA;in corrispondenza;;del civico n.;9;;Veicolo in marcia contro ostacolo accidentale;Curva a visuale libera;Una carreggiata a doppio senso;Bagnato (pioggia);Con buche;Orizzontale;Pioggia in atto;Normale;Sufficiente;Ore Diurne;0;0;0;2;12.3445;41.7878;-1;1;Autovettura privata;In marcia / fermata / arresto;Conducente;M;Illeso;0;;Non accertato;Inesploso
4192584;13;23/01/2019 15:35:00;Strada Urbana;VIA VINCENZO PETRA;in corrispondenza;;del civico n.;9;;Veicolo in marcia contro ostacolo accidentale;Curva a visuale libera;Una carreggiata a doppio senso;Bagnato (pioggia);Con buche;Orizzontale;Pioggia in atto;Normale;Sufficiente;Ore Diurne;0;0;0;2;12.3445;41.7878;-1;1;Autovettura privata;In marcia / fermata / arresto;Passeggero;M;Illeso;0;;Non accertato;Inesploso
4192586;13;23/01/2019 14:30:00;Strada Urbana;VIALE GORGIA DI LEONTINI;in corrispondenza;;del civico n.;154;;Veicolo in marcia contro veicolo in sosta;Curva a visuale libera;Due carreggiate;Bagnato (pioggia);Asfaltata;Assente;Pioggia in atto;Scarso;Insufficiente;Ore Diurne;0;0;0;1;12.3622;41.7547;-1;1;Autovettura privata;In marcia / fermata / arresto;Conducente;F;Illeso;0;;Non accertato;Esploso
4192586;13;23/01/2019 14:30:00;Strada Urbana;VIALE GORGIA DI LEONTINI;in corrispondenza;;del civico n.;154;;Veicolo in marcia contro veicolo in sosta;Curva a visuale libera;Due carreggiate;Bagnato (pioggia);Asfaltata;Assente;Pioggia in atto;Scarso;Insufficiente;Ore Diurne;0;0;0;1;12.3622;41.7547;-1;2;Autovettura privata;Sosta;;;;;;;
4192588;1;23/01/2019 17:15:00;Strada Urbana;PIAZZALE OSTIENSE;da specificare;;;;fronte civico 6;Investimento di pedone;Rettilineo;Una carreggiata a doppio senso;Bagnato (pioggia);Asfaltata;Verticale ed orizzontale;Pioggia in atto;Normale;Sufficiente;Sufficiente;1;0;0;1;12.482;41.8762;-1;;;;Pedone;F;Rimandato;0;NON DECEDUTO;;
4192588;1;23/01/2019 17:15:00;Strada Urbana;PIAZZALE OSTIENSE;da specificare;;;;fronte civico 6;Investimento di pedone;Rettilineo;Una carreggiata a doppio senso;Bagnato (pioggia);Asfaltata;Verticale ed orizzontale;Pioggia in atto;Normale;Sufficiente;Sufficiente;1;0;0;1;12.482;41.8762;-1;1;Autovettura privata;In marcia / fermata / arresto;Conducente;M;Illeso;0;;Non accertato;Inesploso
4192592;12;23/01/2019 18:40:00;Strada Urbana;VIA DELLA FALCOGNANA;da specificare;;;;altezza civ. 26;Veicolo in marcia contro ostacolo accidentale;Rettilineo;Una carreggiata a doppio senso;Bagnato (pioggia);Asfaltata;Assente;Pioggia in atto;Normale;Insufficiente;Inesistente;0;0;0;1;12.5854;41.7709;-1;1;Autovettura privata;In marcia / fermata / arresto;Conducente;F;Illeso;0;;;
4192593;12;23/01/2019 17:00:00;Strada Urbana;VIA CINA;in prossimità;;del civico n.;454;;Investimento di pedone;Rettilineo;Una carreggiata a doppio senso;Bagnato (pioggia);Con buche;Verticale ed orizzontale;Pioggia in atto;Normale;Sufficiente;Sufficiente;1;0;0;1;12.4323;41.8114;-1;;;;Pedone;M;Rimandato;0;NON DECEDUTO;;
4192593;12;23/01/2019 17:00:00;Strada Urbana;VIA CINA;in prossimità;;del civico n.;454;;Investimento di pedone;Rettilineo;Una carreggiata a doppio senso;Bagnato (pioggia);Con buche;Verticale ed orizzontale;Pioggia in atto;Normale;Sufficiente;Sufficiente;1;0;0;1;12.4323;41.8114;-1;1;Autovettura privata;In marcia / fermata / arresto;Conducente;M;Illeso;0;;;
4192611;10;23/01/2019 23:00:00;Strada Urbana;VIA TUSCOLANA;da specificare;;;;100 metri prima del civ. 1032;Scontro laterale fra veicoli in marcia;Rettilineo;Due carreggiate;Bagnato (umidità in atto);Asfaltata;Verticale ed orizzontale;Nuvoloso;Normale;Buona;Sufficiente;0;0;0;5;12.5562;41.86;-1;1;Autovettura privata;In marcia / fermata / arresto;Conducente;F;Illeso;0;;Utilizzato;Inesploso
4192611;10;23/01/2019 23:00:00;Strada Urbana;VIA TUSCOLANA;da specificare;;;;100 metri prima del civ. 1032;Scontro laterale fra veicoli in marcia;Rettilineo;Due carreggiate;Bagnato (umidità in atto);Asfaltata;Verticale ed orizzontale;Nuvoloso;Normale;Buona;Sufficiente;0;0;0;5;12.5562;41.86;-1;1;Autovettura privata;In marcia / fermata / arresto;Passeggero;F;Illeso;0;;Non accertato;Inesploso
4192611;10;23/01/2019 23:00:00;Strada Urbana;VIA TUSCOLANA;da specificare;;;;100 metri prima del civ. 1032;Scontro laterale fra veicoli in marcia;Rettilineo;Due carreggiate;Bagnato (umidità in atto);Asfaltata;Verticale ed orizzontale;Nuvoloso;Normale;Buona;Sufficiente;0;0;0;5;12.5562;41.86;-1;1;Autovettura privata;In marcia / fermata / arresto;Passeggero;F;Illeso;0;;Non accertato;Inesploso
4192611;10;23/01/2019 23:00:00;Strada Urbana;VIA TUSCOLANA;da specificare;;;;100 metri prima del civ. 1032;Scontro laterale fra veicoli in marcia;Rettilineo;Due carreggiate;Bagnato (umidità in atto);Asfaltata;Verticale ed orizzontale;Nuvoloso;Normale;Buona;Sufficiente;0;0;0;5;12.5562;41.86;-1;2;Autovettura privata;In marcia / fermata / arresto;Conducente;M;Illeso;0;;Non accertato;Inesploso
4192611;10;23/01/2019 23:00:00;Strada Urbana;VIA TUSCOLANA;da specificare;;;;100 metri prima del civ. 1032;Scontro laterale fra veicoli in marcia;Rettilineo;Due carreggiate;Bagnato (umidità in atto);Asfaltata;Verticale ed orizzontale;Nuvoloso;Normale;Buona;Sufficiente;0;0;0;5;12.5562;41.86;-1;2;Autovettura privata;In marcia / fermata / arresto;Passeggero;F;Illeso;0;;Non accertato;Inesploso
4192626;1;23/01/2019 23:45:00;Strada Urbana;VIA BALDO DEGLI UBALDI;in prossimità;;del civico n.;334;;Veicolo in marcia contro veicoli in sosta;Rettilineo;Due carreggiate;Bagnato (pioggia);Asfaltata;Verticale ed orizzontale;Nuvoloso;Normale;Buona;Sufficiente;0;0;0;1;12.4398;41.9018;-1;1;Autocarro inferiore 35 q.;In marcia / fermata / arresto;Conducente;M;Illeso;0;;Non accertato;Inesploso
4192626;1;23/01/2019 23:45:00;Strada Urbana;VIA BALDO DEGLI UBALDI;in prossimità;;del civico n.;334;;Veicolo in marcia contro veicoli in sosta;Rettilineo;Due carreggiate;Bagnato (pioggia);Asfaltata;Verticale ed orizzontale;Nuvoloso;Normale;Buona;Sufficiente;0;0;0;1;12.4398;41.9018;-1;2;Autovettura privata;Sosta;;;;;;;
4192626;1;23/01/2019 23:45:00;Strada Urbana;VIA BALDO DEGLI UBALDI;in prossimità;;del civico n.;334;;Veicolo in marcia contro veicoli in sosta;Rettilineo;Due carreggiate;Bagnato (pioggia);Asfaltata;Verticale ed orizzontale;Nuvoloso;Normale;Buona;Sufficiente;0;0;0;1;12.4398;41.9018;-1;3;Autovettura privata;Sosta;;;;;;;
4192626;1;23/01/2019 23:45:00;Strada Urbana;VIA BALDO DEGLI UBALDI;in prossimità;;del civico n.;334;;Veicolo in marcia contro veicoli in sosta;Rettilineo;Due carreggiate;Bagnato (pioggia);Asfaltata;Verticale ed orizzontale;Nuvoloso;Normale;Buona;Sufficiente;0;0;0;1;12.4398;41.9018;-1;4;Autovettura privata;Sosta;;;;;;;
4192634;12;23/01/2019 08:52:00;Regionale entro l'abitato;VIA PONTINA;da specificare;;;;km 11,500 direzione Pomezia;Tamponamento;Rettilineo;Due carreggiate;Asciutto;Asfaltata;Verticale ed orizzontale;Nuvoloso;Normale;Buona;Ore Diurne;1;0;0;1;12.7972;41.5094;-1;1;Autovettura privata;In marcia / fermata / arresto;Conducente;M;Illeso;0;;Utilizzato;Inesploso
4192634;12;23/01/2019 08:52:00;Regionale entro l'abitato;VIA PONTINA;da specificare;;;;km 11,500 direzione Pomezia;Tamponamento;Rettilineo;Due carreggiate;Asciutto;Asfaltata;Verticale ed orizzontale;Nuvoloso;Normale;Buona;Ore Diurne;1;0;0;1;12.7972;41.5094;-1;2;Autovettura privata;In marcia / fermata / arresto;Conducente;M;Rimandato;0;NON DECEDUTO;Utilizzato;Inesploso
4192636;20;23/01/2019 13:15:00;Regionale entro l'abitato;VIA CASSIA;all'intersezione semaforizzata con;VIA IGINO LEGA;VIA IGINO LEGA;;;Tamponamento;Intersezione semaforizzata;Una carreggiata a doppio senso;Bagnato (pioggia);Asfaltata;Verticale;Nuvoloso;Normale;Buona;Ore Diurne;2;0;0;0;12.4162;41.9809;-1;1;Autovettura privata;In marcia / fermata / arresto;Conducente;M;Rimandato;0;NON DECEDUTO;Non accertato;Inesploso
4192636;20;23/01/2019 13:15:00;Regionale entro l'abitato;VIA CASSIA;all'intersezione semaforizzata con;VIA IGINO LEGA;VIA IGINO LEGA;;;Tamponamento;Intersezione semaforizzata;Una carreggiata a doppio senso;Bagnato (pioggia);Asfaltata;Verticale;Nuvoloso;Normale;Buona;Ore Diurne;2;0;0;0;12.4162;41.9809;-1;2;Autocarro inferiore 35 q.;In marcia / fermata / arresto;Conducente;M;Rimandato;0;NON DECEDUTO;Non accertato;
4192637;7;23/01/2019 13:55:00;Strada Urbana;VIALE DELLA PRIMAVERA;in prossimità;;del civico n.;22;;Veicolo in marcia contro veicolo in sosta;Rettilineo;Due carreggiate;Bagnato (pioggia);Asfaltata;Verticale ed orizzontale;Nuvoloso;Normale;Buona;Ore Diurne;0;0;0;1;12.5609;41.8867;-1;1;Autovettura privata;Sosta;;;;;;;
4192637;7;23/01/2019 13:55:00;Strada Urbana;VIALE DELLA PRIMAVERA;in prossimità;;del civico n.;22;;Veicolo in marcia contro veicolo in sosta;Rettilineo;Due carreggiate;Bagnato (pioggia);Asfaltata;Verticale ed orizzontale;Nuvoloso;Normale;Buona;Ore Diurne;0;0;0;1;12.5609;41.8867;-1;2;Autovettura privata;In marcia / fermata / arresto;Conducente;F;Illeso;0;;Non accertato;Inesploso
4192638;13;23/01/2019 18:45:00;Strada Urbana;PIAZZALE AMERIGO VESPUCCI;da specificare;;;;area antistante ristorante 029 ang. area verde dx;Investimento di pedone;Curva a visuale libera;Una carreggiata a doppio senso;Bagnato (pioggia);Asfaltata;Verticale ed orizzontale;Nuvoloso;Scarso;Buona;Sufficiente;1;0;0;2;12.4743;41.8809;-1;;;;Pedone;F;Rimandato;0;NON DECEDUTO;;
4192638;13;23/01/2019 18:45:00;Strada Urbana;PIAZZALE AMERIGO VESPUCCI;da specificare;;;;area antistante ristorante 029 ang. area verde dx;Investimento di pedone;Curva a visuale libera;Una carreggiata a doppio senso;Bagnato (pioggia);Asfaltata;Verticale ed orizzontale;Nuvoloso;Scarso;Buona;Sufficiente;1;0;0;2;12.4743;41.8809;-1;1;Autovettura privata;In marcia / fermata / arresto;Conducente;F;Illeso;0;;Non accertato;Inesploso
4192638;13;23/01/2019 18:45:00;Strada Urbana;PIAZZALE AMERIGO VESPUCCI;da specificare;;;;area antistante ristorante 029 ang. area verde dx;Investimento di pedone;Curva a visuale libera;Una carreggiata a doppio senso;Bagnato (pioggia);Asfaltata;Verticale ed orizzontale;Nuvoloso;Scarso;Buona;Sufficiente;1;0;0;2;12.4743;41.8809;-1;1;Autovettura privata;In marcia / fermata / arresto;Passeggero;M;Illeso;0;;Non accertato;Inesploso
4192642;12;23/01/2019 18:50:00;Strada Urbana;VIA DELLA FALCOGNANA;in prossimità;;del civico n.;26;;Veicolo in marcia contro ostacolo accidentale;Rettilineo;Una carreggiata a doppio senso;Bagnato (pioggia);Asfaltata;Assente;Pioggia in atto;Normale;Insufficiente;Inesistente;0;0;0;1;12.5714;41.7597;-1;1;Autovettura privata;In marcia / fermata / arresto;Conducente;M;Illeso;0;;Utilizzato;Inesploso
4192643;18;23/01/2019 14:45:00;Strada Urbana;VIA GRAZIANO;in prossimità;;del civico n.;69;;Investimento di pedone;Rettilineo;Una carreggiata a senso unico di marcia;Bagnato (pioggia);Asfaltata;Verticale ed orizzontale;Pioggia in atto;Scarso;Sufficiente;Ore Diurne;1;0;0;1;12.4316;41.9007;-1;;;;Pedone;M;Rimandato;0;NON DECEDUTO;;