Protocollo;Gruppo;DataOraIncidente;Localizzazione1;STRADA1;Localizzazione2;STRADA2;Strada02;Chilometrica;DaSpecificare;NaturaIncidente;particolaritastrade;TipoStrada;FondoStradale;Pavimentazione;Segnaletica;CondizioneAtmosferica;Traffico;Visibilita;Illuminazione;NUM_FERITI;NUM_RISERVATA;NUM_MORTI;NUM_ILLESI;Longitudine;Latitudine;Confermato;Progressivo;TipoVeicolo;StatoVeicolo;TipoPersona;Sesso;Tipolesione;Deceduto;DecedutoDopo;CinturaCascoUtilizzato;Airbag;
4192643;18;23/01/2019 14:45:00;Strada Urbana;VIA GRAZIANO;in prossimità;;del civico n.;69;;Investimento di pedone;Rettilineo;Una carreggiata a senso unico di marcia;Bagnato (pioggia);Asfaltata;Verticale ed orizzontale;Pioggia in atto;Scarso;Sufficiente;Ore Diurne;1;0;0;1;12.4316;41.9007;-1;1;Autovettura privata;In marcia / fermata / arresto;Conducente;M;Illeso;0;;;
4192660;10;24/01/2019 00:30:00;Strada Urbana;VIA TUSCOLANA;all'intersezione con;VIA CURZIO RUFO;VIA CURZIO RUFO;;;Scontro laterale fra veicoli in marcia;Intersezione stradale segnalata;Due carreggiate;Bagnato (umidità in atto);Asfaltata;Verticale ed orizzontale;Nuvoloso;Normale;Sufficiente;Sufficiente;0;0;0;2;12.5607;41.8576;-1;1;Autovettura privata;In marcia / fermata / arresto;Conducente;F;Illeso;0;;Non accertato;Inesploso
4192660;10;24/01/2019 00:30:00;Strada Urbana;VIA TUSCOLANA;all'intersezione con;VIA CURZIO RUFO;VIA CURZIO RUFO;;;Scontro laterale fra veicoli in marcia;Intersezione stradale segnalata;Due carreggiate;Bagnato (umidità in atto);Asfaltata;Verticale ed orizzontale;Nuvoloso;Normale;Sufficiente;Sufficiente;0;0;0;2;12.5607;41.8576;-1;2;Autovettura privata;In marcia / fermata / arresto;Conducente;M;Illeso;0;;Non accertato;Esploso
4192663;20;24/01/2019 01:15:00;Regionale entro l'abitato;VIA FLAMINIA;in prossimità;;della chilometrica;11.8;;Veicolo in marcia contro ostacolo fisso;Curva senza visuale libera;Due carreggiate;Bagnato (umidità in atto);Asfaltata;Verticale ed orizzontale;Sereno;Scarso;Sufficiente;Sufficiente;1;0;0;0;12.4871;42.0227;-1;1;Autovettura privata;In marcia / fermata / arresto;Conducente;F;Rimandato;0;NON DECEDUTO;;
4192669;1;23/01/2019 20:00:00;Strada Urbana;LUNGOTEVERE IN AUGUSTA;da specificare;;;;in corrispondenza con Passeggiata di Ripetta;Scontro laterale fra veicoli in marcia;Rettilineo;Una carreggiata a senso unico di marcia;Bagnato (pioggia);Asfaltata;Verticale ed orizzontale;Pioggia in atto;Normale;Sufficiente;Sufficiente;0;0;0;2;12.4748;41.9076;-1;1;Autovettura privata;In marcia / fermata / arresto;Conducente;F;Illeso;0;;;
4192669;1;23/01/2019 20:00:00;Strada Urbana;LUNGOTEVERE IN AUGUSTA;da specificare;;;;in corrispondenza con Passeggiata di Ripetta;Scontro laterale fra veicoli in marcia;Rettilineo;Una carreggiata a senso unico di marcia;Bagnato (pioggia);Asfaltata;Verticale ed orizzontale;Pioggia in atto;Normale;Sufficiente;Sufficiente;0;0;0;2;12.4748;41.9076;-1;2;Autovettura privata;In marcia / fermata / arresto;Conducente;M;Illeso;0;;;
4192671;17;23/01/2019 20:20:00;Statale;VIA CASSIA;da specificare;;;;in prossimità del palo acea 306;Veicolo in marcia contro ostacolo accidentale;Curva a visuale libera;Una carreggiata a senso unico di marcia;Bagnato (pioggia);Asfaltata;Verticale ed orizzontale;Nuvoloso;Normale;Sufficiente;Sufficiente;1;0;0;0;12.4137;41.9828;-1;1;Motociclo a solo;In marcia / fermata / arresto;Conducente;M;Rimandato;0;NON DECEDUTO;;
4192673;4;23/01/2019 14:10:00;Statale entro l'abitato;VIA SALARIA;da specificare;;;;pross.tà cavalcavia Mctc direzione Gra;Veicolo in marcia contro ostacolo accidentale;Rettilineo;Due carreggiate;Bagnato (umidità in atto);Asfaltata;Orizzontale;Nuvoloso;Normale;Sufficiente;Ore Diurne;0;0;0;1;13.0816;42.4174;-1;1;Autovettura privata;In marcia / fermata / arresto;Conducente;M;Illeso;0;;;
4192675;19;23/01/2019 15:35:00;Strada Urbana;VIA DELLA PINETA SACCHETTI;in corrispondenza;;del civico n.;125;;Tamponamento;Rettilineo;Una carreggiata a senso unico di marcia;Bagnato (pioggia);Asfaltata;Verticale ed orizzontale;Pioggia in atto;Scarso;Sufficiente;Ore Diurne;0;0;0;2;12.4224;41.9178;-1;1;Autovettura privata;In marcia / fermata / arresto;Conducente;F;Illeso;0;;Non accertato;Inesploso
4192675;19;23/01/2019 15:35:00;Strada Urbana;VIA DELLA PINETA SACCHETTI;in corrispondenza;;del civico n.;125;;Tamponamento;Rettilineo;Una carreggiata a senso unico di marcia;Bagnato (pioggia);Asfaltata;Verticale ed orizzontale;Pioggia in atto;Scarso;Sufficiente;Ore Diurne;0;0;0;2;12.4224;41.9178;-1;2;Autovettura privata;In marcia / fermata / arresto;Conducente;F;Illeso;0;;Non accertato;Inesploso
4192679;20;23/01/2019 18:10:00;Strada Urbana;VIA DEL FORO ITALICO;da specificare;;;;direzione stadio alt. Corso di Francia;Veicolo in marcia contro ostacolo accidentale;Rettilineo;Due carreggiate;Bagnato (pioggia);Asfaltata;Orizzontale;Pioggia in atto;Normale;Sufficiente;Sufficiente;0;0;0;1;12.4701;41.941;-1;1;Motociclo a solo;In marcia / fermata / arresto;Conducente;M;Illeso;0;;Non accertato;
4192681;15;23/01/2019 17:30:00;Strada Urbana;VIA DELLA PISANA;in prossimità;;del civico n.;425;;Veicolo in marcia contro ostacolo accidentale;Rettilineo;Una carreggiata a doppio senso;Bagnato (pioggia);Asfaltata;Orizzontale;Pioggia in atto;Intenso;Sufficiente;Sufficiente;0;0;0;1;12.4052;41.8628;-1;1;Autovettura privata;In marcia / fermata / arresto;Conducente;M;Illeso;0;;Utilizzato;Inesploso
4192687;13;24/01/2019 06:10:00;Strada Urbana;VIADOTTO ZELIA NUTTALL;da specificare;;;;rampa di immissione su Via Ostiense dir. Roma;Veicolo in marcia contro ostacolo accidentale;Cavalcavia;Una carreggiata a senso unico di marcia;Bagnato (pioggia);Con buche;Verticale ed orizzontale;Nuvoloso;Normale;Sufficiente;Inesistente;0;0;0;1;12.3368;41.7742;-1;1;Autovettura privata;In marcia / fermata / arresto;Conducente;F;Illeso;0;;;
4192688;4;23/01/2019 06:20:00;Strada Urbana;VIA DELLE VIGNE NUOVE;da specificare;;;;direzione G.R.A. in prossimità fermata ATAC 74127 ;Investimento di pedone;Rettilineo;Più di due carreggiate;Bagnato (umidità in atto);Asfaltata;Verticale ed orizzontale;Nuvoloso;Scarso;Sufficiente;Sufficiente;1;0;0;1;12.5358;41.9554;-1;;;;Pedone;F;Ricoverato;0;NON DECEDUTO;;
4192688;4;23/01/2019 06:20:00;Strada Urbana;VIA DELLE VIGNE NUOVE;da specificare;;;;direzione G.R.A. in prossimità fermata ATAC 74127 ;Investimento di pedone;Rettilineo;Più di due carreggiate;Bagnato (umidità in atto);Asfaltata;Verticale ed orizzontale;Nuvoloso;Scarso;Sufficiente;Sufficiente;1;0;0;1;12.5358;41.9554;-1;1;Autovettura privata;In marcia / fermata / arresto;Conducente;M;Illeso;0;;Non accertato;Inesploso
4192691;4;23/01/2019 12:20:00;Strada Urbana;VIA GIOVANNI CONTI;in prossimità;;del civico n.;70;;Veicolo in marcia contro veicolo arresto;Rettilineo;Due carreggiate;Asciutto;Asfaltata;Verticale ed orizzontale;Sereno;Normale;Buona;Ore Diurne;0;0;0;2;12.5309;41.954;-1;1;Autovettura privata;In marcia / fermata / arresto;Conducente;M;Illeso;0;;;
4192691;4;23/01/2019 12:20:00;Strada Urbana;VIA GIOVANNI CONTI;in prossimità;;del civico n.;70;;Veicolo in marcia contro veicolo arresto;Rettilineo;Due carreggiate;Asciutto;Asfaltata;Verticale ed orizzontale;Sereno;Normale;Buona;Ore Diurne;0;0;0;2;12.5309;41.954;-1;2;Autovettura privata;In marcia / fermata / arresto;Conducente;M;Illeso;0;;;
4192695;15;23/01/2019 16:20:00;Strada Urbana;VIA DELLA PISANA;in prossimità;;del civico n.;425;;Veicolo in marcia contro ostacolo accidentale;Rettilineo;Una carreggiata a doppio senso;Bagnato (pioggia);Asfaltata;Orizzontale;Pioggia in atto;Intenso;Sufficiente;Ore Diurne;0;0;0;1;12.4052;41.8628;-1;1;Autovettura privata;In marcia / fermata / arresto;Conducente;M;Illeso;0;;Utilizzato;Inesploso
4192713;18;23/01/2019 11:45:00;Strada Urbana;VIA DI BOCCEA;in prossimità;;del civico n.;321;;Veicolo in marcia contro ostacolo accidentale;Pendenza;Due carreggiate;Bagnato (umidità in atto);Asfaltata;Verticale ed orizzontale;Nuvoloso;Normale;Buona;Ore Diurne;0;0;0;1;12.3847;41.9149;-1;1;Motociclo a solo;In marcia / fermata / arresto;Conducente;M;Illeso;0;;Non accertato;
4192713;18;23/01/2019 11:45:00;Strada Urbana;VIA DI BOCCEA;in prossimità;;del civico n.;321;;Veicolo in marcia contro ostacolo accidentale;Pendenza;Due carreggiate;Bagnato (umidità in atto);Asfaltata;Verticale ed orizzontale;Nuvoloso;Normale;Buona;Ore Diurne;0;0;0;1;12.3847;41.9149;-1;2;Autovettura privata;Sosta;;;;;;;
4192722;15;23/01/2019 16:35:00;Strada Urbana;VIA VOLPEGLINO;all'intersezione con;VIA FRESONARA;VIA FRESONARA;;;Scontro frontale/laterale DX fra veicoli in marcia;Incrocio;Una carreggiata a doppio senso;Bagnato (pioggia);Asfaltata;Assente;Nuvoloso;Scarso;Buona;Ore Diurne;1;0;0;2;12.3012;41.8261;-1;1;Autovettura privata;In marcia / fermata / arresto;Conducente;F;Rimandato;0;NON DECEDUTO;Non utilizzato;Esploso
4192722;15;23/01/2019 16:35:00;Strada Urbana;VIA VOLPEGLINO;all'intersezione con;VIA FRESONARA;VIA FRESONARA;;;Scontro frontale/laterale DX fra veicoli in marcia;Incrocio;Una carreggiata a doppio senso;Bagnato (pioggia);Asfaltata;Assente;Nuvoloso;Scarso;Buona;Ore Diurne;1;0;0;2;12.3012;41.8261;-1;2;Autovettura privata;In marcia / fermata / arresto;Conducente;F;Illeso;0;;Non accertato;Esploso
4192722;15;23/01/2019 16:35:00;Strada Urbana;VIA VOLPEGLINO;all'intersezione con;VIA FRESONARA;VIA FRESONARA;;;Scontro frontale/laterale DX fra veicoli in marcia;Incrocio;Una carreggiata a doppio senso;Bagnato (pioggia);Asfaltata;Assente;Nuvoloso;Scarso;Buona;Ore Diurne;1;0;0;2;12.3012;41.8261;-1;2;Autovettura privata;In marcia / fermata / arresto;Passeggero;M;Illeso;0;;Non accertato;Esploso
4192732;20;23/01/2019 18:55:00;Regionale entro l'abitato;VIA CASSIA;in corrispondenza;;del civico n.;1824;;Scontro frontale/laterale DX fra veicoli in marcia;Rettilineo;Una carreggiata a doppio senso;Bagnato (pioggia);Asfaltata;Verticale ed orizzontale;Pioggia in atto;Normale;Sufficiente;Sufficiente;0;0;0;2;12.3767;42.0162;-1;1;Motociclo a solo;In marcia / fermata / arresto;Conducente;M;Illeso;0;;Non accertato;
4192732;20;23/01/2019 18:55:00;Regionale entro l'abitato;VIA CASSIA;in corrispondenza;;del civico n.;1824;;Scontro frontale/laterale DX fra veicoli in marcia;Rettilineo;Una carreggiata a doppio senso;Bagnato (pioggia);Asfaltata;Verticale ed orizzontale;Pioggia in atto;Normale;Sufficiente;Sufficiente;0;0;0;2;12.3767;42.0162;-1;2;Autovettura privata;In marcia / fermata / arresto;Conducente;M;Illeso;0;;Non accertato;Inesploso
4192741;7;23/01/2019 15:50:00;Strada Urbana;VIA DEI BERIO;in prossimità;;del civico n.;200;;Veicolo in marcia contro veicolo in sosta;Curva a visuale libera;Una carreggiata a senso unico di marcia;Bagnato (pioggia);Asfaltata;Assente;Nuvoloso;Scarso;Sufficiente;Ore Diurne;0;0;0;1;12.5881;41.8863;-1;1;Autovettura privata;Sosta;;;;;;;
4192741;7;23/01/2019 15:50:00;Strada Urbana;VIA DEI BERIO;in prossimità;;del civico n.;200;;Veicolo in marcia contro veicolo in sosta;Curva a visuale libera;Una carreggiata a senso unico di marcia;Bagnato (pioggia);Asfaltata;Assente;Nuvoloso;Scarso;Sufficiente;Ore Diurne;0;0;0;1;12.5881;41.8863;-1;2;Autocarro inferiore 35 q.;In marcia / fermata / arresto;Conducente;M;Illeso;0;;Non accertato;Inesploso
4192745;4;23/01/2019 17:50:00;Provinciale entro l'abitato;VIA NOMENTANA;in corrispondenza;;del civico n.;582;;Investimento di pedone;Rettilineo;Una carreggiata a doppio senso;Bagnato (pioggia);Asfaltata;Orizzontale;Pioggia in atto;Normale;Sufficiente;Sufficiente;2;0;0;1;12.5395;41.9369;-1;;;;Pedone;M;Rimandato;0;NON DECEDUTO;;
4192745;4;23/01/2019 17:50:00;Provinciale entro l'abitato;VIA NOMENTANA;in corrispondenza;;del civico n.;582;;Investimento di pedone;Rettilineo;Una carreggiata a doppio senso;Bagnato (pioggia);Asfaltata;Orizzontale;Pioggia in atto;Normale;Sufficiente;Sufficiente;2;0;0;1;12.5395;41.9369;-1;;;;Pedone;F;Rimandato;0;NON DECEDUTO;;
4192745;4;23/01/2019 17:50:00;Provinciale entro l'abitato;VIA NOMENTANA;in corrispondenza;;del civico n.;582;;Investimento di pedone;Rettilineo;Una carreggiata a doppio senso;Bagnato (pioggia);Asfaltata;Orizzontale;Pioggia in atto;Normale;Sufficiente;Sufficiente;2;0;0;1;12.5395;41.9369;-1;1;Autovettura privata;In marcia / fermata / arresto;Conducente;M;Illeso;0;;Non accertato;Inesistente
4192763;1;23/01/2019 20:15:00;Strada Urbana;LUNGOTEVERE DE' CENCI;da specificare;;;;IN PROSSIMITA' DEL PALO LUCE 3;Veicolo in marcia contro ostacolo accidentale;Curva a visuale libera;Una carreggiata a senso unico di marcia;Bagnato (pioggia);Asfaltata;Verticale ed orizzontale;Nuvoloso;Scarso;Buona;Sufficiente;0;0;0;1;12.4765;41.8919;-1;1;Autovettura privata;In marcia / fermata / arresto;Conducente;M;Illeso;0;;Non accertato;
4192766;15;23/01/2019 20:05:00;Strada Urbana;VIA DELLA PISANA;in prossimità;;del civico n.;473;;Veicolo in marcia contro ostacolo accidentale;Rettilineo;Una carreggiata a doppio senso;Bagnato (pioggia);Asfaltata;Verticale;Pioggia in atto;Normale;Buona;Sufficiente;0;0;0;1;12.3998;41.8585;-1;1;Autovettura privata;In marcia / fermata / arresto;Conducente;M;Illeso;0;;Utilizzato;Inesploso
4192768;15;23/01/2019 17:31:00;Strada Urbana;VIA DELLA PISANA;da specificare;;;;IN PROSSIMITA' DEL CIV. 413;Veicolo in marcia contro ostacolo accidentale;Rettilineo;Una carreggiata a doppio senso;Bagnato (pioggia);Asfaltata;Assente;Pioggia in atto;Normale;Buona;Sufficiente;0;0;0;1;12.389;41.8577;-1;1;Autovettura privata;In marcia / fermata / arresto;Conducente;M;Illeso;0;;Utilizzato;Inesploso
4192771;20;23/01/2019 19:15:00;Strada Urbana;VIA VILFREDO PARETO;in prossimità;;del civico n.;19;;Scontro frontale/laterale SX fra veicoli in marcia;Rettilineo;Una carreggiata a doppio senso;Bagnato (pioggia);Asfaltata;Verticale ed orizzontale;Pioggia in atto;Scarso;Sufficiente;Sufficiente;1;0;0;1;12.467;41.9505;-1;1;Autovettura privata;In marcia / fermata / arresto;Conducente;F;Illeso;0;;Non accertato;
4192771;20;23/01/2019 19:15:00;Strada Urbana;VIA VILFREDO PARETO;in prossimità;;del civico n.;19;;Scontro frontale/laterale SX fra veicoli in marcia;Rettilineo;Una carreggiata a doppio senso;Bagnato (pioggia);Asfaltata;Verticale ed orizzontale;Pioggia in atto;Scarso;Sufficiente;Sufficiente;1;0;0;1;12.467;41.9505;-1;2;Motociclo a solo;In marcia / fermata / arresto;Conducente;M;Rifiuta cure immediate;0;NON DECEDUTO;Non accertato;
4192772;15;24/01/2019 00:30:00;Strada Urbana;VIA ATTILIO AMBROSINI;all'intersezione con;VIA ARISTIDE LEONORI;VIA ARISTIDE LEONORI;;;Scontro frontale/laterale SX fra veicoli in marcia;Intersezione semaforizzata;Due carreggiate;Bagnato (pioggia);Asfaltata;Verticale ed orizzontale;Nuvoloso;Scarso;Buona;Sufficiente;0;0;0;3;12.4906;41.8494;-1;1;Autovettura privata;In marcia / fermata / arresto;Conducente;M;Illeso;0;;;Esploso
4192772;15;24/01/2019 00:30:00;Strada Urbana;VIA ATTILIO AMBROSINI;all'intersezione con;VIA ARISTIDE LEONORI;VIA ARISTIDE LEONORI;;;Scontro frontale/laterale SX fra veicoli in marcia;Intersezione semaforizzata;Due carreggiate;Bagnato (pioggia);Asfaltata;Verticale ed orizzontale;Nuvoloso;Scarso;Buona;Sufficiente;0;0;0;3;12.4906;41.8494;-1;2;Autovettura privata;In marcia / fermata / arresto;Conducente;F;Illeso;0;;;Esploso
4192772;15;24/01/2019 00:30:00;Strada Urbana;VIA ATTILIO AMBROSINI;all'intersezione con;VIA ARISTIDE LEONORI;VIA ARISTIDE LEONORI;;;Scontro frontale/laterale SX fra veicoli in marcia;Intersezione semaforizzata;Due carreggiate;Bagnato (pioggia);Asfaltata;Verticale ed orizzontale;Nuvoloso;Scarso;Buona;Sufficiente;0;0;0;3;12.4906;41.8494;-1;2;Autovettura privata;In marcia / fermata / arresto;Passeggero;M;Illeso;0;;;
4192788;15;23/01/2019 20:10:00;Strada Urbana;VIA PIETRO MARONCELLI;all'intersezione con;VIA LIVIO MARIANI;VIA LIVIO MARIANI;;;Scontro laterale fra veicoli in marcia;Incrocio;Una carreggiata a senso unico di marcia;Bagnato (pioggia);Asfaltata;Verticale ed orizzontale;Pioggia in atto;Normale;Sufficiente;Sufficiente;1;0;0;1;12.4494;41.8541;-1;1;Autovettura privata;In marcia / fermata / arresto;Conducente;F;Illeso;0;;Non accertato;Inesploso
4192788;15;23/01/2019 20:10:00;Strada Urbana;VIA PIETRO MARONCELLI;all'intersezione con;VIA LIVIO MARIANI;VIA LIVIO MARIANI;;;Scontro laterale fra veicoli in marcia;Incrocio;Una carreggiata a senso unico di marcia;Bagnato (pioggia);Asfaltata;Verticale ed orizzontale;Pioggia in atto;Normale;Sufficiente;Sufficiente;1;0;0;1;12.4494;41.8541;-1;2;Motociclo con passeggero;In marcia / fermata / arresto;Conducente;M;Rifiuta cure immediate;0;NON DECEDUTO;Non accertato;
4192791;4;23/01/2019 17:20:00;Strada Urbana;VIALE LINA CAVALIERI;in corrispondenza;;del civico n.;3;;Investimento di pedone;Rettilineo;Due carreggiate;Bagnato (pioggia);Asfaltata;Verticale ed orizzontale;Pioggia in atto;Normale;Sufficiente;Sufficiente;1;0;0;1;12.514;41.9636;-1;;;;Pedone;M;Rimandato;0;NON DECEDUTO;;
4192791;4;23/01/2019 17:20:00;Strada Urbana;VIALE LINA CAVALIERI;in corrispondenza;;del civico n.;3;;Investimento di pedone;Rettilineo;Due carreggiate;Bagnato (pioggia);Asfaltata;Verticale ed orizzontale;Pioggia in atto;Normale;Sufficiente;Sufficiente;1;0;0;1;12.514;41.9636;-1;1;Autovettura privata;In marcia / fermata / arresto;Conducente;M;Illeso;0;;Non accertato;
4192836;7;23/01/2019 16:00:00;Strada Urbana;VIA PAPIRIA;in prossimità;;del civico n.;122;;Veicolo in marcia contro veicoli in sosta;Rettilineo;Una carreggiata a doppio senso;Bagnato (umidità in atto);Asfaltata;Orizzontale;Nuvoloso;Intenso;Buona;Ore Diurne;0;0;0;4;12.5659;41.8626;-1;1;Autovettura privata;In marcia / fermata / arresto;Conducente;M;Illeso;0;;Non accertato;Inesploso
4192836;7;23/01/2019 16:00:00;Strada Urbana;VIA PAPIRIA;in prossimità;;del civico n.;122;;Veicolo in marcia contro veicoli in sosta;Rettilineo;Una carreggiata a doppio senso;Bagnato (umidità in atto);Asfaltata;Orizzontale;Nuvoloso;Intenso;Buona;Ore Diurne;0;0;0;4;12.5659;41.8626;-1;1;Autovettura privata;In marcia / fermata / arresto;Passeggero;F;Illeso;0;;Non accertato;Inesploso
4192836;7;23/01/2019 16:00:00;Strada Urbana;VIA PAPIRIA;in prossimità;;del civico n.;122;;Veicolo in marcia contro veicoli in sosta;Rettilineo;Una carreggiata a doppio senso;Bagnato (umidità in atto);Asfaltata;Orizzontale;Nuvoloso;Intenso;Buona;Ore Diurne;0;0;0;4;12.5659;41.8626;-1;1;Autovettura privata;In marcia / fermata / arresto;Passeggero;F;Illeso;0;;Non accertato;Inesploso
4192836;7;23/01/2019 16:00:00;Strada Urbana;VIA PAPIRIA;in prossimità;;del civico n.;122;;Veicolo in marcia contro veicoli in sosta;Rettilineo;Una carreggiata a doppio senso;Bagnato (umidità in atto);Asfaltata;Orizzontale;Nuvoloso;Intenso;Buona;Ore Diurne;0;0;0;4;12.5659;41.8626;-1;2;Autovettura privata;In marcia / fermata / arresto;Conducente;M;Illeso;0;;Non accertato;Inesploso
4192836;7;23/01/2019 16:00:00;Strada Urbana;VIA PAPIRIA;in prossimità;;del civico n.;122;;Veicolo in marcia contro veicoli in sosta;Rettilineo;Una carreggiata a doppio senso;Bagnato (umidità in atto);Asfaltata;Orizzontale;Nuvoloso;Intenso;Buona;Ore Diurne;0;0;0;4;12.5659;41.8626;-1;3;Autovettura privata;Sosta;;;;;;;
4192836;7;23/01/2019 16:00:00;Strada Urbana;VIA PAPIRIA;in prossimità;;del civico n.;122;;Veicolo in marcia contro veicoli in sosta;Rettilineo;Una carreggiata a doppio senso;Bagnato (umidità in atto);Asfaltata;Orizzontale;Nuvoloso;Intenso;Buona;Ore Diurne;0;0;0;4;12.5659;41.8626;-1;4;Autovettura privata;Sosta;;;;;;;
4192839;19;24/01/2019 06:45:00;Strada Urbana;VIA EUGENIO DI MATTEI;in prossimità;;del civico n.;60;;Investimento di pedone;Rettilineo;Una carreggiata a doppio senso;Bagnato (pioggia);Asfaltata;Verticale ed orizzontale;Nuvoloso;Scarso;Insufficiente;Insufficiente;1;0;0;1;12.4177;41.9443;-1;;;;Pedone;M;Rimandato;0;NON DECEDUTO;;
4192839;19;24/01/2019 06:45:00;Strada Urbana;VIA EUGENIO DI MATTEI;in prossimità;;del civico n.;60;;Investimento di pedone;Rettilineo;Una carreggiata a doppio senso;Bagnato (pioggia);Asfaltata;Verticale ed orizzontale;Nuvoloso;Scarso;Insufficiente;Insufficiente;1;0;0;1;12.4177;41.9443;-1;1;Motociclo a solo;In marcia / fermata / arresto;Conducente;M;Illeso;0;;;
4192860;12;24/01/2019 09:00:00;Strada Urbana;VIALE EUROPA;in prossimità;;del civico n.;320;;Veicolo in marcia contro veicolo in sosta;Rettilineo;Due carreggiate;Asciutto;Asfaltata;Verticale ed orizzontale;Nuvoloso;Normale;Buona;Ore Diurne;0;0;0;1;12.4743;41.8293;-1;1;Autovettura privata;In marcia / fermata / arresto;Conducente;M;Illeso;0;;Utilizzato;Inesploso
4192860;12;24/01/2019 09:00:00;Strada Urbana;VIALE EUROPA;in prossimità;;del civico n.;320;;Veicolo in marcia contro veicolo in sosta;Rettilineo;Due carreggiate;Asciutto;Asfaltata;Verticale ed orizzontale;Nuvoloso;Normale;Buona;Ore Diurne;0;0;0;1;12.4743;41.8293;-1;2;Autovettura privata;Sosta;;;;;;;
4192862;1;23/01/2019 17:30:00;Strada Urbana;VIALE MARCO POLO;da specificare;;;;FRONTE PALO ACEA 84;Veicolo in marcia contro ostacolo accidentale;Rettilineo;Una carreggiata a senso unico di marcia;Bagnato (pioggia);Asfaltata;Orizzontale;Pioggia in atto;Intenso;Sufficiente;Sufficiente;0;0;0;1;12.4893;41.8728;-1;1;Autovettura privata;In marcia / fermata / arresto;Conducente;M;Illeso;0;;Non accertato;
4192863;19;24/01/2019 06:20:00;Strada Urbana;VIA IPOGEO DEGLI OTTAVI;in prossimità;;del civico n.;61;;Veicolo in marcia contro ostacolo fisso;Rettilineo;Una carreggiata a doppio senso;Bagnato (pioggia);Con buche;Orizzontale;Nuvoloso;Intenso;Buona;Ore Diurne;0;0;0;1;12.4069;41.966;-1;1;Autovettura privata;In marcia / fermata / arresto;Conducente;M;Illeso;0;;Non accertato;Inesploso
4192864;7;24/01/2019 07:15:00;Provinciale entro l'abitato;VIA PRENESTINA;all'intersezione con;VIA GIUSEPPE CANDIANI;VIA GIUSEPPE CANDIANI;;;Scontro frontale/laterale DX fra veicoli in marcia;Intersezione semaforizzata;Una carreggiata a doppio senso;Asciutto;Asfaltata;Verticale ed orizzontale;Nuvoloso;Normale;Sufficiente;Sufficiente;1;0;0;1;12.5845;41.8935;-1;1;Motociclo a solo;In marcia / fermata / arresto;Conducente;M;Rimandato;0;NON DECEDUTO;Non accertato;
4192864;7;24/01/2019 07:15:00;Provinciale entro l'abitato;VIA PRENESTINA;all'intersezione con;VIA GIUSEPPE CANDIANI;VIA GIUSEPPE CANDIANI;;;Scontro frontale/laterale DX fra veicoli in marcia;Intersezione semaforizzata;Una carreggiata a doppio senso;Asciutto;Asfaltata;Verticale ed orizzontale;Nuvoloso;Normale;Sufficiente;Sufficiente;1;0;0;1;12.5845;41.8935;-1;2;Autovettura privata;In marcia / fermata / arresto;Conducente;M;Illeso;0;;Non accertato;Inesploso
4192866;10;24/01/2019 08:45:00;Strada Urbana;VIA APPIA PIGNATELLI;in prossimità;;del civico n.;376A;;Scontro frontale/laterale DX fra veicoli in marcia;Rettilineo;Una carreggiata a doppio senso;Asciutto;Asfaltata;Orizzontale;Nuvoloso;Intenso;Buona;Ore Diurne;2;0;0;1;12.5447;41.8403;-1;1;Autovettura privata;In marcia / fermata / arresto;Conducente;M;Illeso;0;;Non accertato;Inesploso
4192866;10;24/01/2019 08:45:00;Strada Urbana;VIA APPIA PIGNATELLI;in prossimità;;del civico n.;376A;;Scontro frontale/laterale DX fra veicoli in marcia;Rettilineo;Una carreggiata a doppio senso;Asciutto;Asfaltata;Orizzontale;Nuvoloso;Intenso;Buona;Ore Diurne;2;0;0;1;12.5447;41.8403;-1;2;Motociclo con passeggero;In marcia / fermata / arresto;Conducente;M;Rimandato;0;NON DECEDUTO;Non accertato;
4192866;10;24/01/2019 08:45:00;Strada Urbana;VIA APPIA PIGNATELLI;in prossimità;;del civico n.;376A;;Scontro frontale/laterale DX fra veicoli in marcia;Rettilineo;Una carreggiata a doppio senso;Asciutto;Asfaltata;Orizzontale;Nuvoloso;Intenso;Buona;Ore Diurne;2;0;0;1;12.5447;41.8403;-1;2;Motociclo con passeggero;In marcia / fermata / arresto;Passeggero;F;Rimandato;0;NON DECEDUTO;Non accertato;
4192903;2;23/01/2019 16:00:00;Strada Urbana;VIALE PARIOLI;in corrispondenza;;del civico n.;10/A;;Scontro laterale fra veicoli in marcia;Rettilineo;Una carreggiata a doppio senso;Bagnato (pioggia);Asfaltata;Verticale ed orizzontale;Pioggia in atto;Normale;Buona;Ore Diurne;0;0;0;3;12.4917;41.9234;-1;1;Motociclo a solo;In marcia / fermata / arresto;Conducente;M;Illeso;0;;Non accertato;
4192903;2;23/01/2019 16:00:00;Strada Urbana;VIALE PARIOLI;in corrispondenza;;del civico n.;10/A;;Scontro laterale fra veicoli in marcia;Rettilineo;Una carreggiata a doppio senso;Bagnato (pioggia);Asfaltata;Verticale ed orizzontale;Pioggia in atto;Normale;Buona;Ore Diurne;0;0;0;3;12.4917;41.9234;-1;2;Autocarro inferiore 35 q.;In marcia / fermata / arresto;Conducente;M;Illeso;0;;;