Protocollo;Gruppo;DataOraIncidente;Localizzazione1;STRADA1;Localizzazione2;STRADA2;Strada02;Chilometrica;DaSpecificare;NaturaIncidente;particolaritastrade;TipoStrada;FondoStradale;Pavimentazione;Segnaletica;CondizioneAtmosferica;Traffico;Visibilita;Illuminazione;NUM_FERITI;NUM_RISERVATA;NUM_MORTI;NUM_ILLESI;Longitudine;Latitudine;Confermato;Progressivo;TipoVeicolo;StatoVeicolo;TipoPersona;Sesso;Tipolesione;Deceduto;DecedutoDopo;CinturaCascoUtilizzato;Airbag;
4193446;15;24/01/2019 06:03:00;Strada Urbana;VIA PORTUENSE;da specificare;;;;altezza cavalcavia Roma Fiumicino;Veicolo in marcia contro ostacolo accidentale;Rettilineo;Una carreggiata a doppio senso;Asciutto;Con buche;Assente;Nuvoloso;Normale;Insufficiente;Insufficiente;0;0;0;1;12.414;41.8469;-1;1;Autobus di linea;In marcia / fermata / arresto;Conducente;F;Illeso;0;;Utilizzato;Inesploso
4193472;17;24/01/2019 07:15:00;Strada Urbana;LUNGOTEVERE DELLA VITTORIA;da specificare;;;;IN PROX DI VIA FRANCESCO RAIMONDO;Veicolo in marcia contro ostacolo accidentale;Rettilineo;Una carreggiata a doppio senso;Bagnato (umidità in atto);Asfaltata;Verticale ed orizzontale;Nuvoloso;Intenso;Buona;Ore Diurne;0;0;0;1;12.4617;41.9227;-1;1;Autovettura privata;In marcia / fermata / arresto;Conducente;F;Illeso;0;;;
4193571;2;24/01/2019 14:15:00;Strada Urbana;VIA DI VILLA CHIGI;in corrispondenza;;del civico n.;78;;Veicolo in marcia contro veicolo in sosta;Rettilineo;Una carreggiata a doppio senso;Asciutto;Asfaltata;Orizzontale;Nuvoloso;Normale;Sufficiente;Ore Diurne;0;0;0;1;12.5143;41.9353;-1;1;Autovettura privata;Sosta;;;;;;;
4193571;2;24/01/2019 14:15:00;Strada Urbana;VIA DI VILLA CHIGI;in corrispondenza;;del civico n.;78;;Veicolo in marcia contro veicolo in sosta;Rettilineo;Una carreggiata a doppio senso;Asciutto;Asfaltata;Orizzontale;Nuvoloso;Normale;Sufficiente;Ore Diurne;0;0;0;1;12.5143;41.9353;-1;2;Autovettura privata;In marcia / fermata / arresto;Conducente;M;Illeso;0;;;
4193663;9;24/01/2019 16:10:00;Strada Urbana;VIA CESARE BARONIO;in prossimità;;del civico n.;3;;Scontro frontale/laterale SX fra veicoli in marcia;Rettilineo;Due carreggiate;Asciutto;Asfaltata;Verticale ed orizzontale;Sereno;Normale;Buona;Ore Diurne;1;0;0;1;12.5189;41.8719;-1;1;Autovettura privata;In marcia / fermata / arresto;Conducente;M;Illeso;0;;Utilizzato;Inesploso
4193663;9;24/01/2019 16:10:00;Strada Urbana;VIA CESARE BARONIO;in prossimità;;del civico n.;3;;Scontro frontale/laterale SX fra veicoli in marcia;Rettilineo;Due carreggiate;Asciutto;Asfaltata;Verticale ed orizzontale;Sereno;Normale;Buona;Ore Diurne;1;0;0;1;12.5189;41.8719;-1;2;Motociclo a solo;In marcia / fermata / arresto;Conducente;M;Rimandato;0;NON DECEDUTO;Utilizzato;
4193871;16;23/01/2019 22:00:00;Strada Urbana;VIA ARDEATINA;in prossimità;;del civico n.;832;;Veicolo in marcia contro ostacolo accidentale;Curva a visuale libera;Una carreggiata a doppio senso;Bagnato (pioggia);Asfaltata;Orizzontale;Sereno;Scarso;Insufficiente;Inesistente;0;0;0;1;12.5337;41.8053;-1;1;Autovettura privata;In marcia / fermata / arresto;Conducente;M;Illeso;0;;Non accertato;Inesploso
4193908;3;23/01/2019 06:10:00;Strada Urbana;CIRCONVALLAZIONE NOMENTANA;da specificare;;;;direzione Salaria altezza Caserma Amione ;Tamponamento Multiplo;Pendenza;Una carreggiata a senso unico di marcia;Bagnato (umidità in atto);Asfaltata;Verticale ed orizzontale;Sereno;Intenso;Buona;Ore Diurne;0;0;0;5;12.5273;41.9291;-1;1;Autovettura privata;In marcia / fermata / arresto;Conducente;F;Illeso;0;;Non accertato;
4193908;3;23/01/2019 06:10:00;Strada Urbana;CIRCONVALLAZIONE NOMENTANA;da specificare;;;;direzione Salaria altezza Caserma Amione ;Tamponamento Multiplo;Pendenza;Una carreggiata a senso unico di marcia;Bagnato (umidità in atto);Asfaltata;Verticale ed orizzontale;Sereno;Intenso;Buona;Ore Diurne;0;0;0;5;12.5273;41.9291;-1;2;Autovettura privata;In marcia / fermata / arresto;Conducente;M;Illeso;0;;Non accertato;
4193908;3;23/01/2019 06:10:00;Strada Urbana;CIRCONVALLAZIONE NOMENTANA;da specificare;;;;direzione Salaria altezza Caserma Amione ;Tamponamento Multiplo;Pendenza;Una carreggiata a senso unico di marcia;Bagnato (umidità in atto);Asfaltata;Verticale ed orizzontale;Sereno;Intenso;Buona;Ore Diurne;0;0;0;5;12.5273;41.9291;-1;2;Autovettura privata;In marcia / fermata / arresto;Passeggero;F;Illeso;0;;Non accertato;
4193908;3;23/01/2019 06:10:00;Strada Urbana;CIRCONVALLAZIONE NOMENTANA;da specificare;;;;direzione Salaria altezza Caserma Amione ;Tamponamento Multiplo;Pendenza;Una carreggiata a senso unico di marcia;Bagnato (umidità in atto);Asfaltata;Verticale ed orizzontale;Sereno;Intenso;Buona;Ore Diurne;0;0;0;5;12.5273;41.9291;-1;3;Autocarro inferiore 35 q.;In marcia / fermata / arresto;Conducente;M;Illeso;0;;Non accertato;
4193908;3;23/01/2019 06:10:00;Strada Urbana;CIRCONVALLAZIONE NOMENTANA;da specificare;;;;direzione Salaria altezza Caserma Amione ;Tamponamento Multiplo;Pendenza;Una carreggiata a senso unico di marcia;Bagnato (umidità in atto);Asfaltata;Verticale ed orizzontale;Sereno;Intenso;Buona;Ore Diurne;0;0;0;5;12.5273;41.9291;-1;4;Autovettura privata;In marcia / fermata / arresto;Conducente;M;Illeso;0;;;
4193919;3;23/01/2019 20:15:00;Strada Urbana;VIALE DI TOR DI QUINTO;da specificare;;;;direzione GRA fronte P.le Ponte Milvio;Investimento di pedone;Rettilineo;Due carreggiate;Bagnato (pioggia);Asfaltata;Verticale ed orizzontale;Pioggia in atto;Normale;Sufficiente;Sufficiente;1;0;0;1;12.4669;41.9367;-1;;;;Pedone;M;Ricoverato;0;NON DECEDUTO;;
4193919;3;23/01/2019 20:15:00;Strada Urbana;VIALE DI TOR DI QUINTO;da specificare;;;;direzione GRA fronte P.le Ponte Milvio;Investimento di pedone;Rettilineo;Due carreggiate;Bagnato (pioggia);Asfaltata;Verticale ed orizzontale;Pioggia in atto;Normale;Sufficiente;Sufficiente;1;0;0;1;12.4669;41.9367;-1;1;Motociclo a solo;In marcia / fermata / arresto;Conducente;M;Illeso;0;;Non accertato;
4193927;3;22/01/2019 13:00:00;Strada Urbana;VIALE DELLO SCALO S. LORENZO;da specificare;;;;fronte civico 77b;Tamponamento;Galleria illuminata;Una carreggiata a senso unico di marcia;Bagnato (umidità in atto);Asfaltata;Verticale;Nuvoloso;Normale;Buona;Ore Diurne;0;0;0;2;12.5193;41.8969;-1;1;Motociclo a solo;In marcia / fermata / arresto;Conducente;M;Illeso;0;;;
4193927;3;22/01/2019 13:00:00;Strada Urbana;VIALE DELLO SCALO S. LORENZO;da specificare;;;;fronte civico 77b;Tamponamento;Galleria illuminata;Una carreggiata a senso unico di marcia;Bagnato (umidità in atto);Asfaltata;Verticale;Nuvoloso;Normale;Buona;Ore Diurne;0;0;0;2;12.5193;41.8969;-1;2;Autovettura privata;In marcia / fermata / arresto;Conducente;M;Illeso;0;;;
4193932;3;23/01/2019 13:30:00;Strada Urbana;VIA GIAN LUCA SQUARCIALUPO;in prossimità;;del civico n.;11;;Veicolo in marcia contro veicoli in sosta;Rettilineo;Una carreggiata a senso unico di marcia;Asciutto;Asfaltata;Verticale ed orizzontale;Nuvoloso;Scarso;Buona;Ore Diurne;0;0;0;1;12.5266;41.9125;-1;1;Autovettura privata;Sosta;;;;;;;
4193932;3;23/01/2019 13:30:00;Strada Urbana;VIA GIAN LUCA SQUARCIALUPO;in prossimità;;del civico n.;11;;Veicolo in marcia contro veicoli in sosta;Rettilineo;Una carreggiata a senso unico di marcia;Asciutto;Asfaltata;Verticale ed orizzontale;Nuvoloso;Scarso;Buona;Ore Diurne;0;0;0;1;12.5266;41.9125;-1;2;Autovettura privata;In marcia / fermata / arresto;Conducente;M;Illeso;0;;;
4193934;11;24/01/2019 10:25:00;Strada Urbana;VIA DI VIGNA MURATA;da specificare;;;;fronte civico 90 direzione Via Laurentina;Veicolo in marcia contro ostacolo fisso;Rettilineo;Una carreggiata a doppio senso;Bagnato (pioggia);Asfaltata;Assente;Nuvoloso;Scarso;Buona;Ore Diurne;0;0;0;1;12.4882;41.8256;-1;1;Autovettura privata;In marcia / fermata / arresto;Conducente;F;Illeso;0;;Non accertato;Inesploso
4193935;11;24/01/2019 11:50:00;Strada Urbana;VIA DELLE SETTE CHIESE;all'intersezione con;VIA LEON PANCALDO;VIA LEON PANCALDO;;;Scontro frontale/laterale DX fra veicoli in marcia;Incrocio;Due carreggiate;Asciutto;Asfaltata;Verticale ed orizzontale;Nuvoloso;Scarso;Buona;Ore Diurne;0;0;0;3;12.5005;41.8598;-1;1;Autovettura privata;In marcia / fermata / arresto;Conducente;F;Illeso;0;;Non accertato;
4193935;11;24/01/2019 11:50:00;Strada Urbana;VIA DELLE SETTE CHIESE;all'intersezione con;VIA LEON PANCALDO;VIA LEON PANCALDO;;;Scontro frontale/laterale DX fra veicoli in marcia;Incrocio;Due carreggiate;Asciutto;Asfaltata;Verticale ed orizzontale;Nuvoloso;Scarso;Buona;Ore Diurne;0;0;0;3;12.5005;41.8598;-1;2;Autovettura privata;In marcia / fermata / arresto;Conducente;F;Illeso;0;;Non accertato;
4193935;11;24/01/2019 11:50:00;Strada Urbana;VIA DELLE SETTE CHIESE;all'intersezione con;VIA LEON PANCALDO;VIA LEON PANCALDO;;;Scontro frontale/laterale DX fra veicoli in marcia;Incrocio;Due carreggiate;Asciutto;Asfaltata;Verticale ed orizzontale;Nuvoloso;Scarso;Buona;Ore Diurne;0;0;0;3;12.5005;41.8598;-1;2;Autovettura privata;In marcia / fermata / arresto;Passeggero;F;Illeso;0;;Non accertato;
4193940;3;24/01/2019 09:30:00;Strada Urbana;VIA CESARE DE LOLLIS;da specificare;;;;civico 25;Veicolo in marcia contro veicolo in sosta;Rettilineo;Una carreggiata a senso unico di marcia;Asciutto;Asfaltata;Verticale ed orizzontale;Nuvoloso;Intenso;Buona;Ore Diurne;0;0;0;1;12.5161;41.9012;-1;1;Autovettura privata;In marcia / fermata / arresto;Conducente;M;Illeso;0;;;
4193940;3;24/01/2019 09:30:00;Strada Urbana;VIA CESARE DE LOLLIS;da specificare;;;;civico 25;Veicolo in marcia contro veicolo in sosta;Rettilineo;Una carreggiata a senso unico di marcia;Asciutto;Asfaltata;Verticale ed orizzontale;Nuvoloso;Intenso;Buona;Ore Diurne;0;0;0;1;12.5161;41.9012;-1;2;Motociclo a solo;Sosta;;;;;;;
4193940;3;24/01/2019 09:30:00;Strada Urbana;VIA CESARE DE LOLLIS;da specificare;;;;civico 25;Veicolo in marcia contro veicolo in sosta;Rettilineo;Una carreggiata a senso unico di marcia;Asciutto;Asfaltata;Verticale ed orizzontale;Nuvoloso;Intenso;Buona;Ore Diurne;0;0;0;1;12.5161;41.9012;-1;3;Motociclo a solo;Sosta;;;;;;;
4193940;3;24/01/2019 09:30:00;Strada Urbana;VIA CESARE DE LOLLIS;da specificare;;;;civico 25;Veicolo in marcia contro veicolo in sosta;Rettilineo;Una carreggiata a senso unico di marcia;Asciutto;Asfaltata;Verticale ed orizzontale;Nuvoloso;Intenso;Buona;Ore Diurne;0;0;0;1;12.5161;41.9012;-1;4;Motociclo a solo;Sosta;;;;;;;
4193949;3;22/01/2019 09:15:00;Strada Urbana;VIALE REGINA ELENA;all'intersezione semaforizzata con;VIA TIBURTINA;VIA TIBURTINA;;;Veicolo in marcia contro ostacolo fisso;Incrocio;Due carreggiate;Bagnato (pioggia);Asfaltata;Verticale ed orizzontale;Pioggia in atto;Normale;Buona;Ore Diurne;0;0;0;1;12.5192;41.9027;-1;1;Autovettura privata;In marcia / fermata / arresto;Conducente;F;Illeso;0;;;
4194032;8;24/01/2019 16:00:00;Strada Urbana;VIALE PAOLO FERDINANDO QUAGLIA;in prossimità;;del civico n.;116;;Veicolo in marcia contro ostacolo fisso;Rettilineo;Due carreggiate;Asciutto;Asfaltata;Verticale ed orizzontale;Nuvoloso;Normale;Buona;Ore Diurne;0;0;1;0;;;0;1;Autovettura privata;In marcia / fermata / arresto;Conducente;M;Ricoverato;0;DECEDUTO ENTRO LE DODICI ORE;Non accertato;Inesploso
4194056;15;24/01/2019 13:45:00;Strada Urbana;VIA PORTUENSE;da specificare;;;;prossimità fronte civ. 341;Tamponamento;Rettilineo;Una carreggiata a doppio senso;Asciutto;Asfaltata;Verticale ed orizzontale;Nuvoloso;Normale;Buona;Ore Diurne;0;0;0;2;12.414;41.8469;-1;1;Autovettura privata;In marcia / fermata / arresto;Conducente;F;Illeso;0;;Non accertato;Inesploso
4194056;15;24/01/2019 13:45:00;Strada Urbana;VIA PORTUENSE;da specificare;;;;prossimità fronte civ. 341;Tamponamento;Rettilineo;Una carreggiata a doppio senso;Asciutto;Asfaltata;Verticale ed orizzontale;Nuvoloso;Normale;Buona;Ore Diurne;0;0;0;2;12.414;41.8469;-1;2;Autovettura privata;In marcia / fermata / arresto;Conducente;F;Illeso;0;;Non accertato;Inesploso
4194059;15;24/01/2019 16:45:00;Strada Urbana;VIA PORTUENSE;da specificare;;;;100 mt dopo Via Ponte Pisano dir. Somaini;Veicolo in marcia contro ostacolo accidentale;Rettilineo;Una carreggiata a doppio senso;Asciutto;Asfaltata;Orizzontale;Nuvoloso;Normale;Buona;Ore Diurne;0;0;0;1;12.414;41.8469;-1;1;Autovettura privata;In marcia / fermata / arresto;Conducente;M;Illeso;0;;Utilizzato;Inesploso
4194060;15;24/01/2019 18:30:00;Strada Urbana;PIAZZA AUGUSTO LORENZINI;in corrispondenza;;del civico n.;15;;Veicolo in marcia contro veicoli in sosta;Rettilineo;Due carreggiate;Asciutto;Asfaltata;Verticale ed orizzontale;Nuvoloso;Normale;Sufficiente;Sufficiente;0;0;0;1;12.4504;41.8549;-1;1;Autovettura privata;In marcia / fermata / arresto;Conducente;M;Illeso;0;;;
4194060;15;24/01/2019 18:30:00;Strada Urbana;PIAZZA AUGUSTO LORENZINI;in corrispondenza;;del civico n.;15;;Veicolo in marcia contro veicoli in sosta;Rettilineo;Due carreggiate;Asciutto;Asfaltata;Verticale ed orizzontale;Nuvoloso;Normale;Sufficiente;Sufficiente;0;0;0;1;12.4504;41.8549;-1;2;Motociclo a solo;Sosta;;;;;;;
4194060;15;24/01/2019 18:30:00;Strada Urbana;PIAZZA AUGUSTO LORENZINI;in corrispondenza;;del civico n.;15;;Veicolo in marcia contro veicoli in sosta;Rettilineo;Due carreggiate;Asciutto;Asfaltata;Verticale ed orizzontale;Nuvoloso;Normale;Sufficiente;Sufficiente;0;0;0;1;12.4504;41.8549;-1;3;Autovettura privata;Sosta;;;;;;;
4194119;15;24/01/2019 18:50:00;Strada Urbana;VIA PORTUENSE;in prossimità;;del civico n.;1349;;Veicolo in marcia contro ostacolo accidentale;Rettilineo;Una carreggiata a doppio senso;Asciutto;Asfaltata;Orizzontale;Nuvoloso;Normale;Sufficiente;Sufficiente;0;0;0;1;12.3534;41.8235;-1;1;Autovettura privata;In marcia / fermata / arresto;Conducente;M;Illeso;0;;Utilizzato;Inesploso
4194126;15;24/01/2019 17:30:00;Strada Urbana;VIA ALESSANDRO CRUTO;in prossimità;;del civico n.;25;;Tamponamento;Rettilineo;Una carreggiata a doppio senso;Asciutto;Asfaltata;Assente;Sereno;Scarso;Buona;Ore Diurne;0;0;0;2;12.4658;41.8617;-1;1;Autovettura privata;In marcia / fermata / arresto;Conducente;M;Illeso;0;;;
4194126;15;24/01/2019 17:30:00;Strada Urbana;VIA ALESSANDRO CRUTO;in prossimità;;del civico n.;25;;Tamponamento;Rettilineo;Una carreggiata a doppio senso;Asciutto;Asfaltata;Assente;Sereno;Scarso;Buona;Ore Diurne;0;0;0;2;12.4658;41.8617;-1;2;Autovettura privata;In marcia / fermata / arresto;Conducente;M;Illeso;0;;;
4194339;10;24/01/2019 19:00:00;Strada Urbana;VIA TUSCOLANA;da specificare;;;;alt. inversione di marcia Petrocelli;Scontro laterale fra veicoli in marcia;Rettilineo;Due carreggiate;Asciutto;Asfaltata;Verticale ed orizzontale;Sereno;Intenso;Sufficiente;Sufficiente;0;0;0;2;12.6065;41.8344;-1;1;Autovettura privata;In marcia / fermata / arresto;Conducente;F;Illeso;0;;Non accertato;Inesploso
4194339;10;24/01/2019 19:00:00;Strada Urbana;VIA TUSCOLANA;da specificare;;;;alt. inversione di marcia Petrocelli;Scontro laterale fra veicoli in marcia;Rettilineo;Due carreggiate;Asciutto;Asfaltata;Verticale ed orizzontale;Sereno;Intenso;Sufficiente;Sufficiente;0;0;0;2;12.6065;41.8344;-1;2;Autovettura privata;In marcia / fermata / arresto;Conducente;F;Illeso;0;;Non accertato;Inesploso
4194367;6;24/01/2019 23:00:00;Strada Urbana;PIAZZA DEI MIRTI;in prossimità;;del civico n.;12;;Tamponamento;Rotatoria;Una carreggiata a senso unico di marcia;Asciutto;Asfaltata;Verticale ed orizzontale;Sereno;Scarso;Buona;Sufficiente;0;0;0;2;12.5665;41.8814;-1;1;Autovettura privata;In marcia / fermata / arresto;Conducente;M;Illeso;0;;;Inesploso
4194367;6;24/01/2019 23:00:00;Strada Urbana;PIAZZA DEI MIRTI;in prossimità;;del civico n.;12;;Tamponamento;Rotatoria;Una carreggiata a senso unico di marcia;Asciutto;Asfaltata;Verticale ed orizzontale;Sereno;Scarso;Buona;Sufficiente;0;0;0;2;12.5665;41.8814;-1;2;Autovettura privata;In marcia / fermata / arresto;Conducente;F;Illeso;0;;;
4194373;6;24/01/2019 23:35:00;Strada Urbana;VIA DORINDA;in corrispondenza;;del civico n.;7;;Veicolo in marcia contro veicolo in sosta;Rettilineo;Una carreggiata a doppio senso;Bagnato (pioggia);Asfaltata;Verticale;Sereno;Scarso;Insufficiente;Insufficiente;0;0;0;1;12.6058;41.9116;-1;1;Autovettura privata;In marcia / fermata / arresto;Conducente;M;Illeso;0;;;
4194373;6;24/01/2019 23:35:00;Strada Urbana;VIA DORINDA;in corrispondenza;;del civico n.;7;;Veicolo in marcia contro veicolo in sosta;Rettilineo;Una carreggiata a doppio senso;Bagnato (pioggia);Asfaltata;Verticale;Sereno;Scarso;Insufficiente;Insufficiente;0;0;0;1;12.6058;41.9116;-1;2;Autovettura privata;Sosta;;;;;;;
4194413;18;24/01/2019 17:15:00;Strada Urbana;LARGO LUIGI MONTI;all'intersezione con;VIA FRANCESCO SCADUTO;VIA FRANCESCO SCADUTO;;;Scontro frontale/laterale SX fra veicoli in marcia;Intersezione stradale segnalata;Una carreggiata a doppio senso;Asciutto;Asfaltata;Verticale ed orizzontale;Sereno;Normale;Sufficiente;Sufficiente;2;0;0;0;12.4316;41.9022;-1;1;Motociclo a solo;In marcia / fermata / arresto;Conducente;M;Rimandato;0;NON DECEDUTO;Non accertato;
4194413;18;24/01/2019 17:15:00;Strada Urbana;LARGO LUIGI MONTI;all'intersezione con;VIA FRANCESCO SCADUTO;VIA FRANCESCO SCADUTO;;;Scontro frontale/laterale SX fra veicoli in marcia;Intersezione stradale segnalata;Una carreggiata a doppio senso;Asciutto;Asfaltata;Verticale ed orizzontale;Sereno;Normale;Sufficiente;Sufficiente;2;0;0;0;12.4316;41.9022;-1;2;Autovettura privata;In marcia / fermata / arresto;Conducente;F;Rimandato;0;NON DECEDUTO;Non accertato;Inesploso
4194440;19;24/01/2019 14:30:00;Strada Urbana;VIA FRANCO MICHELINI TOCCI;in corrispondenza;;del civico n.;82;;Veicolo in marcia contro veicolo in sosta;Rettilineo;Una carreggiata a doppio senso;Asciutto;Asfaltata;Orizzontale;Nuvoloso;Normale;Buona;Ore Diurne;0;0;0;1;12.4461;41.9199;-1;1;Autovettura privata;In marcia / fermata / arresto;Conducente;F;Illeso;0;;Non accertato;
4194440;19;24/01/2019 14:30:00;Strada Urbana;VIA FRANCO MICHELINI TOCCI;in corrispondenza;;del civico n.;82;;Veicolo in marcia contro veicolo in sosta;Rettilineo;Una carreggiata a doppio senso;Asciutto;Asfaltata;Orizzontale;Nuvoloso;Normale;Buona;Ore Diurne;0;0;0;1;12.4461;41.9199;-1;2;Autovettura privata;Sosta;;;;;;;
4194447;20;24/01/2019 22:00:00;Provinciale;VIA FLAMINIA;da specificare;;;;direzione Terni Km. 18,100;Veicolo in marcia contro ostacolo accidentale;Rettilineo;Una carreggiata a doppio senso;Asciutto;Asfaltata;Verticale ed orizzontale;Sereno;Scarso;Sufficiente;Sufficiente;0;0;0;2;12.4718;41.9419;-1;1;Autovettura privata;In marcia / fermata / arresto;Conducente;M;Illeso;0;;Non accertato;
4194447;20;24/01/2019 22:00:00;Provinciale;VIA FLAMINIA;da specificare;;;;direzione Terni Km. 18,100;Veicolo in marcia contro ostacolo accidentale;Rettilineo;Una carreggiata a doppio senso;Asciutto;Asfaltata;Verticale ed orizzontale;Sereno;Scarso;Sufficiente;Sufficiente;0;0;0;2;12.4718;41.9419;-1;1;Autovettura privata;In marcia / fermata / arresto;Passeggero;F;Illeso;0;;Non accertato;
4194449;15;24/01/2019 17:40:00;Strada Urbana;VIA DELLA PISANA;da specificare;;;;fronte civico 431;Veicolo in marcia contro ostacolo accidentale;Rettilineo;Una carreggiata a doppio senso;Asciutto;Asfaltata;Orizzontale;Sereno;Normale;Sufficiente;Sufficiente;0;0;0;1;12.389;41.8577;-1;1;Autovettura privata;In marcia / fermata / arresto;Conducente;M;Illeso;0;;Utilizzato;Inesploso
4194460;19;24/01/2019 19:20:00;Strada Urbana;VIA DI CASAL DEL MARMO;in prossimità;;del civico n.;200;;Veicolo in marcia contro ostacolo accidentale;Rettilineo;Una carreggiata a doppio senso;Asciutto;Con buche;Orizzontale;Nuvoloso;Normale;Insufficiente;Insufficiente;0;0;0;1;12.4015;41.9543;-1;1;Autovettura privata;In marcia / fermata / arresto;Conducente;M;Illeso;0;;Non accertato;Inesploso
4194462;9;24/01/2019 15:50:00;Strada Urbana;VIA DEL MANDRIONE;da specificare;;;;altezza civico 215 ( stazione FF.S. Casilina );Scontro frontale fra veicoli in marcia;Rettilineo;Una carreggiata a doppio senso;Asciutto;Asfaltata;Orizzontale;Sereno;Scarso;Buona;Ore Diurne;1;0;0;0;12.5368;41.8766;-1;1;Motociclo a solo;Allontanatosi;;;;;;;
4194462;9;24/01/2019 15:50:00;Strada Urbana;VIA DEL MANDRIONE;da specificare;;;;altezza civico 215 ( stazione FF.S. Casilina );Scontro frontale fra veicoli in marcia;Rettilineo;Una carreggiata a doppio senso;Asciutto;Asfaltata;Orizzontale;Sereno;Scarso;Buona;Ore Diurne;1;0;0;0;12.5368;41.8766;-1;2;Velocipede;In marcia / fermata / arresto;Conducente;M;Rimandato;0;NON DECEDUTO;Esente;
4194464;20;25/01/2019 00:20:00;Regionale entro l'abitato;LARGO DELLA GIUSTINIANA;da specificare;;;;Pross. civico 1323 di Via Cassia dir. centro;Veicolo in marcia contro ostacolo fisso;Rotatoria;Una carreggiata a doppio senso;Asciutto;Asfaltata;Verticale ed orizzontale;Sereno;Normale;Sufficiente;Sufficiente;0;0;0;1;12.4046;41.986;-1;1;Autovettura privata;In marcia / fermata / arresto;Conducente;M;Illeso;0;;;Esploso
4194470;5;24/01/2019 08:45:00;Strada Urbana;VIA FABRIANO;all'intersezione con;VIA MAIOLATI;VIA MAIOLATI;;;Scontro frontale/laterale DX fra veicoli in marcia;Incrocio;Una carreggiata a doppio senso;Bagnato (pioggia);Asfaltata;Verticale ed orizzontale;Nuvoloso;Normale;Buona;Ore Diurne;0;0;0;4;12.5821;41.9386;-1;1;Autovettura privata;In marcia / fermata / arresto;Conducente;M;Illeso;0;;Non accertato;Inesploso
4194470;5;24/01/2019 08:45:00;Strada Urbana;VIA FABRIANO;all'intersezione con;VIA MAIOLATI;VIA MAIOLATI;;;Scontro frontale/laterale DX fra veicoli in marcia;Incrocio;Una carreggiata a doppio senso;Bagnato (pioggia);Asfaltata;Verticale ed orizzontale;Nuvoloso;Normale;Buona;Ore Diurne;0;0;0;4;12.5821;41.9386;-1;2;Autovettura privata;In marcia / fermata / arresto;Conducente;M;Illeso;0;;Non accertato;Inesploso
4194470;5;24/01/2019 08:45:00;Strada Urbana;VIA FABRIANO;all'intersezione con;VIA MAIOLATI;VIA MAIOLATI;;;Scontro frontale/laterale DX fra veicoli in marcia;Incrocio;Una carreggiata a doppio senso;Bagnato (pioggia);Asfaltata;Verticale ed orizzontale;Nuvoloso;Normale;Buona;Ore Diurne;0;0;0;4;12.5821;41.9386;-1;2;Autovettura privata;In marcia / fermata / arresto;Passeggero;F;Illeso;0;;Non utilizzato;Inesploso
4194470;5;24/01/2019 08:45:00;Strada Urbana;VIA FABRIANO;all'intersezione con;VIA MAIOLATI;VIA MAIOLATI;;;Scontro frontale/laterale DX fra veicoli in marcia;Incrocio;Una carreggiata a doppio senso;Bagnato (pioggia);Asfaltata;Verticale ed orizzontale;Nuvoloso;Normale;Buona;Ore Diurne;0;0;0;4;12.5821;41.9386;-1;2;Autovettura privata;In marcia / fermata / arresto;Passeggero;M;Illeso;0;;Non accertato;Inesploso
4194470;5;24/01/2019 08:45:00;Strada Urbana;VIA FABRIANO;all'intersezione con;VIA MAIOLATI;VIA MAIOLATI;;;Scontro frontale/laterale DX fra veicoli in marcia;Incrocio;Una carreggiata a doppio senso;Bagnato (pioggia);Asfaltata;Verticale ed orizzontale;Nuvoloso;Normale;Buona;Ore Diurne;0;0;0;4;12.5821;41.9386;-1;3;Autovettura privata;Sosta;;;;;;;
4194471;19;24/01/2019 20:15:00;Strada Urbana;VIA DI CASAL DEL MARMO;in prossimità;;del civico n.;164;;Veicolo in marcia contro ostacolo accidentale;Rettilineo;Una carreggiata a doppio senso;Asciutto;Con buche;Orizzontale;Nuvoloso;Normale;Insufficiente;Insufficiente;0;0;0;1;12.4043;41.9569;-1;1;Autovettura privata;In marcia / fermata / arresto;Conducente;M;Illeso;0;;Non accertato;Inesploso
4194477;17;24/01/2019 18:35:00;Strada Urbana;VIA VITTORIA COLONNA;all'intersezione con;VIA PIETRO CAVALLINI;VIA PIETRO CAVALLINI;;;Scontro frontale/laterale DX fra veicoli in marcia;Intersezione stradale segnalata;Una carreggiata a doppio senso;Asciutto;Asfaltata;Verticale ed orizzontale;Nuvoloso;Normale;Buona;Sufficiente;0;1;0;1;12.4728;41.9051;-1;1;Autovettura privata;In marcia / fermata / arresto;Conducente;M;Illeso;0;;;
4194477;17;24/01/2019 18:35:00;Strada Urbana;VIA VITTORIA COLONNA;all'intersezione con;VIA PIETRO CAVALLINI;VIA PIETRO CAVALLINI;;;Scontro frontale/laterale DX fra veicoli in marcia;Intersezione stradale segnalata;Una carreggiata a doppio senso;Asciutto;Asfaltata;Verticale ed orizzontale;Nuvoloso;Normale;Buona;Sufficiente;0;1;0;1;12.4728;41.9051;-1;2;Motociclo a solo;In marcia / fermata / arresto;Conducente;F;Prognosi riservata;0;NON DECEDUTO;;
4194479;9;24/01/2019 17:55:00;Strada Urbana;VIA DELL'ARCO DI TRAVERTINO;all'intersezione con;VIA DEI COLLI ALBANI;VIA DEI COLLI ALBANI;;;Investimento di pedone;Incrocio;Due carreggiate;Asciutto;Asfaltata;Orizzontale;Nuvoloso;Normale;Sufficiente;Sufficiente;1;0;0;1;12.5349;41.8665;-1;;;;Pedone;M;Rimandato;0;NON DECEDUTO;;
4194479;9;24/01/2019 17:55:00;Strada Urbana;VIA DELL'ARCO DI TRAVERTINO;all'intersezione con;VIA DEI COLLI ALBANI;VIA DEI COLLI ALBANI;;;Investimento di pedone;Incrocio;Due carreggiate;Asciutto;Asfaltata;Orizzontale;Nuvoloso;Normale;Sufficiente;Sufficiente;1;0;0;1;12.5349;41.8665;-1;1;Autovettura privata;In marcia / fermata / arresto;Conducente;M;Illeso;0;;Non accertato;Inesploso