Protocollo;Gruppo;DataOraIncidente;Localizzazione1;STRADA1;Localizzazione2;STRADA2;Strada02;Chilometrica;DaSpecificare;NaturaIncidente;particolaritastrade;TipoStrada;FondoStradale;Pavimentazione;Segnaletica;CondizioneAtmosferica;Traffico;Visibilita;Illuminazione;NUM_FERITI;NUM_RISERVATA;NUM_MORTI;NUM_ILLESI;Longitudine;Latitudine;Confermato;Progressivo;TipoVeicolo;StatoVeicolo;TipoPersona;Sesso;Tipolesione;Deceduto;DecedutoDopo;CinturaCascoUtilizzato;Airbag;
4198379;1;26/01/2019 12:30:00;Strada Urbana;VIA LEONIDA BISSOLATI;all'intersezione semaforizzata con;VIA DI S. NICOLA DA TOLENTINO;VIA DI S. NICOLA DA TOLENTINO;;;Scontro frontale/laterale SX fra veicoli in marcia;Incrocio;Una carreggiata a doppio senso;Asciutto;Asfaltata;Verticale ed orizzontale;Sereno;Scarso;Buona;Ore Diurne;1;0;0;2;12.4913;41.9057;-1;1;Autovettura privata;In marcia / fermata / arresto;Passeggero;M;Illeso;0;;Non accertato;
4198379;1;26/01/2019 12:30:00;Strada Urbana;VIA LEONIDA BISSOLATI;all'intersezione semaforizzata con;VIA DI S. NICOLA DA TOLENTINO;VIA DI S. NICOLA DA TOLENTINO;;;Scontro frontale/laterale SX fra veicoli in marcia;Incrocio;Una carreggiata a doppio senso;Asciutto;Asfaltata;Verticale ed orizzontale;Sereno;Scarso;Buona;Ore Diurne;1;0;0;2;12.4913;41.9057;-1;2;Motociclo a solo;In marcia / fermata / arresto;Conducente;M;Rimandato;0;NON DECEDUTO;;
4198384;9;28/01/2019 02:00:00;Strada Urbana;VIA APPIA NUOVA;in corrispondenza;;del civico n.;427;;Veicolo in marcia contro veicoli in sosta;Rettilineo;Due carreggiate;Bagnato (umidità in atto);Asfaltata;Verticale ed orizzontale;Nuvoloso;Scarso;Sufficiente;Sufficiente;0;0;0;2;12.5244;41.8738;-1;1;Autovettura privata;In marcia / fermata / arresto;Conducente;F;Illeso;0;;Non accertato;Inesploso
4198384;9;28/01/2019 02:00:00;Strada Urbana;VIA APPIA NUOVA;in corrispondenza;;del civico n.;427;;Veicolo in marcia contro veicoli in sosta;Rettilineo;Due carreggiate;Bagnato (umidità in atto);Asfaltata;Verticale ed orizzontale;Nuvoloso;Scarso;Sufficiente;Sufficiente;0;0;0;2;12.5244;41.8738;-1;1;Autovettura privata;In marcia / fermata / arresto;Passeggero;M;Illeso;0;;Non accertato;Inesploso
4198384;9;28/01/2019 02:00:00;Strada Urbana;VIA APPIA NUOVA;in corrispondenza;;del civico n.;427;;Veicolo in marcia contro veicoli in sosta;Rettilineo;Due carreggiate;Bagnato (umidità in atto);Asfaltata;Verticale ed orizzontale;Nuvoloso;Scarso;Sufficiente;Sufficiente;0;0;0;2;12.5244;41.8738;-1;2;Autovettura privata;Sosta;;;;;;;
4198384;9;28/01/2019 02:00:00;Strada Urbana;VIA APPIA NUOVA;in corrispondenza;;del civico n.;427;;Veicolo in marcia contro veicoli in sosta;Rettilineo;Due carreggiate;Bagnato (umidità in atto);Asfaltata;Verticale ed orizzontale;Nuvoloso;Scarso;Sufficiente;Sufficiente;0;0;0;2;12.5244;41.8738;-1;3;Autovettura privata;Sosta;;;;;;;
4198384;9;28/01/2019 02:00:00;Strada Urbana;VIA APPIA NUOVA;in corrispondenza;;del civico n.;427;;Veicolo in marcia contro veicoli in sosta;Rettilineo;Due carreggiate;Bagnato (umidità in atto);Asfaltata;Verticale ed orizzontale;Nuvoloso;Scarso;Sufficiente;Sufficiente;0;0;0;2;12.5244;41.8738;-1;4;Motociclo a solo;Sosta;;;;;;;
4198384;9;28/01/2019 02:00:00;Strada Urbana;VIA APPIA NUOVA;in corrispondenza;;del civico n.;427;;Veicolo in marcia contro veicoli in sosta;Rettilineo;Due carreggiate;Bagnato (umidità in atto);Asfaltata;Verticale ed orizzontale;Nuvoloso;Scarso;Sufficiente;Sufficiente;0;0;0;2;12.5244;41.8738;-1;5;Motociclo a solo;Sosta;;;;;;;
4198384;9;28/01/2019 02:00:00;Strada Urbana;VIA APPIA NUOVA;in corrispondenza;;del civico n.;427;;Veicolo in marcia contro veicoli in sosta;Rettilineo;Due carreggiate;Bagnato (umidità in atto);Asfaltata;Verticale ed orizzontale;Nuvoloso;Scarso;Sufficiente;Sufficiente;0;0;0;2;12.5244;41.8738;-1;6;Motociclo a solo;Sosta;;;;;;;
4198388;11;26/01/2019 14:30:00;Strada Urbana;VIA ANDREA MANTEGNA;in prossimità;;del civico n.;16;;Veicolo in marcia contro veicoli in sosta;Rettilineo;Due carreggiate;Asciutto;Asfaltata;Verticale ed orizzontale;Sereno;Normale;Buona;Ore Diurne;0;0;0;1;12.4936;41.8514;-1;1;Autovettura privata;Sosta;;;;;;;
4198388;11;26/01/2019 14:30:00;Strada Urbana;VIA ANDREA MANTEGNA;in prossimità;;del civico n.;16;;Veicolo in marcia contro veicoli in sosta;Rettilineo;Due carreggiate;Asciutto;Asfaltata;Verticale ed orizzontale;Sereno;Normale;Buona;Ore Diurne;0;0;0;1;12.4936;41.8514;-1;2;Autovettura privata;Sosta;;;;;;;
4198388;11;26/01/2019 14:30:00;Strada Urbana;VIA ANDREA MANTEGNA;in prossimità;;del civico n.;16;;Veicolo in marcia contro veicoli in sosta;Rettilineo;Due carreggiate;Asciutto;Asfaltata;Verticale ed orizzontale;Sereno;Normale;Buona;Ore Diurne;0;0;0;1;12.4936;41.8514;-1;3;Macchina operatrice;In marcia / fermata / arresto;Conducente;M;Illeso;0;;Non accertato;
4198390;9;27/01/2019 20:10:00;Strada Urbana;VIA DELLA STAZIONE DI CIAMPINO;all'intersezione con;VIA DELLE VIGNE DI MORENA;VIA DELLE VIGNE DI MORENA;;;Scontro laterale fra veicoli in marcia;Incrocio;Una carreggiata a doppio senso;Bagnato (pioggia);Asfaltata;Verticale ed orizzontale;Pioggia in atto;Scarso;Sufficiente;Sufficiente;0;0;0;2;12.6105;41.8084;-1;1;Autovettura privata;In marcia / fermata / arresto;Conducente;M;Illeso;0;;;
4198390;9;27/01/2019 20:10:00;Strada Urbana;VIA DELLA STAZIONE DI CIAMPINO;all'intersezione con;VIA DELLE VIGNE DI MORENA;VIA DELLE VIGNE DI MORENA;;;Scontro laterale fra veicoli in marcia;Incrocio;Una carreggiata a doppio senso;Bagnato (pioggia);Asfaltata;Verticale ed orizzontale;Pioggia in atto;Scarso;Sufficiente;Sufficiente;0;0;0;2;12.6105;41.8084;-1;2;Autovettura privata;In marcia / fermata / arresto;Conducente;F;Illeso;0;;Non accertato;
4198396;15;28/01/2019 01:30:00;Strada Urbana;VIA DEL TRULLO;all'intersezione con;VIA SARZANA;VIA SARZANA;;;Scontro frontale/laterale SX fra veicoli in marcia;Incrocio;Due carreggiate;Bagnato (pioggia);Asfaltata;Verticale ed orizzontale;Nuvoloso;Scarso;Sufficiente;Sufficiente;2;0;0;1;12.4368;41.843;-1;1;Autovettura privata;In marcia / fermata / arresto;Conducente;M;Rimandato;0;NON DECEDUTO;Non accertato;Inesploso
4198396;15;28/01/2019 01:30:00;Strada Urbana;VIA DEL TRULLO;all'intersezione con;VIA SARZANA;VIA SARZANA;;;Scontro frontale/laterale SX fra veicoli in marcia;Incrocio;Due carreggiate;Bagnato (pioggia);Asfaltata;Verticale ed orizzontale;Nuvoloso;Scarso;Sufficiente;Sufficiente;2;0;0;1;12.4368;41.843;-1;2;Autovettura privata;In marcia / fermata / arresto;Conducente;F;Rimandato;0;NON DECEDUTO;Non accertato;Inesploso
4198396;15;28/01/2019 01:30:00;Strada Urbana;VIA DEL TRULLO;all'intersezione con;VIA SARZANA;VIA SARZANA;;;Scontro frontale/laterale SX fra veicoli in marcia;Incrocio;Due carreggiate;Bagnato (pioggia);Asfaltata;Verticale ed orizzontale;Nuvoloso;Scarso;Sufficiente;Sufficiente;2;0;0;1;12.4368;41.843;-1;2;Autovettura privata;In marcia / fermata / arresto;Passeggero;M;Illeso;0;;Utilizzato;Inesploso
4198424;7;28/01/2019 06:00:00;Strada Urbana;VIA COLLATINA;in prossimità;;del civico n.;402;;Tamponamento;Rettilineo;Una carreggiata a doppio senso;Bagnato (pioggia);Asfaltata;Verticale ed orizzontale;Nuvoloso;Normale;Sufficiente;Sufficiente;0;0;0;2;12.6058;41.9048;-1;1;Motociclo a solo;In marcia / fermata / arresto;Conducente;M;Illeso;0;;Utilizzato;
4198424;7;28/01/2019 06:00:00;Strada Urbana;VIA COLLATINA;in prossimità;;del civico n.;402;;Tamponamento;Rettilineo;Una carreggiata a doppio senso;Bagnato (pioggia);Asfaltata;Verticale ed orizzontale;Nuvoloso;Normale;Sufficiente;Sufficiente;0;0;0;2;12.6058;41.9048;-1;2;Autoarticolato;In marcia / fermata / arresto;Conducente;M;Illeso;0;;Non accertato;Inesploso
4198434;10;28/01/2019 06:40:00;Strada Urbana;VIA DI TORRE SPACCATA;all'intersezione semaforizzata con;VIA TUSCOLANA;VIA TUSCOLANA;;;Tamponamento Multiplo;Intersezione semaforizzata;Una carreggiata a doppio senso;Bagnato (pioggia);Asfaltata;Verticale ed orizzontale;Nuvoloso;Normale;Buona;Sufficiente;1;0;0;5;12.5756;41.8486;-1;1;Autovettura privata;In marcia / fermata / arresto;Conducente;F;Illeso;0;;Non accertato;Inesploso
4198434;10;28/01/2019 06:40:00;Strada Urbana;VIA DI TORRE SPACCATA;all'intersezione semaforizzata con;VIA TUSCOLANA;VIA TUSCOLANA;;;Tamponamento Multiplo;Intersezione semaforizzata;Una carreggiata a doppio senso;Bagnato (pioggia);Asfaltata;Verticale ed orizzontale;Nuvoloso;Normale;Buona;Sufficiente;1;0;0;5;12.5756;41.8486;-1;2;Autovettura privata;In marcia / fermata / arresto;Conducente;M;Illeso;0;;Non accertato;Inesploso
4198434;10;28/01/2019 06:40:00;Strada Urbana;VIA DI TORRE SPACCATA;all'intersezione semaforizzata con;VIA TUSCOLANA;VIA TUSCOLANA;;;Tamponamento Multiplo;Intersezione semaforizzata;Una carreggiata a doppio senso;Bagnato (pioggia);Asfaltata;Verticale ed orizzontale;Nuvoloso;Normale;Buona;Sufficiente;1;0;0;5;12.5756;41.8486;-1;3;Autocarro inferiore 35 q.;In marcia / fermata / arresto;Conducente;M;Illeso;0;;Non accertato;Inesploso
4198434;10;28/01/2019 06:40:00;Strada Urbana;VIA DI TORRE SPACCATA;all'intersezione semaforizzata con;VIA TUSCOLANA;VIA TUSCOLANA;;;Tamponamento Multiplo;Intersezione semaforizzata;Una carreggiata a doppio senso;Bagnato (pioggia);Asfaltata;Verticale ed orizzontale;Nuvoloso;Normale;Buona;Sufficiente;1;0;0;5;12.5756;41.8486;-1;3;Autocarro inferiore 35 q.;In marcia / fermata / arresto;Passeggero;M;Rimandato;0;NON DECEDUTO;Non accertato;Inesploso
4198434;10;28/01/2019 06:40:00;Strada Urbana;VIA DI TORRE SPACCATA;all'intersezione semaforizzata con;VIA TUSCOLANA;VIA TUSCOLANA;;;Tamponamento Multiplo;Intersezione semaforizzata;Una carreggiata a doppio senso;Bagnato (pioggia);Asfaltata;Verticale ed orizzontale;Nuvoloso;Normale;Buona;Sufficiente;1;0;0;5;12.5756;41.8486;-1;4;Autovettura privata;In marcia / fermata / arresto;Conducente;M;Illeso;0;;Non accertato;Inesploso
4198434;10;28/01/2019 06:40:00;Strada Urbana;VIA DI TORRE SPACCATA;all'intersezione semaforizzata con;VIA TUSCOLANA;VIA TUSCOLANA;;;Tamponamento Multiplo;Intersezione semaforizzata;Una carreggiata a doppio senso;Bagnato (pioggia);Asfaltata;Verticale ed orizzontale;Nuvoloso;Normale;Buona;Sufficiente;1;0;0;5;12.5756;41.8486;-1;5;Autovettura privata;In marcia / fermata / arresto;Conducente;F;Illeso;0;;Non accertato;Inesploso
4198439;11;26/01/2019 17:45:00;Strada Urbana;PIAZZA GIANCARLO VALLAURI;in prossimità;;del civico n.;2;;Scontro frontale fra veicoli in marcia;Rotatoria;Una carreggiata a senso unico di marcia;Asciutto;Asfaltata;Verticale ed orizzontale;Sereno;Scarso;Buona;Sufficiente;2;0;0;2;12.4828;41.8643;-1;1;Motociclo a solo;In marcia / fermata / arresto;Conducente;M;Rifiuta cure immediate;0;NON DECEDUTO;Non accertato;
4198439;11;26/01/2019 17:45:00;Strada Urbana;PIAZZA GIANCARLO VALLAURI;in prossimità;;del civico n.;2;;Scontro frontale fra veicoli in marcia;Rotatoria;Una carreggiata a senso unico di marcia;Asciutto;Asfaltata;Verticale ed orizzontale;Sereno;Scarso;Buona;Sufficiente;2;0;0;2;12.4828;41.8643;-1;1;Motociclo a solo;In marcia / fermata / arresto;Passeggero;M;Rifiuta cure immediate;0;NON DECEDUTO;;
4198439;11;26/01/2019 17:45:00;Strada Urbana;PIAZZA GIANCARLO VALLAURI;in prossimità;;del civico n.;2;;Scontro frontale fra veicoli in marcia;Rotatoria;Una carreggiata a senso unico di marcia;Asciutto;Asfaltata;Verticale ed orizzontale;Sereno;Scarso;Buona;Sufficiente;2;0;0;2;12.4828;41.8643;-1;2;Autovettura privata;In marcia / fermata / arresto;Conducente;M;Illeso;0;;Non accertato;
4198439;11;26/01/2019 17:45:00;Strada Urbana;PIAZZA GIANCARLO VALLAURI;in prossimità;;del civico n.;2;;Scontro frontale fra veicoli in marcia;Rotatoria;Una carreggiata a senso unico di marcia;Asciutto;Asfaltata;Verticale ed orizzontale;Sereno;Scarso;Buona;Sufficiente;2;0;0;2;12.4828;41.8643;-1;2;Autovettura privata;In marcia / fermata / arresto;Passeggero;F;Illeso;0;;;
4198440;13;27/01/2019 09:55:00;Strada Urbana;VIA DI MACCHIA SAPONARA;in corrispondenza;;del civico n.;158 a;;Veicolo in marcia contro ostacolo accidentale;Rettilineo;Una carreggiata a doppio senso;Asciutto;Asfaltata;Assente;Nuvoloso;Normale;Buona;Ore Diurne;0;0;0;1;12.3609;41.762;-1;1;Autovettura privata;In marcia / fermata / arresto;Conducente;M;Illeso;0;;Non accertato;Inesploso
4198448;5;25/01/2019 13:15:00;Strada Urbana;VIA DI PORTONACCIO;all'intersezione con;LARGO GIOVANNI PITTALUGA;LARGO GIOVANNI PITTALUGA;;;Scontro frontale/laterale DX fra veicoli in marcia;Intersezione stradale segnalata;Due carreggiate;Asciutto;Asfaltata;Verticale ed orizzontale;Sereno;Normale;Buona;Ore Diurne;1;0;0;2;12.5375;41.8995;-1;1;Autovettura privata;In marcia / fermata / arresto;Conducente;M;Illeso;0;;Non accertato;Inesploso
4198448;5;25/01/2019 13:15:00;Strada Urbana;VIA DI PORTONACCIO;all'intersezione con;LARGO GIOVANNI PITTALUGA;LARGO GIOVANNI PITTALUGA;;;Scontro frontale/laterale DX fra veicoli in marcia;Intersezione stradale segnalata;Due carreggiate;Asciutto;Asfaltata;Verticale ed orizzontale;Sereno;Normale;Buona;Ore Diurne;1;0;0;2;12.5375;41.8995;-1;1;Autovettura privata;In marcia / fermata / arresto;Passeggero;M;Rimandato;0;NON DECEDUTO;Non accertato;Inesploso
4198448;5;25/01/2019 13:15:00;Strada Urbana;VIA DI PORTONACCIO;all'intersezione con;LARGO GIOVANNI PITTALUGA;LARGO GIOVANNI PITTALUGA;;;Scontro frontale/laterale DX fra veicoli in marcia;Intersezione stradale segnalata;Due carreggiate;Asciutto;Asfaltata;Verticale ed orizzontale;Sereno;Normale;Buona;Ore Diurne;1;0;0;2;12.5375;41.8995;-1;2;Autovettura privata;In marcia / fermata / arresto;Conducente;M;Illeso;0;;Non accertato;Inesploso
4198456;5;25/01/2019 09:40:00;Strada Urbana;VIA TIBURTINA;da specificare;;;;altezza rampa GRA uscita direzione Tivoli;Scontro laterale fra veicoli in marcia;Rettilineo;Una carreggiata a doppio senso;Asciutto;Asfaltata;Verticale ed orizzontale;Sereno;Normale;Buona;Ore Diurne;0;0;0;2;12.6023;41.9334;-1;1;Autocarro inferiore 35 q.;In marcia / fermata / arresto;Conducente;M;Illeso;0;;Non accertato;
4198456;5;25/01/2019 09:40:00;Strada Urbana;VIA TIBURTINA;da specificare;;;;altezza rampa GRA uscita direzione Tivoli;Scontro laterale fra veicoli in marcia;Rettilineo;Una carreggiata a doppio senso;Asciutto;Asfaltata;Verticale ed orizzontale;Sereno;Normale;Buona;Ore Diurne;0;0;0;2;12.6023;41.9334;-1;2;Autovettura privata;In marcia / fermata / arresto;Conducente;M;Illeso;0;;Non accertato;
4198460;19;27/01/2019 02:00:00;Strada Urbana;VIA DI SELVA CANDIDA;all'intersezione con;VIA RITA ROSANI;VIA RITA ROSANI;;;Veicolo in marcia contro ostacolo fisso;Incrocio;Una carreggiata a doppio senso;Asciutto;Asfaltata;Orizzontale;Sereno;Scarso;Sufficiente;Sufficiente;0;0;0;1;12.3773;41.9344;-1;1;Autovettura privata;In marcia / fermata / arresto;Conducente;F;Illeso;0;;Non accertato;Inesploso
4198461;5;25/01/2019 16:10:00;;VIALE MARX;da specificare;;;;IN PROSSIMITA' DI VIA LESSING;Veicolo in marcia contro veicolo in sosta;;;;;;;;;;0;0;0;0;12.5615;41.9394;0;1;Autocarro inferiore 35 q.;In marcia / fermata / arresto;;;;;;;
4198461;5;25/01/2019 16:10:00;;VIALE MARX;da specificare;;;;IN PROSSIMITA' DI VIA LESSING;Veicolo in marcia contro veicolo in sosta;;;;;;;;;;0;0;0;0;12.5615;41.9394;0;2;Autocarro inferiore 35 q.;In marcia / fermata / arresto;;;;;;;
4198464;5;25/01/2019 16:40:00;Strada Urbana;VIA GIUSEPPE DONATI;in prossimità;;del civico n.;4;;Veicolo in marcia contro veicolo in sosta;Rettilineo;Una carreggiata a doppio senso;Asciutto;Asfaltata;Verticale ed orizzontale;Sereno;Normale;Buona;Ore Diurne;0;0;0;0;12.5473;41.9066;-1;1;Autovettura privata;Allontanatosi;;;;;;;
4198464;5;25/01/2019 16:40:00;Strada Urbana;VIA GIUSEPPE DONATI;in prossimità;;del civico n.;4;;Veicolo in marcia contro veicolo in sosta;Rettilineo;Una carreggiata a doppio senso;Asciutto;Asfaltata;Verticale ed orizzontale;Sereno;Normale;Buona;Ore Diurne;0;0;0;0;12.5473;41.9066;-1;2;Autovettura privata;Sosta;;;;;;;
4198470;11;27/01/2019 00:20:00;Strada Urbana;VIA OSTIENSE;da specificare;;;;controlaterale civ.131/R;Scontro laterale fra veicoli in marcia;Rettilineo;Una carreggiata a senso unico di marcia;Asciutto;Asfaltata;Verticale;Sereno;Normale;Sufficiente;Sufficiente;1;0;0;2;12.4794;41.8658;-1;1;Autovettura privata;In marcia / fermata / arresto;Conducente;F;Illeso;0;;Non accertato;
4198470;11;27/01/2019 00:20:00;Strada Urbana;VIA OSTIENSE;da specificare;;;;controlaterale civ.131/R;Scontro laterale fra veicoli in marcia;Rettilineo;Una carreggiata a senso unico di marcia;Asciutto;Asfaltata;Verticale;Sereno;Normale;Sufficiente;Sufficiente;1;0;0;2;12.4794;41.8658;-1;2;Ciclomotore;In marcia / fermata / arresto;Conducente;M;Illeso;0;;Non accertato;
4198470;11;27/01/2019 00:20:00;Strada Urbana;VIA OSTIENSE;da specificare;;;;controlaterale civ.131/R;Scontro laterale fra veicoli in marcia;Rettilineo;Una carreggiata a senso unico di marcia;Asciutto;Asfaltata;Verticale;Sereno;Normale;Sufficiente;Sufficiente;1;0;0;2;12.4794;41.8658;-1;2;Ciclomotore;In marcia / fermata / arresto;Passeggero;M;Rimandato;0;NON DECEDUTO;Non accertato;
4198470;11;27/01/2019 00:20:00;Strada Urbana;VIA OSTIENSE;da specificare;;;;controlaterale civ.131/R;Scontro laterale fra veicoli in marcia;Rettilineo;Una carreggiata a senso unico di marcia;Asciutto;Asfaltata;Verticale;Sereno;Normale;Sufficiente;Sufficiente;1;0;0;2;12.4794;41.8658;-1;3;Autovettura privata;Sosta;;;;;;;
4198471;6;27/01/2019 12:55:00;Strada Urbana;VIA COLLATINA;in prossimità;;del civico n.;112b;;Scontro laterale fra veicoli in marcia;Rettilineo;Una carreggiata a doppio senso;Asciutto;Asfaltata;Verticale ed orizzontale;Nuvoloso;Normale;Buona;Ore Diurne;1;0;0;4;12.4964;41.9028;-1;1;Autovettura privata;In marcia / fermata / arresto;Conducente;M;Illeso;0;;Non accertato;Inesploso
4198471;6;27/01/2019 12:55:00;Strada Urbana;VIA COLLATINA;in prossimità;;del civico n.;112b;;Scontro laterale fra veicoli in marcia;Rettilineo;Una carreggiata a doppio senso;Asciutto;Asfaltata;Verticale ed orizzontale;Nuvoloso;Normale;Buona;Ore Diurne;1;0;0;4;12.4964;41.9028;-1;1;Autovettura privata;In marcia / fermata / arresto;Passeggero;F;Rimandato;0;NON DECEDUTO;Non accertato;Inesploso
4198471;6;27/01/2019 12:55:00;Strada Urbana;VIA COLLATINA;in prossimità;;del civico n.;112b;;Scontro laterale fra veicoli in marcia;Rettilineo;Una carreggiata a doppio senso;Asciutto;Asfaltata;Verticale ed orizzontale;Nuvoloso;Normale;Buona;Ore Diurne;1;0;0;4;12.4964;41.9028;-1;2;Autovettura privata;In marcia / fermata / arresto;Conducente;M;Illeso;0;;;
4198471;6;27/01/2019 12:55:00;Strada Urbana;VIA COLLATINA;in prossimità;;del civico n.;112b;;Scontro laterale fra veicoli in marcia;Rettilineo;Una carreggiata a doppio senso;Asciutto;Asfaltata;Verticale ed orizzontale;Nuvoloso;Normale;Buona;Ore Diurne;1;0;0;4;12.4964;41.9028;-1;3;Autovettura privata;In marcia / fermata / arresto;Conducente;M;Illeso;0;;;
4198471;6;27/01/2019 12:55:00;Strada Urbana;VIA COLLATINA;in prossimità;;del civico n.;112b;;Scontro laterale fra veicoli in marcia;Rettilineo;Una carreggiata a doppio senso;Asciutto;Asfaltata;Verticale ed orizzontale;Nuvoloso;Normale;Buona;Ore Diurne;1;0;0;4;12.4964;41.9028;-1;3;Autovettura privata;In marcia / fermata / arresto;Passeggero;F;Illeso;0;;;
4198472;5;26/01/2019 08:45:00;Strada Urbana;VIA TIBURTINA;in prossimità;;del civico n.;1095;;Scontro frontale/laterale DX fra veicoli in marcia;Rettilineo;Due carreggiate;Asciutto;Asfaltata;Temporanea di cantiere;Sereno;Normale;Buona;Ore Diurne;1;0;0;1;12.5872;41.9327;-1;1;Motociclo a solo;In marcia / fermata / arresto;Conducente;M;Rimandato;0;NON DECEDUTO;Non accertato;
4198472;5;26/01/2019 08:45:00;Strada Urbana;VIA TIBURTINA;in prossimità;;del civico n.;1095;;Scontro frontale/laterale DX fra veicoli in marcia;Rettilineo;Due carreggiate;Asciutto;Asfaltata;Temporanea di cantiere;Sereno;Normale;Buona;Ore Diurne;1;0;0;1;12.5872;41.9327;-1;2;Autovettura privata;In marcia / fermata / arresto;Conducente;F;Illeso;0;;Non accertato;Inesploso
4198477;8;26/01/2019 10:20:00;;VIA DI TOR BELLA MONACA;in prossimità;;del palo luce n.;10;;Veicolo in marcia contro ostacolo accidentale;;;;;;;;;;0;0;0;1;12.6282;41.8763;0;1;Autovettura privata;In marcia / fermata / arresto;Conducente;M;Illeso;0;;Non accertato;Inesploso
4198478;11;26/01/2019 20:40:00;Strada Urbana;VIA GIOVANNI ANSALDO;da specificare;;;;prossimità P.za Longobardi;Investimento di pedone;Rettilineo;Una carreggiata a senso unico di marcia;Asciutto;Asfaltata;Verticale ed orizzontale;Sereno;Scarso;Buona;Sufficiente;1;0;0;1;12.4889;41.8639;-1;;;;Pedone;M;Rimandato;0;NON DECEDUTO;;
4198478;11;26/01/2019 20:40:00;Strada Urbana;VIA GIOVANNI ANSALDO;da specificare;;;;prossimità P.za Longobardi;Investimento di pedone;Rettilineo;Una carreggiata a senso unico di marcia;Asciutto;Asfaltata;Verticale ed orizzontale;Sereno;Scarso;Buona;Sufficiente;1;0;0;1;12.4889;41.8639;-1;1;Autovettura privata;In marcia / fermata / arresto;Conducente;F;Illeso;0;;;
4198480;8;26/01/2019 10:55:00;Strada Urbana;VIA ORTONA DE' MARSI;da specificare;;;;prossimità VIA MASSA DI SAN GIULIANO;Scontro laterale fra veicoli in marcia;Rettilineo;Una carreggiata a doppio senso;Asciutto;Asfaltata;Verticale ed orizzontale;Sereno;Normale;Buona;Ore Diurne;0;0;0;2;12.6906;41.914;-1;1;Autovettura privata;In marcia / fermata / arresto;Conducente;M;Illeso;0;;Non accertato;Inesploso
4198480;8;26/01/2019 10:55:00;Strada Urbana;VIA ORTONA DE' MARSI;da specificare;;;;prossimità VIA MASSA DI SAN GIULIANO;Scontro laterale fra veicoli in marcia;Rettilineo;Una carreggiata a doppio senso;Asciutto;Asfaltata;Verticale ed orizzontale;Sereno;Normale;Buona;Ore Diurne;0;0;0;2;12.6906;41.914;-1;2;Autobus di linea;In marcia / fermata / arresto;Conducente;M;Illeso;0;;Non accertato;Inesploso
4198481;13;27/01/2019 19:30:00;Strada Urbana;VIA DI ACILIA;in corrispondenza;;del civico n.;290;;Veicolo in marcia contro ostacolo accidentale;Rettilineo;Una carreggiata a doppio senso;Bagnato (pioggia);Asfaltata;Verticale ed orizzontale;Pioggia in atto;Normale;Buona;Sufficiente;0;0;0;4;12.3709;41.774;-1;1;Autovettura privata;In marcia / fermata / arresto;Conducente;M;Illeso;0;;Non accertato;Inesploso
4198481;13;27/01/2019 19:30:00;Strada Urbana;VIA DI ACILIA;in corrispondenza;;del civico n.;290;;Veicolo in marcia contro ostacolo accidentale;Rettilineo;Una carreggiata a doppio senso;Bagnato (pioggia);Asfaltata;Verticale ed orizzontale;Pioggia in atto;Normale;Buona;Sufficiente;0;0;0;4;12.3709;41.774;-1;1;Autovettura privata;In marcia / fermata / arresto;Passeggero;F;Illeso;0;;Non accertato;Inesploso
4198481;13;27/01/2019 19:30:00;Strada Urbana;VIA DI ACILIA;in corrispondenza;;del civico n.;290;;Veicolo in marcia contro ostacolo accidentale;Rettilineo;Una carreggiata a doppio senso;Bagnato (pioggia);Asfaltata;Verticale ed orizzontale;Pioggia in atto;Normale;Buona;Sufficiente;0;0;0;4;12.3709;41.774;-1;1;Autovettura privata;In marcia / fermata / arresto;Passeggero;M;Illeso;0;;Non accertato;Inesploso
4198481;13;27/01/2019 19:30:00;Strada Urbana;VIA DI ACILIA;in corrispondenza;;del civico n.;290;;Veicolo in marcia contro ostacolo accidentale;Rettilineo;Una carreggiata a doppio senso;Bagnato (pioggia);Asfaltata;Verticale ed orizzontale;Pioggia in atto;Normale;Buona;Sufficiente;0;0;0;4;12.3709;41.774;-1;1;Autovettura privata;In marcia / fermata / arresto;Passeggero;F;Illeso;0;;Non accertato;Inesploso
4198482;19;27/01/2019 14:50:00;Strada Urbana;VIA TRIONFALE;all'intersezione con;VIA SILVIO ANTONIANO;VIA SILVIO ANTONIANO;;;Veicolo in marcia contro ostacolo accidentale;Incrocio;Una carreggiata a doppio senso;Bagnato (umidità in atto);Asfaltata;Orizzontale;Nuvoloso;Normale;Buona;Ore Diurne;0;0;0;1;12.4229;41.9409;-1;1;Autovettura privata;In marcia / fermata / arresto;Conducente;M;Illeso;0;;Non accertato;Inesploso
4198483;5;26/01/2019 10:00:00;Strada Urbana;VIA DI PIETRALATA;in corrispondenza;;del civico n.;347;;Veicolo in marcia contro veicolo fermo;Rettilineo;Una carreggiata a doppio senso;Asciutto;Asfaltata;Assente;Sereno;Normale;Buona;Ore Diurne;1;0;0;1;12.5515;41.9195;-1;1;Autovettura privata;In marcia / fermata / arresto;Conducente;M;Illeso;0;;Non accertato;Inesploso
4198483;5;26/01/2019 10:00:00;Strada Urbana;VIA DI PIETRALATA;in corrispondenza;;del civico n.;347;;Veicolo in marcia contro veicolo fermo;Rettilineo;Una carreggiata a doppio senso;Asciutto;Asfaltata;Assente;Sereno;Normale;Buona;Ore Diurne;1;0;0;1;12.5515;41.9195;-1;2;Motociclo a solo;In marcia / fermata / arresto;Conducente;M;Rimandato;0;NON DECEDUTO;Non accertato;