Protocollo;Gruppo;DataOraIncidente;Localizzazione1;STRADA1;Localizzazione2;STRADA2;Strada02;Chilometrica;DaSpecificare;NaturaIncidente;particolaritastrade;TipoStrada;FondoStradale;Pavimentazione;Segnaletica;CondizioneAtmosferica;Traffico;Visibilita;Illuminazione;NUM_FERITI;NUM_RISERVATA;NUM_MORTI;NUM_ILLESI;Longitudine;Latitudine;Confermato;Progressivo;TipoVeicolo;StatoVeicolo;TipoPersona;Sesso;Tipolesione;Deceduto;DecedutoDopo;CinturaCascoUtilizzato;Airbag;
4200252;11;28/01/2019 20:30:00;Strada Urbana;PIAZZALE DEI CADUTI DELLA MONTAGNOLA;all'intersezione semaforizzata con;VIA BALDASSARRE CASTIGLIONE;VIA BALDASSARRE CASTIGLIONE;;;Scontro frontale/laterale DX fra veicoli in marcia;Intersezione semaforizzata;Una carreggiata a doppio senso;Asciutto;Asfaltata;Verticale ed orizzontale;Nuvoloso;Scarso;Buona;Sufficiente;0;0;0;2;12.4834;41.8454;-1;2;Autocarro inferiore 35 q.;In marcia / fermata / arresto;Conducente;M;Illeso;0;;;
4200255;17;28/01/2019 15:05:00;Strada Urbana;CIRCONVALLAZIONE CLODIA;in prossimità;;del civico n.;74 D;;Tamponamento;Rettilineo;Due carreggiate;Bagnato (pioggia);Asfaltata;Verticale ed orizzontale;Pioggia in atto;Normale;Buona;Ore Diurne;0;0;0;2;12.4572;41.9194;-1;1;Autovettura privata;In marcia / fermata / arresto;Conducente;F;Illeso;0;;;
4200255;17;28/01/2019 15:05:00;Strada Urbana;CIRCONVALLAZIONE CLODIA;in prossimità;;del civico n.;74 D;;Tamponamento;Rettilineo;Due carreggiate;Bagnato (pioggia);Asfaltata;Verticale ed orizzontale;Pioggia in atto;Normale;Buona;Ore Diurne;0;0;0;2;12.4572;41.9194;-1;2;Ciclomotore;In marcia / fermata / arresto;Conducente;M;Illeso;0;;;
4200256;8;28/01/2019 18:15:00;Strada Urbana;VIA CASILINA;all'intersezione con;VIA DEL PONTE DI PANTANO;VIA DEL PONTE DI PANTANO;;;Scontro frontale/laterale DX fra veicoli in marcia;Incrocio;Una carreggiata a doppio senso;Bagnato (pioggia);Asfaltata;Assente;Pioggia in atto;Normale;Sufficiente;Sufficiente;0;0;0;2;12.7011;41.8652;0;1;Autovettura privata;In marcia / fermata / arresto;Conducente;M;Illeso;0;;;
4200256;8;28/01/2019 18:15:00;Strada Urbana;VIA CASILINA;all'intersezione con;VIA DEL PONTE DI PANTANO;VIA DEL PONTE DI PANTANO;;;Scontro frontale/laterale DX fra veicoli in marcia;Incrocio;Una carreggiata a doppio senso;Bagnato (pioggia);Asfaltata;Assente;Pioggia in atto;Normale;Sufficiente;Sufficiente;0;0;0;2;12.7011;41.8652;0;1;Autovettura privata;In marcia / fermata / arresto;Passeggero;F;Illeso;0;;;
4200256;8;28/01/2019 18:15:00;Strada Urbana;VIA CASILINA;all'intersezione con;VIA DEL PONTE DI PANTANO;VIA DEL PONTE DI PANTANO;;;Scontro frontale/laterale DX fra veicoli in marcia;Incrocio;Una carreggiata a doppio senso;Bagnato (pioggia);Asfaltata;Assente;Pioggia in atto;Normale;Sufficiente;Sufficiente;0;0;0;2;12.7011;41.8652;0;2;Autovettura privata;In marcia / fermata / arresto;;;;;;;
4200262;11;28/01/2019 07:00:00;Strada Urbana;VIA CRISTOFORO COLOMBO;all'intersezione semaforizzata con;VIA CESARE FEDERICI;VIA CESARE FEDERICI;;;Scontro laterale fra veicoli in marcia;Incrocio;Più di due carreggiate;Asciutto;Asfaltata;Verticale ed orizzontale;Nuvoloso;Intenso;Buona;Ore Diurne;0;0;0;2;12.4976;41.8638;-1;1;Autovettura privata;In marcia / fermata / arresto;Conducente;M;Illeso;0;;Non accertato;
4200262;11;28/01/2019 07:00:00;Strada Urbana;VIA CRISTOFORO COLOMBO;all'intersezione semaforizzata con;VIA CESARE FEDERICI;VIA CESARE FEDERICI;;;Scontro laterale fra veicoli in marcia;Incrocio;Più di due carreggiate;Asciutto;Asfaltata;Verticale ed orizzontale;Nuvoloso;Intenso;Buona;Ore Diurne;0;0;0;2;12.4976;41.8638;-1;2;Autovettura pubblica;In marcia / fermata / arresto;Conducente;M;Illeso;0;;Non accertato;
4200263;17;28/01/2019 12:50:00;Strada Urbana;VIA ANTONIO VARISCO;all'intersezione con;VIA MARIO AMATO;VIA MARIO AMATO;;;Scontro frontale/laterale SX fra veicoli in marcia;Incrocio;Una carreggiata a doppio senso;Asciutto;Asfaltata;Verticale ed orizzontale;Nuvoloso;Scarso;Buona;Ore Diurne;0;0;0;2;12.4507;41.9154;-1;1;Autovettura privata;In marcia / fermata / arresto;Conducente;F;Illeso;0;;;
4200263;17;28/01/2019 12:50:00;Strada Urbana;VIA ANTONIO VARISCO;all'intersezione con;VIA MARIO AMATO;VIA MARIO AMATO;;;Scontro frontale/laterale SX fra veicoli in marcia;Incrocio;Una carreggiata a doppio senso;Asciutto;Asfaltata;Verticale ed orizzontale;Nuvoloso;Scarso;Buona;Ore Diurne;0;0;0;2;12.4507;41.9154;-1;2;Autovettura privata;In marcia / fermata / arresto;Conducente;F;Illeso;0;;;
4200267;12;28/01/2019 19:30:00;Strada Urbana;VIALE ROMOLO MURRI;da specificare;;;;alt. attraversamento pedonale;Investimento di pedone;Curva a visuale libera;Una carreggiata a doppio senso;Bagnato (pioggia);Asfaltata;Verticale ed orizzontale;Nuvoloso;Normale;Sufficiente;Sufficiente;1;0;0;1;12.4676;41.839;-1;;;;Pedone;M;Rimandato;0;NON DECEDUTO;;
4200267;12;28/01/2019 19:30:00;Strada Urbana;VIALE ROMOLO MURRI;da specificare;;;;alt. attraversamento pedonale;Investimento di pedone;Curva a visuale libera;Una carreggiata a doppio senso;Bagnato (pioggia);Asfaltata;Verticale ed orizzontale;Nuvoloso;Normale;Sufficiente;Sufficiente;1;0;0;1;12.4676;41.839;-1;1;Autovettura privata;In marcia / fermata / arresto;Conducente;M;Illeso;0;;;
4200277;12;28/01/2019 17:00:00;Provinciale entro l'abitato;VIA LAURENTINA;in prossimità;;della chilometrica;9.9;;Veicolo in marcia contro ostacolo accidentale;Rettilineo;Una carreggiata a senso unico di marcia;Bagnato (umidità in atto);Con buche;Verticale ed orizzontale;Nuvoloso;Normale;Buona;Ore Diurne;0;0;0;1;12.4852;41.8101;-1;1;Motociclo a solo;In marcia / fermata / arresto;Conducente;M;Illeso;0;;;
4200286;8;28/01/2019 09:15:00;Strada Urbana;VIALE OXFORD;da specificare;;;;area parcheggio interno PTV fr. capolinea;Scontro laterale fra veicoli in marcia;Rettilineo;Una carreggiata a senso unico di marcia;Asciutto;Asfaltata;Verticale ed orizzontale;Nuvoloso;Normale;Sufficiente;Ore Diurne;0;0;0;2;12.6275;41.8612;-1;1;Autovettura privata;In marcia / fermata / arresto;Conducente;M;Illeso;0;;Non accertato;Inesploso
4200286;8;28/01/2019 09:15:00;Strada Urbana;VIALE OXFORD;da specificare;;;;area parcheggio interno PTV fr. capolinea;Scontro laterale fra veicoli in marcia;Rettilineo;Una carreggiata a senso unico di marcia;Asciutto;Asfaltata;Verticale ed orizzontale;Nuvoloso;Normale;Sufficiente;Ore Diurne;0;0;0;2;12.6275;41.8612;-1;2;Autovettura privata;In marcia / fermata / arresto;Conducente;M;Illeso;0;;Non accertato;
4200290;6;28/01/2019 21:40:00;Strada Urbana;VIA AUGUSTO DULCERI;all'intersezione con;VIA ANTONIO TEMPESTA;VIA ANTONIO TEMPESTA;;;Scontro frontale/laterale SX fra veicoli in marcia;Intersezione non regolata/non segnalata;Una carreggiata a senso unico di marcia;Bagnato (umidità in atto);Asfaltata;Verticale;Nuvoloso;Scarso;Sufficiente;Sufficiente;1;0;0;3;12.5381;41.884;-1;1;Autovettura privata;In marcia / fermata / arresto;Conducente;M;Illeso;0;;Non accertato;Esploso
4200290;6;28/01/2019 21:40:00;Strada Urbana;VIA AUGUSTO DULCERI;all'intersezione con;VIA ANTONIO TEMPESTA;VIA ANTONIO TEMPESTA;;;Scontro frontale/laterale SX fra veicoli in marcia;Intersezione non regolata/non segnalata;Una carreggiata a senso unico di marcia;Bagnato (umidità in atto);Asfaltata;Verticale;Nuvoloso;Scarso;Sufficiente;Sufficiente;1;0;0;3;12.5381;41.884;-1;1;Autovettura privata;In marcia / fermata / arresto;Passeggero;F;Rifiuta cure immediate;0;NON DECEDUTO;Non accertato;Esploso
4200290;6;28/01/2019 21:40:00;Strada Urbana;VIA AUGUSTO DULCERI;all'intersezione con;VIA ANTONIO TEMPESTA;VIA ANTONIO TEMPESTA;;;Scontro frontale/laterale SX fra veicoli in marcia;Intersezione non regolata/non segnalata;Una carreggiata a senso unico di marcia;Bagnato (umidità in atto);Asfaltata;Verticale;Nuvoloso;Scarso;Sufficiente;Sufficiente;1;0;0;3;12.5381;41.884;-1;2;Autovettura privata;In marcia / fermata / arresto;Conducente;M;Illeso;0;;Non accertato;Inesploso
4200290;6;28/01/2019 21:40:00;Strada Urbana;VIA AUGUSTO DULCERI;all'intersezione con;VIA ANTONIO TEMPESTA;VIA ANTONIO TEMPESTA;;;Scontro frontale/laterale SX fra veicoli in marcia;Intersezione non regolata/non segnalata;Una carreggiata a senso unico di marcia;Bagnato (umidità in atto);Asfaltata;Verticale;Nuvoloso;Scarso;Sufficiente;Sufficiente;1;0;0;3;12.5381;41.884;-1;2;Autovettura privata;In marcia / fermata / arresto;Passeggero;F;Illeso;0;;Non accertato;Inesploso
4200290;6;28/01/2019 21:40:00;Strada Urbana;VIA AUGUSTO DULCERI;all'intersezione con;VIA ANTONIO TEMPESTA;VIA ANTONIO TEMPESTA;;;Scontro frontale/laterale SX fra veicoli in marcia;Intersezione non regolata/non segnalata;Una carreggiata a senso unico di marcia;Bagnato (umidità in atto);Asfaltata;Verticale;Nuvoloso;Scarso;Sufficiente;Sufficiente;1;0;0;3;12.5381;41.884;-1;3;Autovettura privata;Sosta;;;;;;;
4200290;6;28/01/2019 21:40:00;Strada Urbana;VIA AUGUSTO DULCERI;all'intersezione con;VIA ANTONIO TEMPESTA;VIA ANTONIO TEMPESTA;;;Scontro frontale/laterale SX fra veicoli in marcia;Intersezione non regolata/non segnalata;Una carreggiata a senso unico di marcia;Bagnato (umidità in atto);Asfaltata;Verticale;Nuvoloso;Scarso;Sufficiente;Sufficiente;1;0;0;3;12.5381;41.884;-1;4;Autovettura privata;Sosta;;;;;;;
4200290;6;28/01/2019 21:40:00;Strada Urbana;VIA AUGUSTO DULCERI;all'intersezione con;VIA ANTONIO TEMPESTA;VIA ANTONIO TEMPESTA;;;Scontro frontale/laterale SX fra veicoli in marcia;Intersezione non regolata/non segnalata;Una carreggiata a senso unico di marcia;Bagnato (umidità in atto);Asfaltata;Verticale;Nuvoloso;Scarso;Sufficiente;Sufficiente;1;0;0;3;12.5381;41.884;-1;5;Autovettura privata;Sosta;;;;;;;
4200294;11;27/01/2019 21:05:00;Strada Urbana;VIA APPIA NUOVA;all'intersezione semaforizzata con;VIA APPIA PIGNATELLI;VIA APPIA PIGNATELLI;;;Tamponamento;Intersezione semaforizzata;Più di due carreggiate;Bagnato (pioggia);Asfaltata;Verticale ed orizzontale;Pioggia in atto;Normale;Buona;Sufficiente;2;0;0;3;12.5514;41.8361;-1;1;Autovettura privata;In marcia / fermata / arresto;Conducente;M;Illeso;0;;Non accertato;
4200294;11;27/01/2019 21:05:00;Strada Urbana;VIA APPIA NUOVA;all'intersezione semaforizzata con;VIA APPIA PIGNATELLI;VIA APPIA PIGNATELLI;;;Tamponamento;Intersezione semaforizzata;Più di due carreggiate;Bagnato (pioggia);Asfaltata;Verticale ed orizzontale;Pioggia in atto;Normale;Buona;Sufficiente;2;0;0;3;12.5514;41.8361;-1;1;Autovettura privata;In marcia / fermata / arresto;Passeggero;F;Illeso;0;;;
4200294;11;27/01/2019 21:05:00;Strada Urbana;VIA APPIA NUOVA;all'intersezione semaforizzata con;VIA APPIA PIGNATELLI;VIA APPIA PIGNATELLI;;;Tamponamento;Intersezione semaforizzata;Più di due carreggiate;Bagnato (pioggia);Asfaltata;Verticale ed orizzontale;Pioggia in atto;Normale;Buona;Sufficiente;2;0;0;3;12.5514;41.8361;-1;1;Autovettura privata;In marcia / fermata / arresto;Passeggero;M;Illeso;0;;;
4200294;11;27/01/2019 21:05:00;Strada Urbana;VIA APPIA NUOVA;all'intersezione semaforizzata con;VIA APPIA PIGNATELLI;VIA APPIA PIGNATELLI;;;Tamponamento;Intersezione semaforizzata;Più di due carreggiate;Bagnato (pioggia);Asfaltata;Verticale ed orizzontale;Pioggia in atto;Normale;Buona;Sufficiente;2;0;0;3;12.5514;41.8361;-1;1;Autovettura privata;In marcia / fermata / arresto;Passeggero;M;Rimandato;0;NON DECEDUTO;;
4200294;11;27/01/2019 21:05:00;Strada Urbana;VIA APPIA NUOVA;all'intersezione semaforizzata con;VIA APPIA PIGNATELLI;VIA APPIA PIGNATELLI;;;Tamponamento;Intersezione semaforizzata;Più di due carreggiate;Bagnato (pioggia);Asfaltata;Verticale ed orizzontale;Pioggia in atto;Normale;Buona;Sufficiente;2;0;0;3;12.5514;41.8361;-1;2;Autovettura privata;In marcia / fermata / arresto;Conducente;F;Rimandato;0;NON DECEDUTO;Non accertato;
4200297;8;28/01/2019 17:00:00;Strada Urbana;VIA DELLA TENUTA DI TORRENOVA;in corrispondenza;;del civico n.;107;;Veicolo in marcia contro ostacolo accidentale;Rettilineo;Una carreggiata a doppio senso;Bagnato (pioggia);Asfaltata;Verticale ed orizzontale;Pioggia in atto;Normale;Sufficiente;Sufficiente;0;0;0;2;12.6168;41.8583;-1;1;Autovettura privata;In marcia / fermata / arresto;Conducente;M;Illeso;0;;;
4200297;8;28/01/2019 17:00:00;Strada Urbana;VIA DELLA TENUTA DI TORRENOVA;in corrispondenza;;del civico n.;107;;Veicolo in marcia contro ostacolo accidentale;Rettilineo;Una carreggiata a doppio senso;Bagnato (pioggia);Asfaltata;Verticale ed orizzontale;Pioggia in atto;Normale;Sufficiente;Sufficiente;0;0;0;2;12.6168;41.8583;-1;1;Autovettura privata;In marcia / fermata / arresto;Passeggero;F;Illeso;0;;;
4200301;8;28/01/2019 07:45:00;Strada Urbana;VIA DI TOR BELLA MONACA;da specificare;;;;alt. cavalcavia torrenova dir. GRA;Veicolo in marcia contro ostacolo accidentale;Curva a visuale libera;Una carreggiata a senso unico di marcia;Bagnato (umidità in atto);Con buche;Verticale ed orizzontale;Nuvoloso;Normale;Sufficiente;Ore Diurne;0;0;0;1;12.6282;41.8763;-1;1;Autovettura privata;In marcia / fermata / arresto;Conducente;M;Illeso;0;;Non accertato;Inesploso
4200303;12;28/01/2019 14:00:00;Statale entro l'abitato;VIA OSTIENSE;all'intersezione con;VIA MONTE DEL FINOCCHIO;VIA MONTE DEL FINOCCHIO;;;Scontro frontale/laterale DX fra veicoli in marcia;Intersezione stradale segnalata;Una carreggiata a doppio senso;Asciutto;Asfaltata;Verticale ed orizzontale;Nuvoloso;Normale;Buona;Ore Diurne;0;0;0;2;12.4539;41.8329;-1;1;Autocarro inferiore 35 q.;In marcia / fermata / arresto;Conducente;M;Illeso;0;;Non accertato;Inesploso
4200303;12;28/01/2019 14:00:00;Statale entro l'abitato;VIA OSTIENSE;all'intersezione con;VIA MONTE DEL FINOCCHIO;VIA MONTE DEL FINOCCHIO;;;Scontro frontale/laterale DX fra veicoli in marcia;Intersezione stradale segnalata;Una carreggiata a doppio senso;Asciutto;Asfaltata;Verticale ed orizzontale;Nuvoloso;Normale;Buona;Ore Diurne;0;0;0;2;12.4539;41.8329;-1;2;Autovettura privata;In marcia / fermata / arresto;Conducente;M;Illeso;0;;Utilizzato;Inesploso
4200305;5;28/01/2019 18:00:00;Strada Urbana;VIA TIBURTINA;all'intersezione semaforizzata con;VIA DI PORTONACCIO;VIA DI PORTONACCIO;;;Scontro laterale fra veicoli in marcia;Intersezione semaforizzata;Una carreggiata a doppio senso;Bagnato (umidità in atto);Asfaltata;Verticale ed orizzontale;Nuvoloso;Intenso;Sufficiente;Sufficiente;0;0;0;3;12.5342;41.9081;-1;1;Autovettura privata;In marcia / fermata / arresto;Conducente;M;Illeso;0;;Non accertato;
4200305;5;28/01/2019 18:00:00;Strada Urbana;VIA TIBURTINA;all'intersezione semaforizzata con;VIA DI PORTONACCIO;VIA DI PORTONACCIO;;;Scontro laterale fra veicoli in marcia;Intersezione semaforizzata;Una carreggiata a doppio senso;Bagnato (umidità in atto);Asfaltata;Verticale ed orizzontale;Nuvoloso;Intenso;Sufficiente;Sufficiente;0;0;0;3;12.5342;41.9081;-1;2;Autovettura privata;In marcia / fermata / arresto;Conducente;F;Illeso;0;;Non accertato;
4200305;5;28/01/2019 18:00:00;Strada Urbana;VIA TIBURTINA;all'intersezione semaforizzata con;VIA DI PORTONACCIO;VIA DI PORTONACCIO;;;Scontro laterale fra veicoli in marcia;Intersezione semaforizzata;Una carreggiata a doppio senso;Bagnato (umidità in atto);Asfaltata;Verticale ed orizzontale;Nuvoloso;Intenso;Sufficiente;Sufficiente;0;0;0;3;12.5342;41.9081;-1;3;Autobus urbano;In marcia / fermata / arresto;Conducente;M;Illeso;0;;Non accertato;
4200312;7;28/01/2019 15:30:00;Strada Urbana;VIA CASILINA;in corrispondenza;;del civico n.;997;;Tamponamento Multiplo;Rettilineo;Una carreggiata a doppio senso;Asciutto;Asfaltata;Orizzontale;Nuvoloso;Normale;Buona;Ore Diurne;1;0;0;2;12.5813;41.8704;-1;1;Autovettura privata;In marcia / fermata / arresto;Conducente;F;Illeso;0;;Non accertato;Inesploso
4200312;7;28/01/2019 15:30:00;Strada Urbana;VIA CASILINA;in corrispondenza;;del civico n.;997;;Tamponamento Multiplo;Rettilineo;Una carreggiata a doppio senso;Asciutto;Asfaltata;Orizzontale;Nuvoloso;Normale;Buona;Ore Diurne;1;0;0;2;12.5813;41.8704;-1;2;Autovettura privata;In marcia / fermata / arresto;Conducente;M;Rimandato;0;NON DECEDUTO;Non accertato;
4200312;7;28/01/2019 15:30:00;Strada Urbana;VIA CASILINA;in corrispondenza;;del civico n.;997;;Tamponamento Multiplo;Rettilineo;Una carreggiata a doppio senso;Asciutto;Asfaltata;Orizzontale;Nuvoloso;Normale;Buona;Ore Diurne;1;0;0;2;12.5813;41.8704;-1;3;Autovettura privata;In marcia / fermata / arresto;Conducente;M;Illeso;0;;Non accertato;Inesploso
4200318;19;28/01/2019 11:25:00;Strada Urbana;VIA VITTORIO MONTIGLIO;da specificare;;;;Seconda curva a scendere.;Ribaltamento senza urto contro ostacolo fisso;Curva senza visuale libera;Una carreggiata a doppio senso;Bagnato (umidità in atto);Asfaltata;Orizzontale;Sereno;Normale;Buona;Ore Diurne;0;0;0;1;12.4287;41.9242;-1;1;Motociclo a solo;In marcia / fermata / arresto;Conducente;M;Illeso;0;;Non accertato;
4200320;13;28/01/2019 07:40:00;Strada Urbana;VIA GIUSEPPE BEDUSCHI;in prossimità;;del civico n.;69;;Scontro frontale/laterale DX fra veicoli in marcia;Rettilineo;Una carreggiata a doppio senso;Asciutto;Asfaltata;Verticale;Sereno;Normale;Buona;Ore Diurne;0;0;0;5;12.3515;41.7892;-1;1;Autovettura privata;In marcia / fermata / arresto;Conducente;M;Illeso;0;;Non accertato;Inesploso
4200320;13;28/01/2019 07:40:00;Strada Urbana;VIA GIUSEPPE BEDUSCHI;in prossimità;;del civico n.;69;;Scontro frontale/laterale DX fra veicoli in marcia;Rettilineo;Una carreggiata a doppio senso;Asciutto;Asfaltata;Verticale;Sereno;Normale;Buona;Ore Diurne;0;0;0;5;12.3515;41.7892;-1;1;Autovettura privata;In marcia / fermata / arresto;Passeggero;F;Illeso;0;;Non accertato;Inesploso
4200320;13;28/01/2019 07:40:00;Strada Urbana;VIA GIUSEPPE BEDUSCHI;in prossimità;;del civico n.;69;;Scontro frontale/laterale DX fra veicoli in marcia;Rettilineo;Una carreggiata a doppio senso;Asciutto;Asfaltata;Verticale;Sereno;Normale;Buona;Ore Diurne;0;0;0;5;12.3515;41.7892;-1;1;Autovettura privata;In marcia / fermata / arresto;Passeggero;F;Illeso;0;;Non accertato;Inesploso
4200320;13;28/01/2019 07:40:00;Strada Urbana;VIA GIUSEPPE BEDUSCHI;in prossimità;;del civico n.;69;;Scontro frontale/laterale DX fra veicoli in marcia;Rettilineo;Una carreggiata a doppio senso;Asciutto;Asfaltata;Verticale;Sereno;Normale;Buona;Ore Diurne;0;0;0;5;12.3515;41.7892;-1;2;Autovettura privata;In marcia / fermata / arresto;Conducente;M;Illeso;0;;Non accertato;Inesploso
4200320;13;28/01/2019 07:40:00;Strada Urbana;VIA GIUSEPPE BEDUSCHI;in prossimità;;del civico n.;69;;Scontro frontale/laterale DX fra veicoli in marcia;Rettilineo;Una carreggiata a doppio senso;Asciutto;Asfaltata;Verticale;Sereno;Normale;Buona;Ore Diurne;0;0;0;5;12.3515;41.7892;-1;2;Autovettura privata;In marcia / fermata / arresto;Passeggero;F;Illeso;0;;Non accertato;Inesploso
4200322;5;28/01/2019 18:40:00;;VIA DI TOR CERVARA;in corrispondenza;;del civico n.;219;;Veicolo in marcia contro ostacolo accidentale;;;;;;;;;;0;0;0;0;12.5905;41.9145;0;1;Autovettura privata;In marcia / fermata / arresto;;;;;;;
4200325;8;28/01/2019 08:55:00;;VIA BORGHESIANA;all'intersezione con;VIA ROCCALUMERA;VIA ROCCALUMERA;;;Scontro laterale fra veicoli in marcia;;;;;;;;;;0;0;0;2;;;0;1;Autovettura privata;In marcia / fermata / arresto;Conducente;F;Illeso;0;;;
4200325;8;28/01/2019 08:55:00;;VIA BORGHESIANA;all'intersezione con;VIA ROCCALUMERA;VIA ROCCALUMERA;;;Scontro laterale fra veicoli in marcia;;;;;;;;;;0;0;0;2;;;0;2;Autovettura privata;In marcia / fermata / arresto;Conducente;F;Illeso;0;;;
4200331;18;28/01/2019 15:30:00;Statale entro l'abitato;VIA AURELIA;in prossimità;;della chilometrica;10.2;;Veicolo in marcia contro ostacolo fisso;Curva a visuale libera;Due carreggiate;Bagnato (pioggia);Asfaltata;Verticale ed orizzontale;Pioggia in atto;Normale;Buona;Ore Diurne;0;0;0;1;12.4012;41.8861;-1;1;Autovettura privata;In marcia / fermata / arresto;Conducente;F;Illeso;0;;;
4200334;19;28/01/2019 14:15:00;Strada Urbana;VIA CHERASCO;in prossimità;;del civico n.;396;;Veicolo in marcia contro ostacolo accidentale;Rettilineo;Una carreggiata a doppio senso;Bagnato (pioggia);Asfaltata;Assente;Pioggia in atto;Scarso;Buona;Ore Diurne;0;0;0;1;12.3458;41.9453;-1;1;Autovettura privata;In marcia / fermata / arresto;Conducente;M;Illeso;0;;Non accertato;Inesploso
4200337;5;28/01/2019 23:00:00;Strada Urbana;VIA DEL CASALE DI S. BASILIO;da specificare;;;;altezza via T. Buazzellli;Investimento di pedone;Rettilineo;Una carreggiata a doppio senso;Asciutto;Asfaltata;Verticale;Sereno;Scarso;Sufficiente;Sufficiente;2;0;0;0;12.5688;41.9445;-1;;;;Pedone;F;Rimandato;0;NON DECEDUTO;;
4200337;5;28/01/2019 23:00:00;Strada Urbana;VIA DEL CASALE DI S. BASILIO;da specificare;;;;altezza via T. Buazzellli;Investimento di pedone;Rettilineo;Una carreggiata a doppio senso;Asciutto;Asfaltata;Verticale;Sereno;Scarso;Sufficiente;Sufficiente;2;0;0;0;12.5688;41.9445;-1;1;Motociclo a solo;In marcia / fermata / arresto;Conducente;M;Rimandato;0;NON DECEDUTO;Non accertato;
4200338;19;28/01/2019 17:40:00;Strada Urbana;VIA TRIONFALE;all'intersezione con;VIA MARIO FANI;VIA MARIO FANI;;;Scontro frontale/laterale SX fra veicoli in marcia;Intersezione stradale segnalata;Una carreggiata a doppio senso;Bagnato (pioggia);Asfaltata;Verticale ed orizzontale;Nuvoloso;Normale;Buona;Sufficiente;0;0;0;3;12.4386;41.935;-1;1;Autovettura privata;In marcia / fermata / arresto;Conducente;M;Illeso;0;;Non accertato;Inesploso
4200338;19;28/01/2019 17:40:00;Strada Urbana;VIA TRIONFALE;all'intersezione con;VIA MARIO FANI;VIA MARIO FANI;;;Scontro frontale/laterale SX fra veicoli in marcia;Intersezione stradale segnalata;Una carreggiata a doppio senso;Bagnato (pioggia);Asfaltata;Verticale ed orizzontale;Nuvoloso;Normale;Buona;Sufficiente;0;0;0;3;12.4386;41.935;-1;1;Autovettura privata;In marcia / fermata / arresto;Passeggero;M;Illeso;0;;Non accertato;Inesploso
4200338;19;28/01/2019 17:40:00;Strada Urbana;VIA TRIONFALE;all'intersezione con;VIA MARIO FANI;VIA MARIO FANI;;;Scontro frontale/laterale SX fra veicoli in marcia;Intersezione stradale segnalata;Una carreggiata a doppio senso;Bagnato (pioggia);Asfaltata;Verticale ed orizzontale;Nuvoloso;Normale;Buona;Sufficiente;0;0;0;3;12.4386;41.935;-1;2;Autovettura privata;In marcia / fermata / arresto;Conducente;F;Illeso;0;;Non accertato;Inesploso
4200339;13;28/01/2019 08:40:00;Strada Urbana;VIA DEL FOSSO DI DRAGONCELLO;all'intersezione con;VIA DI SAPONARA;VIA DI SAPONARA;;;Scontro laterale fra veicoli in marcia;Incrocio;Una carreggiata a doppio senso;Asciutto;Asfaltata;Verticale;Sereno;Normale;Buona;Ore Diurne;0;0;0;2;12.3253;41.7666;-1;1;Autovettura privata;In marcia / fermata / arresto;Conducente;F;Illeso;0;;Non accertato;Inesploso
4200339;13;28/01/2019 08:40:00;Strada Urbana;VIA DEL FOSSO DI DRAGONCELLO;all'intersezione con;VIA DI SAPONARA;VIA DI SAPONARA;;;Scontro laterale fra veicoli in marcia;Incrocio;Una carreggiata a doppio senso;Asciutto;Asfaltata;Verticale;Sereno;Normale;Buona;Ore Diurne;0;0;0;2;12.3253;41.7666;-1;2;Autovettura privata;In marcia / fermata / arresto;Conducente;M;Illeso;0;;Non accertato;Inesploso
4200347;13;28/01/2019 09:15:00;Strada Urbana;VIA DI SAPONARA;da specificare;;;;prossimità via Ortolani;Veicolo in marcia contro ostacolo accidentale;Rettilineo;Una carreggiata a doppio senso;Asciutto;Asfaltata;Verticale ed orizzontale;Sereno;Normale;Buona;Ore Diurne;0;0;0;1;12.3452;41.7741;-1;1;Autovettura privata;In marcia / fermata / arresto;Conducente;M;Illeso;0;;Non accertato;Inesploso
4200351;13;28/01/2019 11:10:00;Strada Urbana;VIA ISOLE DEL CAPO VERDE;all'intersezione con;VIA TAGASTE;VIA TAGASTE;;;Scontro frontale/laterale SX fra veicoli in marcia;Incrocio;Due carreggiate;Asciutto;Asfaltata;Verticale ed orizzontale;Sereno;Normale;Buona;Ore Diurne;0;0;0;2;12.2749;41.7381;-1;1;Autovettura privata;In marcia / fermata / arresto;Conducente;M;Illeso;0;;Non accertato;Inesploso
4200351;13;28/01/2019 11:10:00;Strada Urbana;VIA ISOLE DEL CAPO VERDE;all'intersezione con;VIA TAGASTE;VIA TAGASTE;;;Scontro frontale/laterale SX fra veicoli in marcia;Incrocio;Due carreggiate;Asciutto;Asfaltata;Verticale ed orizzontale;Sereno;Normale;Buona;Ore Diurne;0;0;0;2;12.2749;41.7381;-1;2;Autovettura privata;In marcia / fermata / arresto;Conducente;M;Illeso;0;;Non accertato;Inesploso
4200356;12;28/01/2019 16:45:00;Strada Urbana;VIA CRISTOFORO COLOMBO;da specificare;;;;prox V.le America;Veicolo in marcia contro ostacolo accidentale;Curva a visuale libera;Due carreggiate;Bagnato (pioggia);Asfaltata;Verticale ed orizzontale;Pioggia in atto;Intenso;Buona;Ore Diurne;1;0;0;0;12.4121;41.786;-1;1;Motociclo a solo;In marcia / fermata / arresto;Conducente;F;Rimandato;0;NON DECEDUTO;;