Protocollo;Gruppo;DataOraIncidente;Localizzazione1;STRADA1;Localizzazione2;STRADA2;Strada02;Chilometrica;DaSpecificare;NaturaIncidente;particolaritastrade;TipoStrada;FondoStradale;Pavimentazione;Segnaletica;CondizioneAtmosferica;Traffico;Visibilita;Illuminazione;NUM_FERITI;NUM_RISERVATA;NUM_MORTI;NUM_ILLESI;Longitudine;Latitudine;Confermato;Progressivo;TipoVeicolo;StatoVeicolo;TipoPersona;Sesso;Tipolesione;Deceduto;DecedutoDopo;CinturaCascoUtilizzato;Airbag;
4205149;19;31/01/2019 10:00:00;Strada Urbana;VIA TRIONFALE;in corrispondenza;;del civico n.;12384;;Tamponamento Multiplo;Rettilineo;Una carreggiata a senso unico di marcia;Asciutto;Asfaltata;Verticale ed orizzontale;Sereno;Normale;Buona;Ore Diurne;0;0;0;3;12.4092;41.969;-1;3;Autocarro inferiore 35 q.;In marcia / fermata / arresto;Conducente;M;Illeso;0;;Non accertato;Inesistente
4205156;23;31/01/2019 18:00:00;Comunale extraurbana;VIA CRISTOFORO COLOMBO;in corrispondenza;;della chilometrica;18.45;;Veicolo in marcia contro veicolo fermo;Rettilineo;Due carreggiate;;Asfaltata;Verticale ed orizzontale;Grandine in atto;Intenso;Insufficiente;Inesistente;0;0;0;3;12.4121;41.786;-1;1;Autovettura privata;In marcia / fermata / arresto;Conducente;F;Illeso;0;;Non accertato;
4205156;23;31/01/2019 18:00:00;Comunale extraurbana;VIA CRISTOFORO COLOMBO;in corrispondenza;;della chilometrica;18.45;;Veicolo in marcia contro veicolo fermo;Rettilineo;Due carreggiate;;Asfaltata;Verticale ed orizzontale;Grandine in atto;Intenso;Insufficiente;Inesistente;0;0;0;3;12.4121;41.786;-1;1;Autovettura privata;In marcia / fermata / arresto;Passeggero;F;Illeso;0;;Utilizzato;Inesploso
4205156;23;31/01/2019 18:00:00;Comunale extraurbana;VIA CRISTOFORO COLOMBO;in corrispondenza;;della chilometrica;18.45;;Veicolo in marcia contro veicolo fermo;Rettilineo;Due carreggiate;;Asfaltata;Verticale ed orizzontale;Grandine in atto;Intenso;Insufficiente;Inesistente;0;0;0;3;12.4121;41.786;-1;2;Motociclo a solo;In marcia / fermata / arresto;Conducente;F;Illeso;0;;Non accertato;
4205167;1;31/01/2019 14:05:00;Strada Urbana;PIAZZA VENEZIA;in prossimità;;del civico n.;5;;Infortunio per sola frenata improvvisa;Rettilineo;Una carreggiata a senso unico di marcia;Bagnato (pioggia);In cubetti di porfido;Verticale ed orizzontale;Pioggia in atto;Normale;Buona;Ore Diurne;1;0;0;2;;;0;1;Ciclomotore con passeggero;In marcia / fermata / arresto;Conducente;M;Rifiuta cure immediate;0;NON DECEDUTO;Non accertato;
4205167;1;31/01/2019 14:05:00;Strada Urbana;PIAZZA VENEZIA;in prossimità;;del civico n.;5;;Infortunio per sola frenata improvvisa;Rettilineo;Una carreggiata a senso unico di marcia;Bagnato (pioggia);In cubetti di porfido;Verticale ed orizzontale;Pioggia in atto;Normale;Buona;Ore Diurne;1;0;0;2;;;0;1;Ciclomotore con passeggero;In marcia / fermata / arresto;Passeggero;F;Illeso;0;;Non accertato;
4205167;1;31/01/2019 14:05:00;Strada Urbana;PIAZZA VENEZIA;in prossimità;;del civico n.;5;;Infortunio per sola frenata improvvisa;Rettilineo;Una carreggiata a senso unico di marcia;Bagnato (pioggia);In cubetti di porfido;Verticale ed orizzontale;Pioggia in atto;Normale;Buona;Ore Diurne;1;0;0;2;;;0;2;Autovettura privata;In marcia / fermata / arresto;Conducente;M;Illeso;0;;Non accertato;Inesploso
4205173;20;31/01/2019 12:00:00;Regionale entro l'abitato;VIA CASSIA;in prossimità;;del civico n.;1846;;Scontro frontale/laterale DX fra veicoli in marcia;Rettilineo;Una carreggiata a doppio senso;Asciutto;Asfaltata;Orizzontale;Nuvoloso;Normale;Buona;Ore Diurne;0;0;0;4;12.3768;42.0188;-1;1;Autovettura privata;In marcia / fermata / arresto;Conducente;M;Illeso;0;;Non accertato;Inesploso
4205173;20;31/01/2019 12:00:00;Regionale entro l'abitato;VIA CASSIA;in prossimità;;del civico n.;1846;;Scontro frontale/laterale DX fra veicoli in marcia;Rettilineo;Una carreggiata a doppio senso;Asciutto;Asfaltata;Orizzontale;Nuvoloso;Normale;Buona;Ore Diurne;0;0;0;4;12.3768;42.0188;-1;1;Autovettura privata;In marcia / fermata / arresto;Passeggero;F;Illeso;0;;Non accertato;Inesploso
4205173;20;31/01/2019 12:00:00;Regionale entro l'abitato;VIA CASSIA;in prossimità;;del civico n.;1846;;Scontro frontale/laterale DX fra veicoli in marcia;Rettilineo;Una carreggiata a doppio senso;Asciutto;Asfaltata;Orizzontale;Nuvoloso;Normale;Buona;Ore Diurne;0;0;0;4;12.3768;42.0188;-1;2;Autovettura privata;In marcia / fermata / arresto;Conducente;M;Illeso;0;;Non accertato;Inesploso
4205173;20;31/01/2019 12:00:00;Regionale entro l'abitato;VIA CASSIA;in prossimità;;del civico n.;1846;;Scontro frontale/laterale DX fra veicoli in marcia;Rettilineo;Una carreggiata a doppio senso;Asciutto;Asfaltata;Orizzontale;Nuvoloso;Normale;Buona;Ore Diurne;0;0;0;4;12.3768;42.0188;-1;2;Autovettura privata;In marcia / fermata / arresto;Passeggero;F;Illeso;0;;Non accertato;Inesploso
4205253;1;31/01/2019 15:25:00;Strada Urbana;VIA EMANUELE FILIBERTO;in corrispondenza;;del civico n.;167;;Tamponamento;Rettilineo;Più di due carreggiate;Asciutto;Asfaltata;Verticale ed orizzontale;Nuvoloso;Normale;Buona;Ore Diurne;0;0;0;3;12.5067;41.8901;-1;1;Autovettura privata;In marcia / fermata / arresto;Conducente;M;Illeso;0;;Non accertato;Inesploso
4205253;1;31/01/2019 15:25:00;Strada Urbana;VIA EMANUELE FILIBERTO;in corrispondenza;;del civico n.;167;;Tamponamento;Rettilineo;Più di due carreggiate;Asciutto;Asfaltata;Verticale ed orizzontale;Nuvoloso;Normale;Buona;Ore Diurne;0;0;0;3;12.5067;41.8901;-1;2;Autovettura privata;In marcia / fermata / arresto;Conducente;M;Illeso;0;;Non accertato;Inesploso
4205253;1;31/01/2019 15:25:00;Strada Urbana;VIA EMANUELE FILIBERTO;in corrispondenza;;del civico n.;167;;Tamponamento;Rettilineo;Più di due carreggiate;Asciutto;Asfaltata;Verticale ed orizzontale;Nuvoloso;Normale;Buona;Ore Diurne;0;0;0;3;12.5067;41.8901;-1;2;Autovettura privata;In marcia / fermata / arresto;Passeggero;M;Illeso;0;;;
4205631;9;31/01/2019 19:00:00;Strada Urbana;VIA ANAGNINA;in prossimità;;del civico n.;171b;;Fuoriuscita dalla sede stradale;Rettilineo;Due carreggiate;Bagnato (umidità in atto);Asfaltata;Orizzontale;Nuvoloso;Normale;Sufficiente;Sufficiente;2;0;0;0;12.6026;41.8264;-1;1;Autovettura privata;In marcia / fermata / arresto;Conducente;M;Rimandato;0;NON DECEDUTO;Non accertato;Inesploso
4205631;9;31/01/2019 19:00:00;Strada Urbana;VIA ANAGNINA;in prossimità;;del civico n.;171b;;Fuoriuscita dalla sede stradale;Rettilineo;Due carreggiate;Bagnato (umidità in atto);Asfaltata;Orizzontale;Nuvoloso;Normale;Sufficiente;Sufficiente;2;0;0;0;12.6026;41.8264;-1;2;Autovettura privata;In marcia / fermata / arresto;Conducente;M;Rimandato;0;NON DECEDUTO;Non accertato;Inesploso
4205632;15;31/01/2019 13:30:00;Strada Urbana;VIA DELLA MAGLIANA;all'intersezione con;VIA UGO GUIDO MONDOLFO;VIA UGO GUIDO MONDOLFO;;;Scontro frontale/laterale DX fra veicoli in marcia;Incrocio;Una carreggiata a doppio senso;Asciutto;Asfaltata;Verticale ed orizzontale;Nuvoloso;Normale;Buona;Ore Diurne;0;0;0;2;12.4196;41.8317;-1;1;Autovettura privata;In marcia / fermata / arresto;Conducente;M;Illeso;0;;Utilizzato;Inesploso
4205632;15;31/01/2019 13:30:00;Strada Urbana;VIA DELLA MAGLIANA;all'intersezione con;VIA UGO GUIDO MONDOLFO;VIA UGO GUIDO MONDOLFO;;;Scontro frontale/laterale DX fra veicoli in marcia;Incrocio;Una carreggiata a doppio senso;Asciutto;Asfaltata;Verticale ed orizzontale;Nuvoloso;Normale;Buona;Ore Diurne;0;0;0;2;12.4196;41.8317;-1;2;Autovettura privata;In marcia / fermata / arresto;Conducente;M;Illeso;0;;Utilizzato;Inesploso
4205636;13;31/01/2019 19:20:00;Strada Urbana;VIA GIOVANNI BOLDINI;all'intersezione con;VIA VINCENZO CABIANCA;VIA VINCENZO CABIANCA;;;Scontro frontale fra veicoli in marcia;Incrocio;Una carreggiata a doppio senso;Bagnato (pioggia);Asfaltata;Assente;Pioggia in atto;Normale;Sufficiente;Sufficiente;0;0;0;3;12.3628;41.782;-1;1;Autovettura privata;In marcia / fermata / arresto;Conducente;F;Illeso;0;;Non accertato;Inesploso
4205636;13;31/01/2019 19:20:00;Strada Urbana;VIA GIOVANNI BOLDINI;all'intersezione con;VIA VINCENZO CABIANCA;VIA VINCENZO CABIANCA;;;Scontro frontale fra veicoli in marcia;Incrocio;Una carreggiata a doppio senso;Bagnato (pioggia);Asfaltata;Assente;Pioggia in atto;Normale;Sufficiente;Sufficiente;0;0;0;3;12.3628;41.782;-1;1;Autovettura privata;In marcia / fermata / arresto;Passeggero;F;Illeso;0;;Non accertato;Inesploso
4205636;13;31/01/2019 19:20:00;Strada Urbana;VIA GIOVANNI BOLDINI;all'intersezione con;VIA VINCENZO CABIANCA;VIA VINCENZO CABIANCA;;;Scontro frontale fra veicoli in marcia;Incrocio;Una carreggiata a doppio senso;Bagnato (pioggia);Asfaltata;Assente;Pioggia in atto;Normale;Sufficiente;Sufficiente;0;0;0;3;12.3628;41.782;-1;2;Autovettura privata;In marcia / fermata / arresto;Conducente;M;Illeso;0;;Non accertato;Inesploso
4205637;13;31/01/2019 17:30:00;Strada Urbana;VIALE DEI ROMAGNOLI;in corrispondenza;;del civico n.;275;;Veicolo in marcia contro veicolo fermo;Rettilineo;Una carreggiata a senso unico di marcia;Bagnato (umidità in atto);Lastricata;Orizzontale;Nuvoloso;Normale;Buona;Ore Diurne;0;0;0;2;12.2835;41.7405;-1;1;Autovettura privata;In marcia / fermata / arresto;Conducente;M;Illeso;0;;Non accertato;Inesploso
4205637;13;31/01/2019 17:30:00;Strada Urbana;VIALE DEI ROMAGNOLI;in corrispondenza;;del civico n.;275;;Veicolo in marcia contro veicolo fermo;Rettilineo;Una carreggiata a senso unico di marcia;Bagnato (umidità in atto);Lastricata;Orizzontale;Nuvoloso;Normale;Buona;Ore Diurne;0;0;0;2;12.2835;41.7405;-1;2;Autovettura privata;In marcia / fermata / arresto;Conducente;F;Illeso;0;;Non accertato;Inesploso
4205641;13;31/01/2019 14:30:00;Strada Urbana;VIA CARLO CASINI;all'intersezione con;VIA NICOLO' BALANZANO;VIA NICOLO' BALANZANO;;;Scontro frontale/laterale DX fra veicoli in marcia;Incrocio;Una carreggiata a senso unico di marcia;Bagnato (umidità in atto);Asfaltata;Verticale;Nuvoloso;Normale;Buona;Ore Diurne;1;0;0;1;12.3374;41.7823;-1;1;Autovettura privata;In marcia / fermata / arresto;Conducente;M;Illeso;0;;Non accertato;Inesploso
4205641;13;31/01/2019 14:30:00;Strada Urbana;VIA CARLO CASINI;all'intersezione con;VIA NICOLO' BALANZANO;VIA NICOLO' BALANZANO;;;Scontro frontale/laterale DX fra veicoli in marcia;Incrocio;Una carreggiata a senso unico di marcia;Bagnato (umidità in atto);Asfaltata;Verticale;Nuvoloso;Normale;Buona;Ore Diurne;1;0;0;1;12.3374;41.7823;-1;2;Autovettura privata;In marcia / fermata / arresto;Conducente;M;Rimandato;0;NON DECEDUTO;Non accertato;Inesploso
4205641;13;31/01/2019 14:30:00;Strada Urbana;VIA CARLO CASINI;all'intersezione con;VIA NICOLO' BALANZANO;VIA NICOLO' BALANZANO;;;Scontro frontale/laterale DX fra veicoli in marcia;Incrocio;Una carreggiata a senso unico di marcia;Bagnato (umidità in atto);Asfaltata;Verticale;Nuvoloso;Normale;Buona;Ore Diurne;1;0;0;1;12.3374;41.7823;-1;3;Autovettura privata;Sosta;;;;;;;
4205646;13;31/01/2019 10:30:00;Strada Urbana;VIA DEI VELIERI;all'intersezione con;VIA DELLE GONDOLE;VIA DELLE GONDOLE;;;Veicolo in marcia contro veicolo in sosta;Incrocio;Due carreggiate;Asciutto;Asfaltata;Assente;Sereno;Normale;Buona;Ore Diurne;0;0;0;0;12.2757;41.7365;-1;1;Autovettura privata;Sosta;;;;;;;
4205646;13;31/01/2019 10:30:00;Strada Urbana;VIA DEI VELIERI;all'intersezione con;VIA DELLE GONDOLE;VIA DELLE GONDOLE;;;Veicolo in marcia contro veicolo in sosta;Incrocio;Due carreggiate;Asciutto;Asfaltata;Assente;Sereno;Normale;Buona;Ore Diurne;0;0;0;0;12.2757;41.7365;-1;2;Autocarro inferiore 35 q.;In marcia / fermata / arresto;;;;;;;
4205669;1;31/01/2019 20:11:00;Strada Urbana;VIALE DI TRASTEVERE;in prossimità;;del civico n.;64/e;;Investimento di pedone;Rettilineo;Più di due carreggiate;Bagnato (pioggia);Asfaltata;Verticale ed orizzontale;Pioggia in atto;Normale;Buona;Sufficiente;3;0;0;0;12.4718;41.8863;-1;;;;Pedone;M;Ricoverato;0;NON DECEDUTO;;
4205669;1;31/01/2019 20:11:00;Strada Urbana;VIALE DI TRASTEVERE;in prossimità;;del civico n.;64/e;;Investimento di pedone;Rettilineo;Più di due carreggiate;Bagnato (pioggia);Asfaltata;Verticale ed orizzontale;Pioggia in atto;Normale;Buona;Sufficiente;3;0;0;0;12.4718;41.8863;-1;;;;Pedone;F;Ricoverato;0;NON DECEDUTO;;
4205669;1;31/01/2019 20:11:00;Strada Urbana;VIALE DI TRASTEVERE;in prossimità;;del civico n.;64/e;;Investimento di pedone;Rettilineo;Più di due carreggiate;Bagnato (pioggia);Asfaltata;Verticale ed orizzontale;Pioggia in atto;Normale;Buona;Sufficiente;3;0;0;0;12.4718;41.8863;-1;1;Vettura tranviaria;In marcia / fermata / arresto;Conducente;M;Rimandato;0;NON DECEDUTO;Esente;
4205679;19;31/01/2019 20:18:00;Strada Urbana;VIA TRIONFALE;in prossimità;;del civico n.;9283;;Investimento di pedone;Rettilineo;Una carreggiata a doppio senso;Bagnato (pioggia);Asfaltata;Orizzontale;Pioggia in atto;Intenso;Sufficiente;Sufficiente;1;0;0;1;12.4188;41.9437;-1;;;;Pedone;F;Rimandato;0;NON DECEDUTO;;
4205679;19;31/01/2019 20:18:00;Strada Urbana;VIA TRIONFALE;in prossimità;;del civico n.;9283;;Investimento di pedone;Rettilineo;Una carreggiata a doppio senso;Bagnato (pioggia);Asfaltata;Orizzontale;Pioggia in atto;Intenso;Sufficiente;Sufficiente;1;0;0;1;12.4188;41.9437;-1;1;Motociclo a solo;In marcia / fermata / arresto;Conducente;M;Illeso;0;;;
4205683;20;31/01/2019 19:20:00;Regionale entro l'abitato;VIA CASSIA;in prossimità;;del civico n.;f.c. 1172;;Veicolo in marcia contro ostacolo accidentale;Rettilineo;Una carreggiata a doppio senso;Bagnato (pioggia);Con buche;Orizzontale;Pioggia in atto;Normale;Insufficiente;Insufficiente;0;0;0;1;12.4137;41.9828;-1;1;Autovettura privata;In marcia / fermata / arresto;Conducente;F;Illeso;0;;;
4205687;11;31/01/2019 15:30:00;Strada Urbana;VIA ARDEATINA;all'intersezione con;RAMPA G.R.A. CARREGGIATA ESTERNA;RAMPA G.R.A. CARREGGIATA ESTERNA;;;Scontro frontale/laterale SX fra veicoli in marcia;Incrocio;Una carreggiata a doppio senso;Asciutto;Asfaltata;Verticale ed orizzontale;Nuvoloso;Normale;Buona;Ore Diurne;0;0;0;1;12.5356;41.7987;-1;1;Autovettura privata;In marcia / fermata / arresto;Conducente;M;Illeso;0;;Non accertato;
4205687;11;31/01/2019 15:30:00;Strada Urbana;VIA ARDEATINA;all'intersezione con;RAMPA G.R.A. CARREGGIATA ESTERNA;RAMPA G.R.A. CARREGGIATA ESTERNA;;;Scontro frontale/laterale SX fra veicoli in marcia;Incrocio;Una carreggiata a doppio senso;Asciutto;Asfaltata;Verticale ed orizzontale;Nuvoloso;Normale;Buona;Ore Diurne;0;0;0;1;12.5356;41.7987;-1;2;Autovettura privata;Allontanatosi;;;;;;;
4205702;19;31/01/2019 19:00:00;Strada Urbana;VIA DI TORREVECCHIA;all'intersezione con;VIA DEI CRISTOFORI;VIA DEI CRISTOFORI;;;Investimento di pedone;Incrocio;Una carreggiata a senso unico di marcia;Bagnato (pioggia);Asfaltata;Verticale ed orizzontale;Pioggia in atto;Normale;Buona;Sufficiente;1;0;0;1;12.4123;41.9234;-1;;;;Pedone;F;Rimandato;0;NON DECEDUTO;;
4205702;19;31/01/2019 19:00:00;Strada Urbana;VIA DI TORREVECCHIA;all'intersezione con;VIA DEI CRISTOFORI;VIA DEI CRISTOFORI;;;Investimento di pedone;Incrocio;Una carreggiata a senso unico di marcia;Bagnato (pioggia);Asfaltata;Verticale ed orizzontale;Pioggia in atto;Normale;Buona;Sufficiente;1;0;0;1;12.4123;41.9234;-1;1;Autovettura privata;In marcia / fermata / arresto;Conducente;M;Illeso;0;;;
4205707;11;31/01/2019 07:20:00;Strada Urbana;VIA DI FIORANELLO;da specificare;;;;dir. via Ardeatina 100 mt dopo ponte della ferrovi;Scontro frontale/laterale DX fra veicoli in marcia;Rettilineo;Una carreggiata a doppio senso;Ghiacciato;Asfaltata;Assente;Sereno;Intenso;Buona;Ore Diurne;0;0;0;3;12.558;41.7868;-1;1;Autovettura privata;In marcia / fermata / arresto;Conducente;M;Illeso;0;;Non accertato;
4205707;11;31/01/2019 07:20:00;Strada Urbana;VIA DI FIORANELLO;da specificare;;;;dir. via Ardeatina 100 mt dopo ponte della ferrovi;Scontro frontale/laterale DX fra veicoli in marcia;Rettilineo;Una carreggiata a doppio senso;Ghiacciato;Asfaltata;Assente;Sereno;Intenso;Buona;Ore Diurne;0;0;0;3;12.558;41.7868;-1;1;Autovettura privata;In marcia / fermata / arresto;Passeggero;F;Illeso;0;;Non accertato;
4205707;11;31/01/2019 07:20:00;Strada Urbana;VIA DI FIORANELLO;da specificare;;;;dir. via Ardeatina 100 mt dopo ponte della ferrovi;Scontro frontale/laterale DX fra veicoli in marcia;Rettilineo;Una carreggiata a doppio senso;Ghiacciato;Asfaltata;Assente;Sereno;Intenso;Buona;Ore Diurne;0;0;0;3;12.558;41.7868;-1;2;Autovettura privata;In marcia / fermata / arresto;Conducente;F;Illeso;0;;Non accertato;
4205762;12;31/01/2019 08:45:00;Statale;VIA OSTIENSE;all'intersezione con;VIA DEL FOSSO DEL TORRINO;VIA DEL FOSSO DEL TORRINO;;;Scontro frontale/laterale DX fra veicoli in marcia;Incrocio;Una carreggiata a doppio senso;Asciutto;Asfaltata;Verticale ed orizzontale;Sereno;Intenso;Buona;Ore Diurne;1;0;0;1;12.4229;41.8109;-1;1;Autovettura privata;In marcia / fermata / arresto;Conducente;F;Illeso;0;;;
4205762;12;31/01/2019 08:45:00;Statale;VIA OSTIENSE;all'intersezione con;VIA DEL FOSSO DEL TORRINO;VIA DEL FOSSO DEL TORRINO;;;Scontro frontale/laterale DX fra veicoli in marcia;Incrocio;Una carreggiata a doppio senso;Asciutto;Asfaltata;Verticale ed orizzontale;Sereno;Intenso;Buona;Ore Diurne;1;0;0;1;12.4229;41.8109;-1;2;Motociclo a solo;In marcia / fermata / arresto;Conducente;M;Rimandato;0;NON DECEDUTO;;
4205763;17;31/01/2019 05:30:00;Strada Urbana;VIALE DEL PARCO MELLINI;da specificare;;;;area dello Zodiaco;Fuoriuscita dalla sede stradale;Rettilineo;Una carreggiata a senso unico di marcia;Asciutto;Asfaltata;Assente;Sereno;Intenso;Buona;Ore Diurne;0;0;0;1;12.4502;41.9228;-1;1;Autovettura privata;In marcia / fermata / arresto;Conducente;M;Illeso;0;;;
4205774;7;31/01/2019 13:56:00;Strada Urbana;VIALE PALMIRO TOGLIATTI;in prossimità;;del palo luce n.;170;;Investimento di pedone;Rettilineo;Due carreggiate;Asciutto;Asfaltata;Verticale ed orizzontale;Sereno;Normale;Buona;Ore Diurne;1;0;0;0;12.5733;41.8872;-1;;;;Pedone;M;Rimandato;0;NON DECEDUTO;;
4205774;7;31/01/2019 13:56:00;Strada Urbana;VIALE PALMIRO TOGLIATTI;in prossimità;;del palo luce n.;170;;Investimento di pedone;Rettilineo;Due carreggiate;Asciutto;Asfaltata;Verticale ed orizzontale;Sereno;Normale;Buona;Ore Diurne;1;0;0;0;12.5733;41.8872;-1;1;Autovettura privata;In marcia / fermata / arresto;;;;;;;
4205777;10;31/01/2019 16:50:00;Statale;VIA ANAGNINA;da specificare;;;;sottopasso direzione GRA ;Veicolo in marcia contro ostacolo accidentale;Sottopasso non illuminato;Due carreggiate;Asciutto;Asfaltata;Orizzontale;Sereno;Normale;Buona;Ore Diurne;0;0;0;1;12.5958;41.8326;-1;1;Autovettura privata;In marcia / fermata / arresto;Conducente;M;Illeso;0;;Non accertato;Inesploso
4205778;19;31/01/2019 18:45:00;Strada Urbana;VIA DELLA STORTA;in prossimità;;del civico n.;147;;Veicolo in marcia contro ostacolo fisso;Curva senza visuale libera;Una carreggiata a doppio senso;Bagnato (pioggia);Asfaltata;Verticale;Pioggia in atto;Normale;Sufficiente;Sufficiente;0;0;0;1;12.3487;41.9404;-1;1;Motociclo a solo;In marcia / fermata / arresto;Conducente;M;Illeso;0;;Non accertato;
4205790;4;31/01/2019 07:15:00;Strada Urbana;VIADOTTO ANTONIO SEGNI;da specificare;;;;10 mt. prima rampa Bettini dir. via della Bufalot;Veicolo in marcia contro ostacolo accidentale;Curva a visuale libera;Due carreggiate;Bagnato (brina);Asfaltata;Orizzontale;Sereno;Normale;Buona;Ore Diurne;1;0;0;1;12.5277;41.9642;-1;1;Autovettura privata;In marcia / fermata / arresto;Conducente;M;Illeso;0;;Non accertato;Esploso
4205790;4;31/01/2019 07:15:00;Strada Urbana;VIADOTTO ANTONIO SEGNI;da specificare;;;;10 mt. prima rampa Bettini dir. via della Bufalot;Veicolo in marcia contro ostacolo accidentale;Curva a visuale libera;Due carreggiate;Bagnato (brina);Asfaltata;Orizzontale;Sereno;Normale;Buona;Ore Diurne;1;0;0;1;12.5277;41.9642;-1;2;Autovettura privata;In marcia / fermata / arresto;Conducente;F;Rifiuta cure immediate;0;NON DECEDUTO;Non accertato;Inesploso
4205800;15;31/01/2019 18:45:00;Strada Urbana;VIA SAN GIULIANO TERME;in corrispondenza;;del civico n.;127;;Veicolo in marcia contro veicolo in sosta;Rettilineo;Una carreggiata a doppio senso;Bagnato (pioggia);Asfaltata;Assente;Pioggia in atto;Scarso;Buona;Sufficiente;0;0;0;2;12.433;41.8422;-1;1;Autovettura privata;In marcia / fermata / arresto;Conducente;F;Illeso;0;;Non accertato;Inesploso
4205800;15;31/01/2019 18:45:00;Strada Urbana;VIA SAN GIULIANO TERME;in corrispondenza;;del civico n.;127;;Veicolo in marcia contro veicolo in sosta;Rettilineo;Una carreggiata a doppio senso;Bagnato (pioggia);Asfaltata;Assente;Pioggia in atto;Scarso;Buona;Sufficiente;0;0;0;2;12.433;41.8422;-1;1;Autovettura privata;In marcia / fermata / arresto;Passeggero;M;Illeso;0;;Non accertato;Inesploso
4205800;15;31/01/2019 18:45:00;Strada Urbana;VIA SAN GIULIANO TERME;in corrispondenza;;del civico n.;127;;Veicolo in marcia contro veicolo in sosta;Rettilineo;Una carreggiata a doppio senso;Bagnato (pioggia);Asfaltata;Assente;Pioggia in atto;Scarso;Buona;Sufficiente;0;0;0;2;12.433;41.8422;-1;2;Autovettura privata;Sosta;;;;;;;
4205810;12;30/01/2019 15:20:00;Strada Urbana;VIA DELLE ANDE;da specificare;;;;all'altezza di via degli Urali;Veicolo in marcia contro veicoli in sosta;Rettilineo;Una carreggiata a senso unico di marcia;Asciutto;Asfaltata;Verticale ed orizzontale;Nuvoloso;Scarso;Buona;Ore Diurne;0;0;0;0;12.4688;41.825;-1;1;Autovettura privata;Sosta;;;;;;;
4205810;12;30/01/2019 15:20:00;Strada Urbana;VIA DELLE ANDE;da specificare;;;;all'altezza di via degli Urali;Veicolo in marcia contro veicoli in sosta;Rettilineo;Una carreggiata a senso unico di marcia;Asciutto;Asfaltata;Verticale ed orizzontale;Nuvoloso;Scarso;Buona;Ore Diurne;0;0;0;0;12.4688;41.825;-1;2;Autovettura privata;Sosta;;;;;;;
4205810;12;30/01/2019 15:20:00;Strada Urbana;VIA DELLE ANDE;da specificare;;;;all'altezza di via degli Urali;Veicolo in marcia contro veicoli in sosta;Rettilineo;Una carreggiata a senso unico di marcia;Asciutto;Asfaltata;Verticale ed orizzontale;Nuvoloso;Scarso;Buona;Ore Diurne;0;0;0;0;12.4688;41.825;-1;3;Autovettura privata;Sosta;;;;;;;
4205825;18;31/01/2019 06:55:00;Strada Urbana;VIA DI PANTAN MONASTERO;in prossimità;;del civico n.;59;;Scontro frontale/laterale SX fra veicoli in marcia;Curva senza visuale libera;Una carreggiata a doppio senso;Ghiacciato;Asfaltata;Assente;Sereno;Scarso;Sufficiente;Ore Diurne;1;0;0;1;12.36;41.9212;-1;1;Autovettura privata;In marcia / fermata / arresto;Conducente;M;Rifiuta cure immediate;0;NON DECEDUTO;;
4205825;18;31/01/2019 06:55:00;Strada Urbana;VIA DI PANTAN MONASTERO;in prossimità;;del civico n.;59;;Scontro frontale/laterale SX fra veicoli in marcia;Curva senza visuale libera;Una carreggiata a doppio senso;Ghiacciato;Asfaltata;Assente;Sereno;Scarso;Sufficiente;Ore Diurne;1;0;0;1;12.36;41.9212;-1;2;Autobus di linea;In marcia / fermata / arresto;Conducente;M;Illeso;0;;;
4205827;7;31/01/2019 20:05:00;Strada Urbana;VIALE PALMIRO TOGLIATTI;da specificare;;;;altezza Via del Pergolato;Veicolo in marcia contro ostacolo accidentale;Rettilineo;Una carreggiata a senso unico di marcia;Bagnato (pioggia);Asfaltata;Verticale ed orizzontale;Pioggia in atto;Normale;Buona;Sufficiente;0;0;0;3;12.5735;41.8846;-1;1;Autovettura privata;In marcia / fermata / arresto;Conducente;F;Illeso;0;;Non accertato;Inesploso
4205827;7;31/01/2019 20:05:00;Strada Urbana;VIALE PALMIRO TOGLIATTI;da specificare;;;;altezza Via del Pergolato;Veicolo in marcia contro ostacolo accidentale;Rettilineo;Una carreggiata a senso unico di marcia;Bagnato (pioggia);Asfaltata;Verticale ed orizzontale;Pioggia in atto;Normale;Buona;Sufficiente;0;0;0;3;12.5735;41.8846;-1;1;Autovettura privata;In marcia / fermata / arresto;Passeggero;M;Illeso;0;;Non accertato;Inesploso
4205827;7;31/01/2019 20:05:00;Strada Urbana;VIALE PALMIRO TOGLIATTI;da specificare;;;;altezza Via del Pergolato;Veicolo in marcia contro ostacolo accidentale;Rettilineo;Una carreggiata a senso unico di marcia;Bagnato (pioggia);Asfaltata;Verticale ed orizzontale;Pioggia in atto;Normale;Buona;Sufficiente;0;0;0;3;12.5735;41.8846;-1;1;Autovettura privata;In marcia / fermata / arresto;Passeggero;F;Illeso;0;;Non accertato;Inesploso
4205835;12;29/01/2019 09:15:00;Strada Urbana;VIALE DELL'AERONAUTICA;all'intersezione con;VIA DELLE MONTAGNE ROCCIOSE;VIA DELLE MONTAGNE ROCCIOSE;;;Scontro laterale fra veicoli in marcia;Rotatoria;Una carreggiata a doppio senso;Bagnato (umidità in atto);Asfaltata;Verticale ed orizzontale;Sereno;Normale;Buona;Ore Diurne;1;0;0;1;12.4755;41.8261;-1;1;Autovettura privata;In marcia / fermata / arresto;Conducente;F;Illeso;0;;;