Protocollo;Gruppo;DataOraIncidente;Localizzazione1;STRADA1;Localizzazione2;STRADA2;Strada02;Chilometrica;DaSpecificare;NaturaIncidente;particolaritastrade;TipoStrada;FondoStradale;Pavimentazione;Segnaletica;CondizioneAtmosferica;Traffico;Visibilita;Illuminazione;NUM_FERITI;NUM_RISERVATA;NUM_MORTI;NUM_ILLESI;Longitudine;Latitudine;Confermato;Progressivo;TipoVeicolo;StatoVeicolo;TipoPersona;Sesso;Tipolesione;Deceduto;DecedutoDopo;CinturaCascoUtilizzato;Airbag;
4205835;12;29/01/2019 09:15:00;Strada Urbana;VIALE DELL'AERONAUTICA;all'intersezione con;VIA DELLE MONTAGNE ROCCIOSE;VIA DELLE MONTAGNE ROCCIOSE;;;Scontro laterale fra veicoli in marcia;Rotatoria;Una carreggiata a doppio senso;Bagnato (umidità in atto);Asfaltata;Verticale ed orizzontale;Sereno;Normale;Buona;Ore Diurne;1;0;0;1;12.4755;41.8261;-1;2;Motociclo a solo;In marcia / fermata / arresto;Conducente;M;Rimandato;0;NON DECEDUTO;;
4205837;18;31/01/2019 07:30:00;Strada Urbana;VIA DI CASTEL DI GUIDO;da specificare;;;;in prossimità VIA A. NEVIANI;Fuoriuscita dalla sede stradale;Pendenza;Una carreggiata a doppio senso;Ghiacciato;Asfaltata;Assente;Sereno;Scarso;Sufficiente;Ore Diurne;1;0;0;0;12.3047;41.9019;-1;1;Autovettura privata;In marcia / fermata / arresto;Conducente;M;Rimandato;0;NON DECEDUTO;;
4205843;5;31/01/2019 07:30:00;Strada Urbana;VIA PIEVE TORINA;in prossimità;;del civico n.;44;;Veicolo in marcia contro ostacolo fisso;Rettilineo;Una carreggiata a doppio senso;Asciutto;Asfaltata;Assente;Sereno;Intenso;Buona;Ore Diurne;2;0;0;0;12.5881;41.9343;-1;1;Autovettura privata;In marcia / fermata / arresto;Conducente;F;Rimandato;0;NON DECEDUTO;Non accertato;
4205843;5;31/01/2019 07:30:00;Strada Urbana;VIA PIEVE TORINA;in prossimità;;del civico n.;44;;Veicolo in marcia contro ostacolo fisso;Rettilineo;Una carreggiata a doppio senso;Asciutto;Asfaltata;Assente;Sereno;Intenso;Buona;Ore Diurne;2;0;0;0;12.5881;41.9343;-1;1;Autovettura privata;In marcia / fermata / arresto;Passeggero;F;Rimandato;0;NON DECEDUTO;Non accertato;
4205847;18;31/01/2019 16:00:00;Strada Urbana;VIA DELLA PINETA SACCHETTI;da specificare;;;;prossimità civ. 85;Veicolo in marcia contro ostacolo accidentale;Rettilineo;Una carreggiata a doppio senso;Bagnato (pioggia);Asfaltata;Verticale ed orizzontale;Nuvoloso;Normale;Buona;Ore Diurne;0;0;0;1;12.425;41.924;-1;1;Autovettura privata;In marcia / fermata / arresto;Conducente;F;Illeso;0;;;
4205850;18;31/01/2019 14:45:00;Strada Urbana;VIA ALMESE;in corrispondenza;;del civico n.;32;;Veicolo in marcia contro ostacolo fisso;Rettilineo;Una carreggiata a doppio senso;Bagnato (pioggia);Asfaltata;Assente;Pioggia in atto;Scarso;Buona;Ore Diurne;0;0;0;1;12.3929;41.9132;-1;1;Autovettura privata;In marcia / fermata / arresto;Conducente;M;Illeso;0;;;
4205852;5;31/01/2019 07:30:00;Comunale extraurbana;VIA DELLA TENUTA DEL CAVALIERE;da specificare;;;;PROSSIMITA' FRONTE CIVICO 40;Fuoriuscita dalla sede stradale;Rettilineo;Una carreggiata a doppio senso;Bagnato (umidità in atto);Asfaltata;Orizzontale;Sereno;Normale;Buona;Ore Diurne;2;0;0;0;12.6671;41.9292;-1;1;Autovettura privata;In marcia / fermata / arresto;Conducente;F;Rimandato;0;NON DECEDUTO;Non accertato;
4205852;5;31/01/2019 07:30:00;Comunale extraurbana;VIA DELLA TENUTA DEL CAVALIERE;da specificare;;;;PROSSIMITA' FRONTE CIVICO 40;Fuoriuscita dalla sede stradale;Rettilineo;Una carreggiata a doppio senso;Bagnato (umidità in atto);Asfaltata;Orizzontale;Sereno;Normale;Buona;Ore Diurne;2;0;0;0;12.6671;41.9292;-1;1;Autovettura privata;In marcia / fermata / arresto;Passeggero;M;Rimandato;0;NON DECEDUTO;Non accertato;
4205853;4;31/01/2019 12:00:00;Strada Urbana;VIA ANGELO ANNARATONE;in corrispondenza;;del civico n.;5;;Veicolo in marcia contro veicolo in sosta;Pendenza;Una carreggiata a doppio senso;Asciutto;Asfaltata;Assente;Nuvoloso;Scarso;Buona;Ore Diurne;0;0;0;1;12.5234;41.9621;-1;1;Autovettura privata;In marcia / fermata / arresto;Conducente;M;Illeso;0;;;
4205853;4;31/01/2019 12:00:00;Strada Urbana;VIA ANGELO ANNARATONE;in corrispondenza;;del civico n.;5;;Veicolo in marcia contro veicolo in sosta;Pendenza;Una carreggiata a doppio senso;Asciutto;Asfaltata;Assente;Nuvoloso;Scarso;Buona;Ore Diurne;0;0;0;1;12.5234;41.9621;-1;2;Autovettura privata;Sosta;;;;;;;
4205857;12;26/01/2019 12:00:00;Strada Urbana;VIA MATILDE SERAO;da specificare;;;;fronte civico 47/A;Scontro frontale/laterale DX fra veicoli in marcia;Rettilineo;Una carreggiata a doppio senso;Asciutto;Asfaltata;Verticale ed orizzontale;Sereno;Scarso;Buona;Ore Diurne;0;0;0;2;12.4407;41.778;-1;1;Autovettura privata;In marcia / fermata / arresto;Conducente;F;Illeso;0;;;
4205857;12;26/01/2019 12:00:00;Strada Urbana;VIA MATILDE SERAO;da specificare;;;;fronte civico 47/A;Scontro frontale/laterale DX fra veicoli in marcia;Rettilineo;Una carreggiata a doppio senso;Asciutto;Asfaltata;Verticale ed orizzontale;Sereno;Scarso;Buona;Ore Diurne;0;0;0;2;12.4407;41.778;-1;2;Autovettura privata;In marcia / fermata / arresto;Conducente;F;Illeso;0;;;
4205869;4;31/01/2019 20:45:00;Strada Urbana;VIA NOMENTANA NUOVA;da specificare;;;;fronte civ. 45;Investimento di pedone;Rettilineo;Una carreggiata a doppio senso;Bagnato (pioggia);Asfaltata;Verticale ed orizzontale;Pioggia in atto;Intenso;Buona;Sufficiente;2;0;0;1;12.5309;41.9341;-1;;;;Pedone;F;Ricoverato;0;NON DECEDUTO;;
4205869;4;31/01/2019 20:45:00;Strada Urbana;VIA NOMENTANA NUOVA;da specificare;;;;fronte civ. 45;Investimento di pedone;Rettilineo;Una carreggiata a doppio senso;Bagnato (pioggia);Asfaltata;Verticale ed orizzontale;Pioggia in atto;Intenso;Buona;Sufficiente;2;0;0;1;12.5309;41.9341;-1;;;;Pedone;M;Ricoverato;0;NON DECEDUTO;;
4205869;4;31/01/2019 20:45:00;Strada Urbana;VIA NOMENTANA NUOVA;da specificare;;;;fronte civ. 45;Investimento di pedone;Rettilineo;Una carreggiata a doppio senso;Bagnato (pioggia);Asfaltata;Verticale ed orizzontale;Pioggia in atto;Intenso;Buona;Sufficiente;2;0;0;1;12.5309;41.9341;-1;1;Autovettura privata;In marcia / fermata / arresto;Conducente;M;Illeso;0;;;
4205872;18;31/01/2019 22:45:00;Strada Urbana;VIA DON CARLO GNOCCHI;in prossimità;;del civico n.;12;;Veicolo in marcia contro ostacolo accidentale;Rettilineo;Una carreggiata a doppio senso;Bagnato (pioggia);Asfaltata;Verticale ed orizzontale;Pioggia in atto;Scarso;Buona;Sufficiente;0;0;0;1;12.3946;41.9136;-1;1;Autobus di linea;In marcia / fermata / arresto;Conducente;M;Illeso;0;;;
4205879;12;31/01/2019 07:53:00;Strada Urbana;VIA DI TRIGORIA;in prossimità;;del civico n.;248;;Tamponamento Multiplo;Rettilineo;Una carreggiata a doppio senso;Ghiacciato;Asfaltata;Verticale ed orizzontale;Sereno;Normale;Buona;Ore Diurne;1;0;0;6;12.4683;41.7502;-1;1;Autovettura privata;In marcia / fermata / arresto;Conducente;F;Illeso;0;;Utilizzato;Esploso
4205879;12;31/01/2019 07:53:00;Strada Urbana;VIA DI TRIGORIA;in prossimità;;del civico n.;248;;Tamponamento Multiplo;Rettilineo;Una carreggiata a doppio senso;Ghiacciato;Asfaltata;Verticale ed orizzontale;Sereno;Normale;Buona;Ore Diurne;1;0;0;6;12.4683;41.7502;-1;2;Autocarro inferiore 35 q.;In marcia / fermata / arresto;Conducente;M;Illeso;0;;Utilizzato;Inesploso
4205879;12;31/01/2019 07:53:00;Strada Urbana;VIA DI TRIGORIA;in prossimità;;del civico n.;248;;Tamponamento Multiplo;Rettilineo;Una carreggiata a doppio senso;Ghiacciato;Asfaltata;Verticale ed orizzontale;Sereno;Normale;Buona;Ore Diurne;1;0;0;6;12.4683;41.7502;-1;2;Autocarro inferiore 35 q.;In marcia / fermata / arresto;Passeggero;F;Illeso;0;;Utilizzato;Inesploso
4205879;12;31/01/2019 07:53:00;Strada Urbana;VIA DI TRIGORIA;in prossimità;;del civico n.;248;;Tamponamento Multiplo;Rettilineo;Una carreggiata a doppio senso;Ghiacciato;Asfaltata;Verticale ed orizzontale;Sereno;Normale;Buona;Ore Diurne;1;0;0;6;12.4683;41.7502;-1;3;Autovettura privata;In marcia / fermata / arresto;Conducente;F;Illeso;0;;Utilizzato;Inesploso
4205879;12;31/01/2019 07:53:00;Strada Urbana;VIA DI TRIGORIA;in prossimità;;del civico n.;248;;Tamponamento Multiplo;Rettilineo;Una carreggiata a doppio senso;Ghiacciato;Asfaltata;Verticale ed orizzontale;Sereno;Normale;Buona;Ore Diurne;1;0;0;6;12.4683;41.7502;-1;3;Autovettura privata;In marcia / fermata / arresto;Passeggero;M;Illeso;0;;Utilizzato;Inesploso
4205879;12;31/01/2019 07:53:00;Strada Urbana;VIA DI TRIGORIA;in prossimità;;del civico n.;248;;Tamponamento Multiplo;Rettilineo;Una carreggiata a doppio senso;Ghiacciato;Asfaltata;Verticale ed orizzontale;Sereno;Normale;Buona;Ore Diurne;1;0;0;6;12.4683;41.7502;-1;4;Autovettura privata;In marcia / fermata / arresto;Conducente;F;Rimandato;0;NON DECEDUTO;Utilizzato;Esploso
4205879;12;31/01/2019 07:53:00;Strada Urbana;VIA DI TRIGORIA;in prossimità;;del civico n.;248;;Tamponamento Multiplo;Rettilineo;Una carreggiata a doppio senso;Ghiacciato;Asfaltata;Verticale ed orizzontale;Sereno;Normale;Buona;Ore Diurne;1;0;0;6;12.4683;41.7502;-1;5;Autovettura privata;In marcia / fermata / arresto;Conducente;F;Illeso;0;;Utilizzato;
4205888;17;31/01/2019 08:00:00;Strada Urbana;BORGO ANGELICO;in prossimità;;del civico n.;18/A-18/B;;Veicolo in marcia contro veicolo in sosta;Rettilineo;Una carreggiata a senso unico di marcia;Asciutto;Asfaltata;Verticale ed orizzontale;Sereno;Scarso;Buona;Ore Diurne;0;0;0;0;12.4592;41.9052;-1;1;Autovettura privata;Sosta;;;;;;;
4205888;17;31/01/2019 08:00:00;Strada Urbana;BORGO ANGELICO;in prossimità;;del civico n.;18/A-18/B;;Veicolo in marcia contro veicolo in sosta;Rettilineo;Una carreggiata a senso unico di marcia;Asciutto;Asfaltata;Verticale ed orizzontale;Sereno;Scarso;Buona;Ore Diurne;0;0;0;0;12.4592;41.9052;-1;2;Motociclo a solo;Sosta;;;;;;;
4205888;17;31/01/2019 08:00:00;Strada Urbana;BORGO ANGELICO;in prossimità;;del civico n.;18/A-18/B;;Veicolo in marcia contro veicolo in sosta;Rettilineo;Una carreggiata a senso unico di marcia;Asciutto;Asfaltata;Verticale ed orizzontale;Sereno;Scarso;Buona;Ore Diurne;0;0;0;0;12.4592;41.9052;-1;3;Autovettura privata;Allontanatosi;;;;;;;
4205892;2;31/01/2019 12:25:00;Strada Urbana;VIA TEVERE;all'intersezione con;VIA CREMERA;VIA CREMERA;;;Scontro laterale fra veicoli in marcia;Intersezione stradale segnalata;Una carreggiata a senso unico di marcia;Asciutto;Asfaltata;Verticale ed orizzontale;Sereno;Normale;Buona;Ore Diurne;0;0;0;2;12.4968;41.9123;-1;1;Autovettura privata;In marcia / fermata / arresto;Conducente;F;Illeso;0;;Non accertato;Inesploso
4205892;2;31/01/2019 12:25:00;Strada Urbana;VIA TEVERE;all'intersezione con;VIA CREMERA;VIA CREMERA;;;Scontro laterale fra veicoli in marcia;Intersezione stradale segnalata;Una carreggiata a senso unico di marcia;Asciutto;Asfaltata;Verticale ed orizzontale;Sereno;Normale;Buona;Ore Diurne;0;0;0;2;12.4968;41.9123;-1;2;Autovettura privata;In marcia / fermata / arresto;Conducente;F;Illeso;0;;Non accertato;Inesploso
4205900;2;31/01/2019 14:50:00;Strada Urbana;VIA DEI CAMPI SPORTIVI;da specificare;;;;rampa uscita da Via del Foro Italico;Tamponamento;Curva a visuale libera;Una carreggiata a senso unico di marcia;Asciutto;Asfaltata;Verticale ed orizzontale;Nuvoloso;Normale;Buona;Ore Diurne;0;0;0;3;12.4904;41.9395;-1;1;Autovettura privata;In marcia / fermata / arresto;Conducente;F;Illeso;0;;;
4205900;2;31/01/2019 14:50:00;Strada Urbana;VIA DEI CAMPI SPORTIVI;da specificare;;;;rampa uscita da Via del Foro Italico;Tamponamento;Curva a visuale libera;Una carreggiata a senso unico di marcia;Asciutto;Asfaltata;Verticale ed orizzontale;Nuvoloso;Normale;Buona;Ore Diurne;0;0;0;3;12.4904;41.9395;-1;1;Autovettura privata;In marcia / fermata / arresto;Passeggero;M;Illeso;0;;;
4205900;2;31/01/2019 14:50:00;Strada Urbana;VIA DEI CAMPI SPORTIVI;da specificare;;;;rampa uscita da Via del Foro Italico;Tamponamento;Curva a visuale libera;Una carreggiata a senso unico di marcia;Asciutto;Asfaltata;Verticale ed orizzontale;Nuvoloso;Normale;Buona;Ore Diurne;0;0;0;3;12.4904;41.9395;-1;2;Autovettura privata;In marcia / fermata / arresto;Conducente;F;Illeso;0;;;
4205904;1;31/01/2019 19:05:00;Strada Urbana;VIALE DI TRASTEVERE;in corrispondenza;;del civico n.;60;;Investimento di pedone;Rettilineo;Più di due carreggiate;Bagnato (pioggia);Asfaltata;Verticale ed orizzontale;Pioggia in atto;Normale;Sufficiente;Sufficiente;1;0;0;1;12.4722;41.8866;-1;;;;Pedone;F;Rimandato;0;NON DECEDUTO;;
4205904;1;31/01/2019 19:05:00;Strada Urbana;VIALE DI TRASTEVERE;in corrispondenza;;del civico n.;60;;Investimento di pedone;Rettilineo;Più di due carreggiate;Bagnato (pioggia);Asfaltata;Verticale ed orizzontale;Pioggia in atto;Normale;Sufficiente;Sufficiente;1;0;0;1;12.4722;41.8866;-1;1;Autovettura privata;In marcia / fermata / arresto;Conducente;M;Illeso;0;;Non accertato;Inesploso
4205909;7;31/01/2019 11:40:00;Strada Urbana;VIA TOR DE' SCHIAVI;in corrispondenza;;del civico n.;180;;Veicolo in marcia contro veicolo arresto;Rettilineo;Una carreggiata a doppio senso;Asciutto;Asfaltata;Verticale ed orizzontale;Nuvoloso;Normale;Buona;Ore Diurne;0;0;0;2;12.5629;41.8848;-1;1;Autovettura privata;In marcia / fermata / arresto;Conducente;M;Illeso;0;;;
4205909;7;31/01/2019 11:40:00;Strada Urbana;VIA TOR DE' SCHIAVI;in corrispondenza;;del civico n.;180;;Veicolo in marcia contro veicolo arresto;Rettilineo;Una carreggiata a doppio senso;Asciutto;Asfaltata;Verticale ed orizzontale;Nuvoloso;Normale;Buona;Ore Diurne;0;0;0;2;12.5629;41.8848;-1;2;Motociclo a solo;In marcia / fermata / arresto;Conducente;M;Illeso;0;;;
4205910;2;31/01/2019 17:40:00;Strada Urbana;VIA RUBICONE;in prossimità;;del civico n.;1;;Veicolo in marcia contro veicolo in sosta;Rettilineo;Una carreggiata a senso unico di marcia;Asciutto;Asfaltata;Verticale ed orizzontale;Nuvoloso;Normale;Buona;Sufficiente;0;0;0;1;12.5016;41.9193;-1;1;Autovettura privata;In marcia / fermata / arresto;Conducente;M;Illeso;0;;;
4205910;2;31/01/2019 17:40:00;Strada Urbana;VIA RUBICONE;in prossimità;;del civico n.;1;;Veicolo in marcia contro veicolo in sosta;Rettilineo;Una carreggiata a senso unico di marcia;Asciutto;Asfaltata;Verticale ed orizzontale;Nuvoloso;Normale;Buona;Sufficiente;0;0;0;1;12.5016;41.9193;-1;2;Autovettura privata;Sosta;;;;;;;
4205911;8;31/01/2019 14:30:00;;VIA DI TOR VERGATA;in prossimità;;del civico n.;193;;Tamponamento;;;;;;;;;;0;0;0;3;;;0;1;Autovettura privata;In marcia / fermata / arresto;Conducente;F;Illeso;0;;;
4205911;8;31/01/2019 14:30:00;;VIA DI TOR VERGATA;in prossimità;;del civico n.;193;;Tamponamento;;;;;;;;;;0;0;0;3;;;0;2;Autovettura privata;In marcia / fermata / arresto;Conducente;M;Illeso;0;;;
4205911;8;31/01/2019 14:30:00;;VIA DI TOR VERGATA;in prossimità;;del civico n.;193;;Tamponamento;;;;;;;;;;0;0;0;3;;;0;2;Autovettura privata;In marcia / fermata / arresto;Passeggero;M;Illeso;0;;;
4205913;2;31/01/2019 18:40:00;Strada Urbana;VIALE PARIOLI;in prossimità;;del civico n.;52;;Veicolo in marcia contro veicolo in sosta;Rettilineo;Una carreggiata a doppio senso;Bagnato (pioggia);Asfaltata;Verticale ed orizzontale;Nuvoloso;Intenso;Sufficiente;Sufficiente;0;0;0;1;12.4896;41.9252;-1;1;Autocarro inferiore 35 q.;Sosta;;;;;;;
4205913;2;31/01/2019 18:40:00;Strada Urbana;VIALE PARIOLI;in prossimità;;del civico n.;52;;Veicolo in marcia contro veicolo in sosta;Rettilineo;Una carreggiata a doppio senso;Bagnato (pioggia);Asfaltata;Verticale ed orizzontale;Nuvoloso;Intenso;Sufficiente;Sufficiente;0;0;0;1;12.4896;41.9252;-1;2;Motociclo a solo;In marcia / fermata / arresto;Conducente;M;Illeso;0;;Non accertato;
4205917;2;31/01/2019 22:00:00;Strada Urbana;LUNGOTEVERE FLAMINIO;in prossimità;;del civico n.;59;;Scontro frontale/laterale DX fra veicoli in marcia;Rettilineo;Due carreggiate;Bagnato (pioggia);Asfaltata;Verticale ed orizzontale;Pioggia in atto;Scarso;Buona;Sufficiente;1;0;0;1;12.4646;41.924;-1;1;Autovettura privata;In marcia / fermata / arresto;Conducente;M;Illeso;0;;Non accertato;Inesploso
4205917;2;31/01/2019 22:00:00;Strada Urbana;LUNGOTEVERE FLAMINIO;in prossimità;;del civico n.;59;;Scontro frontale/laterale DX fra veicoli in marcia;Rettilineo;Due carreggiate;Bagnato (pioggia);Asfaltata;Verticale ed orizzontale;Pioggia in atto;Scarso;Buona;Sufficiente;1;0;0;1;12.4646;41.924;-1;2;Motociclo a solo;In marcia / fermata / arresto;Conducente;M;Ricoverato;0;NON DECEDUTO;;
4205924;16;30/01/2019 17:25:00;Strada Urbana;VIA MARCELLO PIACENTINI;all'intersezione con;VIA DELLA PISANA;VIA DELLA PISANA;;;Scontro frontale/laterale DX fra veicoli in marcia;Incrocio;Una carreggiata a doppio senso;Bagnato (pioggia);Asfaltata;Verticale;Pioggia in atto;Normale;Buona;Sufficiente;0;0;0;2;12.4122;41.869;-1;1;Autovettura privata;In marcia / fermata / arresto;Conducente;M;Illeso;0;;Non accertato;Inesploso
4205924;16;30/01/2019 17:25:00;Strada Urbana;VIA MARCELLO PIACENTINI;all'intersezione con;VIA DELLA PISANA;VIA DELLA PISANA;;;Scontro frontale/laterale DX fra veicoli in marcia;Incrocio;Una carreggiata a doppio senso;Bagnato (pioggia);Asfaltata;Verticale;Pioggia in atto;Normale;Buona;Sufficiente;0;0;0;2;12.4122;41.869;-1;2;Motociclo a solo;In marcia / fermata / arresto;Conducente;M;Illeso;0;;Non accertato;
4205926;12;29/01/2019 11:15:00;Strada Urbana;VIA ALFONSINE;in corrispondenza;;del civico n.;15;;Tamponamento Multiplo;Rettilineo;Una carreggiata a doppio senso;Asciutto;Asfaltata;Verticale ed orizzontale;Sereno;Normale;Buona;Ore Diurne;1;0;0;3;12.4262;41.7876;-1;1;Autovettura privata;In marcia / fermata / arresto;Conducente;M;Illeso;0;;Utilizzato;Inesploso
4205926;12;29/01/2019 11:15:00;Strada Urbana;VIA ALFONSINE;in corrispondenza;;del civico n.;15;;Tamponamento Multiplo;Rettilineo;Una carreggiata a doppio senso;Asciutto;Asfaltata;Verticale ed orizzontale;Sereno;Normale;Buona;Ore Diurne;1;0;0;3;12.4262;41.7876;-1;1;Autovettura privata;In marcia / fermata / arresto;Passeggero;F;Illeso;0;;Utilizzato;Inesploso
4205926;12;29/01/2019 11:15:00;Strada Urbana;VIA ALFONSINE;in corrispondenza;;del civico n.;15;;Tamponamento Multiplo;Rettilineo;Una carreggiata a doppio senso;Asciutto;Asfaltata;Verticale ed orizzontale;Sereno;Normale;Buona;Ore Diurne;1;0;0;3;12.4262;41.7876;-1;2;Autovettura privata;In marcia / fermata / arresto;Conducente;F;Illeso;0;;Utilizzato;Inesploso
4205926;12;29/01/2019 11:15:00;Strada Urbana;VIA ALFONSINE;in corrispondenza;;del civico n.;15;;Tamponamento Multiplo;Rettilineo;Una carreggiata a doppio senso;Asciutto;Asfaltata;Verticale ed orizzontale;Sereno;Normale;Buona;Ore Diurne;1;0;0;3;12.4262;41.7876;-1;3;Motociclo a solo;In marcia / fermata / arresto;Conducente;M;Rimandato;0;NON DECEDUTO;Utilizzato;
4205929;16;31/01/2019 18:40:00;Strada Urbana;VIA DI BRAVA;in corrispondenza;;del civico n.;136;;Scontro frontale fra veicoli in marcia;Rettilineo;Una carreggiata a doppio senso;Bagnato (pioggia);Asfaltata;Assente;Pioggia in atto;Normale;Buona;Sufficiente;1;0;0;3;12.3825;41.8689;-1;1;Autocarro inferiore 35 q.;In marcia / fermata / arresto;Conducente;M;Illeso;0;;Non accertato;Inesploso
4205929;16;31/01/2019 18:40:00;Strada Urbana;VIA DI BRAVA;in corrispondenza;;del civico n.;136;;Scontro frontale fra veicoli in marcia;Rettilineo;Una carreggiata a doppio senso;Bagnato (pioggia);Asfaltata;Assente;Pioggia in atto;Normale;Buona;Sufficiente;1;0;0;3;12.3825;41.8689;-1;1;Autocarro inferiore 35 q.;In marcia / fermata / arresto;Passeggero;M;Illeso;0;;Non accertato;Inesploso
4205929;16;31/01/2019 18:40:00;Strada Urbana;VIA DI BRAVA;in corrispondenza;;del civico n.;136;;Scontro frontale fra veicoli in marcia;Rettilineo;Una carreggiata a doppio senso;Bagnato (pioggia);Asfaltata;Assente;Pioggia in atto;Normale;Buona;Sufficiente;1;0;0;3;12.3825;41.8689;-1;2;Autovettura privata;In marcia / fermata / arresto;Conducente;M;Illeso;0;;Non accertato;Inesploso
4205929;16;31/01/2019 18:40:00;Strada Urbana;VIA DI BRAVA;in corrispondenza;;del civico n.;136;;Scontro frontale fra veicoli in marcia;Rettilineo;Una carreggiata a doppio senso;Bagnato (pioggia);Asfaltata;Assente;Pioggia in atto;Normale;Buona;Sufficiente;1;0;0;3;12.3825;41.8689;-1;3;Autovettura privata;In marcia / fermata / arresto;Conducente;M;Rimandato;0;NON DECEDUTO;Non accertato;Inesploso
4205934;1;31/01/2019 18:15:00;Strada Urbana;VIALE DI PORTA ARDEATINA;in corrispondenza;;del civico n.;55;;Veicolo in marcia contro veicolo in sosta;Curva a visuale libera;Una carreggiata a doppio senso;Asciutto;Asfaltata;Orizzontale;Nuvoloso;Scarso;Sufficiente;Sufficiente;1;0;0;0;12.4934;41.8738;-1;1;Veicolo speciale;In marcia / fermata / arresto;Conducente;M;Rimandato;0;NON DECEDUTO;Non accertato;
4205934;1;31/01/2019 18:15:00;Strada Urbana;VIALE DI PORTA ARDEATINA;in corrispondenza;;del civico n.;55;;Veicolo in marcia contro veicolo in sosta;Curva a visuale libera;Una carreggiata a doppio senso;Asciutto;Asfaltata;Orizzontale;Nuvoloso;Scarso;Sufficiente;Sufficiente;1;0;0;0;12.4934;41.8738;-1;2;Autovettura privata;Sosta;;;;;;;
4205946;16;30/01/2019 18:50:00;Strada Urbana;VIALE DELLE MURA PORTUENSI;in prossimità;;del civico n.;f.c. 6;;Tamponamento Multiplo;Rettilineo;Una carreggiata a doppio senso;Bagnato (pioggia);Asfaltata;Verticale ed orizzontale;Pioggia in atto;Intenso;Buona;Ore Diurne;1;0;0;7;12.4721;41.8841;-1;1;Autovettura privata;In marcia / fermata / arresto;Conducente;M;Illeso;0;;Non accertato;Inesploso
4205946;16;30/01/2019 18:50:00;Strada Urbana;VIALE DELLE MURA PORTUENSI;in prossimità;;del civico n.;f.c. 6;;Tamponamento Multiplo;Rettilineo;Una carreggiata a doppio senso;Bagnato (pioggia);Asfaltata;Verticale ed orizzontale;Pioggia in atto;Intenso;Buona;Ore Diurne;1;0;0;7;12.4721;41.8841;-1;1;Autovettura privata;In marcia / fermata / arresto;Passeggero;M;Rimandato;0;NON DECEDUTO;Non accertato;Inesploso
4205946;16;30/01/2019 18:50:00;Strada Urbana;VIALE DELLE MURA PORTUENSI;in prossimità;;del civico n.;f.c. 6;;Tamponamento Multiplo;Rettilineo;Una carreggiata a doppio senso;Bagnato (pioggia);Asfaltata;Verticale ed orizzontale;Pioggia in atto;Intenso;Buona;Ore Diurne;1;0;0;7;12.4721;41.8841;-1;1;Autovettura privata;In marcia / fermata / arresto;Passeggero;F;Illeso;0;;Non accertato;Inesploso
4205946;16;30/01/2019 18:50:00;Strada Urbana;VIALE DELLE MURA PORTUENSI;in prossimità;;del civico n.;f.c. 6;;Tamponamento Multiplo;Rettilineo;Una carreggiata a doppio senso;Bagnato (pioggia);Asfaltata;Verticale ed orizzontale;Pioggia in atto;Intenso;Buona;Ore Diurne;1;0;0;7;12.4721;41.8841;-1;1;Autovettura privata;In marcia / fermata / arresto;Passeggero;F;Illeso;0;;Non accertato;Inesploso
4205946;16;30/01/2019 18:50:00;Strada Urbana;VIALE DELLE MURA PORTUENSI;in prossimità;;del civico n.;f.c. 6;;Tamponamento Multiplo;Rettilineo;Una carreggiata a doppio senso;Bagnato (pioggia);Asfaltata;Verticale ed orizzontale;Pioggia in atto;Intenso;Buona;Ore Diurne;1;0;0;7;12.4721;41.8841;-1;1;Autovettura privata;In marcia / fermata / arresto;Passeggero;M;Illeso;0;;Non accertato;Inesploso
4205946;16;30/01/2019 18:50:00;Strada Urbana;VIALE DELLE MURA PORTUENSI;in prossimità;;del civico n.;f.c. 6;;Tamponamento Multiplo;Rettilineo;Una carreggiata a doppio senso;Bagnato (pioggia);Asfaltata;Verticale ed orizzontale;Pioggia in atto;Intenso;Buona;Ore Diurne;1;0;0;7;12.4721;41.8841;-1;2;Autovettura privata;In marcia / fermata / arresto;Conducente;F;Illeso;0;;Non accertato;Inesploso
4205946;16;30/01/2019 18:50:00;Strada Urbana;VIALE DELLE MURA PORTUENSI;in prossimità;;del civico n.;f.c. 6;;Tamponamento Multiplo;Rettilineo;Una carreggiata a doppio senso;Bagnato (pioggia);Asfaltata;Verticale ed orizzontale;Pioggia in atto;Intenso;Buona;Ore Diurne;1;0;0;7;12.4721;41.8841;-1;3;Autovettura privata;In marcia / fermata / arresto;Conducente;M;Illeso;0;;Non accertato;Inesploso
4205946;16;30/01/2019 18:50:00;Strada Urbana;VIALE DELLE MURA PORTUENSI;in prossimità;;del civico n.;f.c. 6;;Tamponamento Multiplo;Rettilineo;Una carreggiata a doppio senso;Bagnato (pioggia);Asfaltata;Verticale ed orizzontale;Pioggia in atto;Intenso;Buona;Ore Diurne;1;0;0;7;12.4721;41.8841;-1;3;Autovettura privata;In marcia / fermata / arresto;Passeggero;F;Illeso;0;;Non accertato;Inesploso
4205955;8;31/01/2019 14:30:00;Strada Urbana;VIA MEROPE;in corrispondenza;;del civico n.;15;;Scontro frontale/laterale DX fra veicoli in marcia;Rettilineo;Una carreggiata a doppio senso;Bagnato (umidità in atto);Asfaltata;Verticale ed orizzontale;Nuvoloso;Normale;Buona;Ore Diurne;1;0;0;1;12.6179;41.8728;-1;1;Autovettura privata;In marcia / fermata / arresto;Conducente;F;Rimandato;0;NON DECEDUTO;Non accertato;