Protocollo;Gruppo;DataOraIncidente;Localizzazione1;STRADA1;Localizzazione2;STRADA2;Strada02;Chilometrica;DaSpecificare;NaturaIncidente;particolaritastrade;TipoStrada;FondoStradale;Pavimentazione;Segnaletica;CondizioneAtmosferica;Traffico;Visibilita;Illuminazione;NUM_FERITI;NUM_RISERVATA;NUM_MORTI;NUM_ILLESI;Longitudine;Latitudine;Confermato;Progressivo;TipoVeicolo;StatoVeicolo;TipoPersona;Sesso;Tipolesione;Deceduto;DecedutoDopo;CinturaCascoUtilizzato;Airbag;
4207815;17;31/01/2019 10:30:00;Strada Urbana;VIA BARLETTA;in corrispondenza;;del civico n.;9d;;Veicolo in marcia contro veicolo in sosta;Rettilineo;Più di due carreggiate;Bagnato (pioggia);Asfaltata;Verticale ed orizzontale;Nuvoloso;Scarso;Buona;Ore Diurne;0;0;0;3;12.4577;41.9097;-1;1;Autovettura privata;In marcia / fermata / arresto;Passeggero;M;Illeso;0;;;
4207815;17;31/01/2019 10:30:00;Strada Urbana;VIA BARLETTA;in corrispondenza;;del civico n.;9d;;Veicolo in marcia contro veicolo in sosta;Rettilineo;Più di due carreggiate;Bagnato (pioggia);Asfaltata;Verticale ed orizzontale;Nuvoloso;Scarso;Buona;Ore Diurne;0;0;0;3;12.4577;41.9097;-1;1;Autovettura privata;In marcia / fermata / arresto;Passeggero;M;Illeso;0;;;
4207815;17;31/01/2019 10:30:00;Strada Urbana;VIA BARLETTA;in corrispondenza;;del civico n.;9d;;Veicolo in marcia contro veicolo in sosta;Rettilineo;Più di due carreggiate;Bagnato (pioggia);Asfaltata;Verticale ed orizzontale;Nuvoloso;Scarso;Buona;Ore Diurne;0;0;0;3;12.4577;41.9097;-1;2;Autovettura privata;Sosta;;;;;;;
4210306;1;13/01/2019 13:00:00;Strada Urbana;VIA DEL SEMINARIO;in prossimità;;del civico n.;106;;Investimento di pedone;Rettilineo;Una carreggiata a senso unico di marcia;Asciutto;Asfaltata;Assente;Sereno;Normale;Sufficiente;Ore Diurne;1;0;0;0;12.4778;41.899;-1;;;;Pedone;M;Rimandato;0;NON DECEDUTO;;
4210306;1;13/01/2019 13:00:00;Strada Urbana;VIA DEL SEMINARIO;in prossimità;;del civico n.;106;;Investimento di pedone;Rettilineo;Una carreggiata a senso unico di marcia;Asciutto;Asfaltata;Assente;Sereno;Normale;Sufficiente;Ore Diurne;1;0;0;0;12.4778;41.899;-1;1;Autovettura pubblica;In marcia / fermata / arresto;;;;;;;
4210320;1;27/01/2019 22:40:00;Strada Urbana;PONTE GARIBALDI;da specificare;;;;.;Veicolo in marcia contro ostacolo fisso;Rettilineo;Una carreggiata a doppio senso;Asciutto;Asfaltata;Assente;Nuvoloso;Scarso;Sufficiente;Sufficiente;0;0;0;4;12.4744;41.8911;-1;1;Autovettura privata;In marcia / fermata / arresto;Conducente;M;Illeso;0;;;
4210320;1;27/01/2019 22:40:00;Strada Urbana;PONTE GARIBALDI;da specificare;;;;.;Veicolo in marcia contro ostacolo fisso;Rettilineo;Una carreggiata a doppio senso;Asciutto;Asfaltata;Assente;Nuvoloso;Scarso;Sufficiente;Sufficiente;0;0;0;4;12.4744;41.8911;-1;1;Autovettura privata;In marcia / fermata / arresto;Passeggero;F;Illeso;0;;;
4210320;1;27/01/2019 22:40:00;Strada Urbana;PONTE GARIBALDI;da specificare;;;;.;Veicolo in marcia contro ostacolo fisso;Rettilineo;Una carreggiata a doppio senso;Asciutto;Asfaltata;Assente;Nuvoloso;Scarso;Sufficiente;Sufficiente;0;0;0;4;12.4744;41.8911;-1;1;Autovettura privata;In marcia / fermata / arresto;Passeggero;F;Illeso;0;;;
4210320;1;27/01/2019 22:40:00;Strada Urbana;PONTE GARIBALDI;da specificare;;;;.;Veicolo in marcia contro ostacolo fisso;Rettilineo;Una carreggiata a doppio senso;Asciutto;Asfaltata;Assente;Nuvoloso;Scarso;Sufficiente;Sufficiente;0;0;0;4;12.4744;41.8911;-1;2;Autovettura privata;In marcia / fermata / arresto;;;;;;;
4210397;1;29/01/2019 10:00:00;Strada Urbana;VIA DELLA FERRATELLA IN LATERANO;da specificare;;;;....;Veicolo in marcia contro ostacolo accidentale;Rettilineo;Una carreggiata a senso unico di marcia;Asciutto;Asfaltata;Verticale ed orizzontale;Sereno;Normale;Buona;Ore Diurne;0;0;0;1;12.5009;41.8833;-1;1;Autovettura privata;In marcia / fermata / arresto;Conducente;F;Illeso;0;;;
4210729;3;30/01/2019 11:42:00;Strada Urbana;VIA DEI RAMNI;all'intersezione con;VIA DEI LIBURNI;VIA DEI LIBURNI;;;Scontro frontale/laterale SX fra veicoli in marcia;Incrocio;Due carreggiate;Bagnato (pioggia);Asfaltata;Verticale ed orizzontale;Pioggia in atto;Normale;Sufficiente;Ore Diurne;0;0;0;2;12.5124;41.8998;-1;1;Ciclomotore;In marcia / fermata / arresto;Conducente;M;Illeso;0;;Non accertato;
4210729;3;30/01/2019 11:42:00;Strada Urbana;VIA DEI RAMNI;all'intersezione con;VIA DEI LIBURNI;VIA DEI LIBURNI;;;Scontro frontale/laterale SX fra veicoli in marcia;Incrocio;Due carreggiate;Bagnato (pioggia);Asfaltata;Verticale ed orizzontale;Pioggia in atto;Normale;Sufficiente;Ore Diurne;0;0;0;2;12.5124;41.8998;-1;2;Autovettura privata;In marcia / fermata / arresto;Conducente;M;Illeso;0;;Non accertato;
4210737;3;30/01/2019 23:35:00;Strada Urbana;VIALE DELL'UNIVERSITA';da specificare;;;;prossimità fronte civico 48;Investimento di pedone;Pendenza;Due carreggiate;Bagnato (pioggia);Asfaltata;Verticale ed orizzontale;Sereno;Scarso;Insufficiente;Insufficiente;1;0;0;3;12.5118;41.9043;-1;;;;Pedone;F;Rimandato;0;NON DECEDUTO;;
4210737;3;30/01/2019 23:35:00;Strada Urbana;VIALE DELL'UNIVERSITA';da specificare;;;;prossimità fronte civico 48;Investimento di pedone;Pendenza;Due carreggiate;Bagnato (pioggia);Asfaltata;Verticale ed orizzontale;Sereno;Scarso;Insufficiente;Insufficiente;1;0;0;3;12.5118;41.9043;-1;1;Autovettura privata;In marcia / fermata / arresto;Conducente;M;Illeso;0;;Non accertato;Inesploso
4210737;3;30/01/2019 23:35:00;Strada Urbana;VIALE DELL'UNIVERSITA';da specificare;;;;prossimità fronte civico 48;Investimento di pedone;Pendenza;Due carreggiate;Bagnato (pioggia);Asfaltata;Verticale ed orizzontale;Sereno;Scarso;Insufficiente;Insufficiente;1;0;0;3;12.5118;41.9043;-1;1;Autovettura privata;In marcia / fermata / arresto;Passeggero;F;Illeso;0;;Non accertato;Inesploso
4210747;3;31/01/2019 08:50:00;Strada Urbana;VIALE REGINA MARGHERITA;all'intersezione semaforizzata con;VIA NOMENTANA;VIA NOMENTANA;;;Scontro frontale/laterale DX fra veicoli in marcia;Intersezione semaforizzata;Più di due carreggiate;Bagnato (umidità in atto);Asfaltata;Verticale ed orizzontale;Sereno;Intenso;Buona;Ore Diurne;0;0;0;2;12.5056;41.9139;-1;1;Autovettura privata;In marcia / fermata / arresto;Conducente;M;Illeso;0;;;
4210747;3;31/01/2019 08:50:00;Strada Urbana;VIALE REGINA MARGHERITA;all'intersezione semaforizzata con;VIA NOMENTANA;VIA NOMENTANA;;;Scontro frontale/laterale DX fra veicoli in marcia;Intersezione semaforizzata;Più di due carreggiate;Bagnato (umidità in atto);Asfaltata;Verticale ed orizzontale;Sereno;Intenso;Buona;Ore Diurne;0;0;0;2;12.5056;41.9139;-1;2;Autovettura privata;In marcia / fermata / arresto;Conducente;M;Illeso;0;;;
4211163;12;28/01/2019 22:30:00;Strada Urbana;VIA ETTORE ROLLI;da specificare;;;;civico 51;Veicolo in marcia contro veicolo in sosta;Rettilineo;Una carreggiata a doppio senso;Asciutto;Asfaltata;Verticale ed orizzontale;Nuvoloso;Scarso;Sufficiente;Sufficiente;0;0;0;1;12.4676;41.8743;-1;1;Autovettura privata;Sosta;;;;;;;
4211163;12;28/01/2019 22:30:00;Strada Urbana;VIA ETTORE ROLLI;da specificare;;;;civico 51;Veicolo in marcia contro veicolo in sosta;Rettilineo;Una carreggiata a doppio senso;Asciutto;Asfaltata;Verticale ed orizzontale;Nuvoloso;Scarso;Sufficiente;Sufficiente;0;0;0;1;12.4676;41.8743;-1;2;Autovettura privata;In marcia / fermata / arresto;Conducente;M;Illeso;0;;Utilizzato;Inesploso
4211624;12;29/01/2019 20:45:00;Strada Urbana;VIA DI ACQUA ACETOSA OSTIENSE;all'intersezione con;VIA PONTINA  (CARREGGIATA COMPLANARE);VIA PONTINA  (CARREGGIATA COMPLANARE);;;Scontro frontale/laterale SX fra veicoli in marcia;Incrocio;Una carreggiata a doppio senso;Asciutto;Asfaltata;Verticale ed orizzontale;Sereno;Scarso;Sufficiente;Insufficiente;1;0;0;1;12.4673;41.8049;-1;1;Autovettura privata;In marcia / fermata / arresto;Conducente;M;Illeso;0;;Utilizzato;Inesploso
4211624;12;29/01/2019 20:45:00;Strada Urbana;VIA DI ACQUA ACETOSA OSTIENSE;all'intersezione con;VIA PONTINA  (CARREGGIATA COMPLANARE);VIA PONTINA  (CARREGGIATA COMPLANARE);;;Scontro frontale/laterale SX fra veicoli in marcia;Incrocio;Una carreggiata a doppio senso;Asciutto;Asfaltata;Verticale ed orizzontale;Sereno;Scarso;Sufficiente;Insufficiente;1;0;0;1;12.4673;41.8049;-1;2;Motociclo con passeggero;In marcia / fermata / arresto;Conducente;M;Rimandato;0;NON DECEDUTO;Utilizzato;
4211820;12;29/01/2019 10:00:00;Statale;VIA PONTINA;da specificare;;;;pross.  svinc. via Clarice Tartufari;Veicolo in marcia contro ostacolo accidentale;Curva a visuale libera;Due carreggiate;Asciutto;Asfaltata;Verticale ed orizzontale;Sereno;Normale;Buona;Ore Diurne;0;0;0;1;12.7972;41.5094;-1;1;Autovettura privata;In marcia / fermata / arresto;Conducente;M;Illeso;0;;;
4211822;12;31/01/2019 06:10:00;Strada Urbana;VIA DI ACQUA ACETOSA OSTIENSE;da specificare;;;;pross. palo acea n. 71;Veicolo in marcia contro ostacolo accidentale;Curva senza visuale libera;Una carreggiata a doppio senso;Ghiacciato;Asfaltata;Verticale ed orizzontale;Sereno;Scarso;Buona;Sufficiente;1;0;0;0;12.4673;41.8049;-1;1;Motociclo a solo;In marcia / fermata / arresto;Conducente;M;Ricoverato;0;NON DECEDUTO;Utilizzato;
4211828;12;31/01/2019 21:20:00;Strada Urbana;PIAZZA DOMENICO QUARANTA;all'intersezione con;VIA EDMONDO BRUNO ARNAUD;VIA EDMONDO BRUNO ARNAUD;;;Scontro frontale/laterale SX fra veicoli in marcia;Intersezione stradale segnalata;Una carreggiata a doppio senso;Bagnato (pioggia);Asfaltata;Verticale ed orizzontale;Pioggia in atto;Scarso;Buona;Sufficiente;1;0;0;1;12.4495;41.8038;-1;1;Motociclo a solo;In marcia / fermata / arresto;Conducente;M;Ricoverato;0;NON DECEDUTO;;
4211828;12;31/01/2019 21:20:00;Strada Urbana;PIAZZA DOMENICO QUARANTA;all'intersezione con;VIA EDMONDO BRUNO ARNAUD;VIA EDMONDO BRUNO ARNAUD;;;Scontro frontale/laterale SX fra veicoli in marcia;Intersezione stradale segnalata;Una carreggiata a doppio senso;Bagnato (pioggia);Asfaltata;Verticale ed orizzontale;Pioggia in atto;Scarso;Buona;Sufficiente;1;0;0;1;12.4495;41.8038;-1;2;Autovettura privata;In marcia / fermata / arresto;Conducente;F;Illeso;0;;;
4211829;12;29/01/2019 18:50:00;Strada Urbana;VIALE DEGLI EROI DI RODI;da specificare;;;;civico 295;Veicolo in marcia contro ostacolo accidentale;Rettilineo;Una carreggiata a senso unico di marcia;Asciutto;Con buche;Verticale;Sereno;Scarso;Buona;Sufficiente;0;0;0;1;12.4387;41.78;-1;1;Autovettura privata;In marcia / fermata / arresto;Conducente;F;Illeso;0;;;
4211838;12;29/01/2019 22:45:00;Strada Urbana;VIA PONTINA;da specificare;;;;laterale alt. civico 391;Veicolo in marcia contro ostacolo accidentale;Rettilineo;Una carreggiata a doppio senso;Asciutto;Asfaltata;Verticale ed orizzontale;Sereno;Scarso;Insufficiente;Inesistente;0;0;0;1;12.7972;41.5094;-1;1;Autovettura privata;In marcia / fermata / arresto;Conducente;M;Illeso;0;;;
4211842;12;29/01/2019 10:00:00;Statale;VIA PONTINA;da specificare;;;;pross. svincolo Via Clarice Tartufari dir Roma  ;Veicolo in marcia contro ostacolo accidentale;Curva a visuale libera;Due carreggiate;Asciutto;Con buche;Verticale ed orizzontale;Sereno;Normale;Buona;Ore Diurne;0;0;0;1;12.7972;41.5094;-1;1;Autovettura privata;In marcia / fermata / arresto;Conducente;M;Illeso;0;;;
4212642;9;31/01/2019 18:50:00;Strada Urbana;CIRCONVALLAZIONE APPIA;in prossimità;;del civico n.;44;;Veicolo in marcia contro ostacolo accidentale;Rettilineo;Una carreggiata a doppio senso;Asciutto;Asfaltata;Verticale ed orizzontale;Nuvoloso;Normale;Buona;Sufficiente;0;0;0;1;;;0;1;Quadriciclo leggero;In marcia / fermata / arresto;Conducente;M;Illeso;0;;Utilizzato;Inesploso
4212832;5;04/01/2019 19:20:00;Strada Urbana;VIA DI MARCO SIMONE;da specificare;;;;PROX. VIA TODINI;Investimento di pedone;Rettilineo;Una carreggiata a doppio senso;Asciutto;Asfaltata;Verticale ed orizzontale;Sereno;Scarso;Insufficiente;Insufficiente;3;0;1;0;12.645;41.9427;-1;;;;Pedone;M;Deceduto sul posto;-1;;;
4212832;5;04/01/2019 19:20:00;Strada Urbana;VIA DI MARCO SIMONE;da specificare;;;;PROX. VIA TODINI;Investimento di pedone;Rettilineo;Una carreggiata a doppio senso;Asciutto;Asfaltata;Verticale ed orizzontale;Sereno;Scarso;Insufficiente;Insufficiente;3;0;1;0;12.645;41.9427;-1;;;;Pedone;F;Ricoverato;0;NON DECEDUTO;;
4212832;5;04/01/2019 19:20:00;Strada Urbana;VIA DI MARCO SIMONE;da specificare;;;;PROX. VIA TODINI;Investimento di pedone;Rettilineo;Una carreggiata a doppio senso;Asciutto;Asfaltata;Verticale ed orizzontale;Sereno;Scarso;Insufficiente;Insufficiente;3;0;1;0;12.645;41.9427;-1;;;;Pedone;F;Ricoverato;0;NON DECEDUTO;;
4212832;5;04/01/2019 19:20:00;Strada Urbana;VIA DI MARCO SIMONE;da specificare;;;;PROX. VIA TODINI;Investimento di pedone;Rettilineo;Una carreggiata a doppio senso;Asciutto;Asfaltata;Verticale ed orizzontale;Sereno;Scarso;Insufficiente;Insufficiente;3;0;1;0;12.645;41.9427;-1;1;Autocarro inferiore 35 q.;In marcia / fermata / arresto;Conducente;M;Rimandato;0;NON DECEDUTO;Non accertato;Inesploso
4222200;5;17/01/2019 18:10:00;Strada Urbana;VIA TIBURTINA;in prossimità;;del civico n.;719;;Tamponamento;Rettilineo;Due carreggiate;Bagnato (pioggia);Asfaltata;Orizzontale;Nuvoloso;Normale;Buona;Sufficiente;0;0;0;3;12.551;41.9114;-1;1;Autovettura privata;In marcia / fermata / arresto;Conducente;M;Illeso;0;;Non accertato;Inesploso
4222200;5;17/01/2019 18:10:00;Strada Urbana;VIA TIBURTINA;in prossimità;;del civico n.;719;;Tamponamento;Rettilineo;Due carreggiate;Bagnato (pioggia);Asfaltata;Orizzontale;Nuvoloso;Normale;Buona;Sufficiente;0;0;0;3;12.551;41.9114;-1;1;Autovettura privata;In marcia / fermata / arresto;Passeggero;F;Illeso;0;;Non accertato;Inesploso
4222200;5;17/01/2019 18:10:00;Strada Urbana;VIA TIBURTINA;in prossimità;;del civico n.;719;;Tamponamento;Rettilineo;Due carreggiate;Bagnato (pioggia);Asfaltata;Orizzontale;Nuvoloso;Normale;Buona;Sufficiente;0;0;0;3;12.551;41.9114;-1;2;Quadriciclo leggero;In marcia / fermata / arresto;Conducente;M;Illeso;0;;Non accertato;Inesploso
4223883;16;30/01/2019 20:30:00;Strada Urbana;VIALE DELLE MURA GIANICOLENSI;in prossimità;;del civico n.;107;;Veicolo in marcia contro ostacolo accidentale;Rettilineo;Una carreggiata a senso unico di marcia;Bagnato (pioggia);Asfaltata;Verticale ed orizzontale;Pioggia in atto;Scarso;Sufficiente;Sufficiente;0;0;0;2;12.461;41.8876;-1;1;Autovettura privata;In marcia / fermata / arresto;Conducente;M;Illeso;0;;Non accertato;Inesploso
4223883;16;30/01/2019 20:30:00;Strada Urbana;VIALE DELLE MURA GIANICOLENSI;in prossimità;;del civico n.;107;;Veicolo in marcia contro ostacolo accidentale;Rettilineo;Una carreggiata a senso unico di marcia;Bagnato (pioggia);Asfaltata;Verticale ed orizzontale;Pioggia in atto;Scarso;Sufficiente;Sufficiente;0;0;0;2;12.461;41.8876;-1;1;Autovettura privata;In marcia / fermata / arresto;Passeggero;F;Illeso;0;;Non accertato;Inesploso
4228979;2;29/01/2019 09:10:00;Strada Urbana;CIRCONVALLAZIONE SALARIA;in prossimità;;del civico n.;605;;Scontro frontale fra veicoli in marcia;Rettilineo;Due carreggiate;Asciutto;Asfaltata;Verticale ed orizzontale;Sereno;Normale;Buona;Ore Diurne;2;0;0;0;12.499;41.9406;-1;1;Motociclo a solo;In marcia / fermata / arresto;Conducente;M;Rifiuta cure immediate;0;NON DECEDUTO;Non accertato;
4228979;2;29/01/2019 09:10:00;Strada Urbana;CIRCONVALLAZIONE SALARIA;in prossimità;;del civico n.;605;;Scontro frontale fra veicoli in marcia;Rettilineo;Due carreggiate;Asciutto;Asfaltata;Verticale ed orizzontale;Sereno;Normale;Buona;Ore Diurne;2;0;0;0;12.499;41.9406;-1;2;Motociclo a solo;In marcia / fermata / arresto;Conducente;M;Rifiuta cure immediate;0;NON DECEDUTO;Non accertato;
4234680;1;01/01/2019 08:25:00;Strada Urbana;LARGO DELL'AMBA ARADAM;in prossimità;;del civico n.;1;;Investimento di pedone;Rettilineo;Due carreggiate;Asciutto;Asfaltata;Verticale ed orizzontale;Sereno;Normale;Buona;Ore Diurne;1;0;0;8;12.4984;41.8824;0;;;;Pedone;F;Rimandato;0;NON DECEDUTO;;
4234680;1;01/01/2019 08:25:00;Strada Urbana;LARGO DELL'AMBA ARADAM;in prossimità;;del civico n.;1;;Investimento di pedone;Rettilineo;Due carreggiate;Asciutto;Asfaltata;Verticale ed orizzontale;Sereno;Normale;Buona;Ore Diurne;1;0;0;8;12.4984;41.8824;0;1;Autovettura privata;In marcia / fermata / arresto;Conducente;F;Illeso;0;;Non accertato;Inesploso
4234680;1;01/01/2019 08:25:00;Strada Urbana;LARGO DELL'AMBA ARADAM;in prossimità;;del civico n.;1;;Investimento di pedone;Rettilineo;Due carreggiate;Asciutto;Asfaltata;Verticale ed orizzontale;Sereno;Normale;Buona;Ore Diurne;1;0;0;8;12.4984;41.8824;0;1;Autovettura privata;In marcia / fermata / arresto;Passeggero;M;Illeso;0;;Non accertato;
4234680;1;01/01/2019 08:25:00;Strada Urbana;LARGO DELL'AMBA ARADAM;in prossimità;;del civico n.;1;;Investimento di pedone;Rettilineo;Due carreggiate;Asciutto;Asfaltata;Verticale ed orizzontale;Sereno;Normale;Buona;Ore Diurne;1;0;0;8;12.4984;41.8824;0;1;Autovettura privata;In marcia / fermata / arresto;Passeggero;M;Illeso;0;;Non accertato;
4234680;1;01/01/2019 08:25:00;Strada Urbana;LARGO DELL'AMBA ARADAM;in prossimità;;del civico n.;1;;Investimento di pedone;Rettilineo;Due carreggiate;Asciutto;Asfaltata;Verticale ed orizzontale;Sereno;Normale;Buona;Ore Diurne;1;0;0;8;12.4984;41.8824;0;1;Autovettura privata;In marcia / fermata / arresto;Passeggero;F;Illeso;0;;Non accertato;
4234680;1;01/01/2019 08:25:00;Strada Urbana;LARGO DELL'AMBA ARADAM;in prossimità;;del civico n.;1;;Investimento di pedone;Rettilineo;Due carreggiate;Asciutto;Asfaltata;Verticale ed orizzontale;Sereno;Normale;Buona;Ore Diurne;1;0;0;8;12.4984;41.8824;0;1;Autovettura privata;In marcia / fermata / arresto;Passeggero;F;Illeso;0;;Non accertato;
4234680;1;01/01/2019 08:25:00;Strada Urbana;LARGO DELL'AMBA ARADAM;in prossimità;;del civico n.;1;;Investimento di pedone;Rettilineo;Due carreggiate;Asciutto;Asfaltata;Verticale ed orizzontale;Sereno;Normale;Buona;Ore Diurne;1;0;0;8;12.4984;41.8824;0;1;Autovettura privata;In marcia / fermata / arresto;Passeggero;F;Illeso;0;;Non accertato;
4234680;1;01/01/2019 08:25:00;Strada Urbana;LARGO DELL'AMBA ARADAM;in prossimità;;del civico n.;1;;Investimento di pedone;Rettilineo;Due carreggiate;Asciutto;Asfaltata;Verticale ed orizzontale;Sereno;Normale;Buona;Ore Diurne;1;0;0;8;12.4984;41.8824;0;2;Autovettura privata;In marcia / fermata / arresto;Conducente;M;Illeso;0;;Non accertato;Inesploso
4234680;1;01/01/2019 08:25:00;Strada Urbana;LARGO DELL'AMBA ARADAM;in prossimità;;del civico n.;1;;Investimento di pedone;Rettilineo;Due carreggiate;Asciutto;Asfaltata;Verticale ed orizzontale;Sereno;Normale;Buona;Ore Diurne;1;0;0;8;12.4984;41.8824;0;2;Autovettura privata;In marcia / fermata / arresto;Passeggero;M;Illeso;0;;Non accertato;
4240011;26;31/01/2019 12:00:00;Strada Urbana;VIA DI MONTE TARPEO;in corrispondenza;;del palo luce n.;5;;Veicolo in marcia contro veicolo in sosta;Rettilineo;Una carreggiata a senso unico di marcia;Bagnato (pioggia);Acciotolata;Verticale ed orizzontale;Pioggia in atto;Scarso;Buona;Ore Diurne;0;0;0;1;12.4832;41.892;-1;1;Autovettura privata;Sosta;;;;;;;
4240011;26;31/01/2019 12:00:00;Strada Urbana;VIA DI MONTE TARPEO;in corrispondenza;;del palo luce n.;5;;Veicolo in marcia contro veicolo in sosta;Rettilineo;Una carreggiata a senso unico di marcia;Bagnato (pioggia);Acciotolata;Verticale ed orizzontale;Pioggia in atto;Scarso;Buona;Ore Diurne;0;0;0;1;12.4832;41.892;-1;2;Autocarro inferiore 35 q.;In marcia / fermata / arresto;Conducente;M;Illeso;0;;;
4249276;5;20/01/2019 23:00:00;Strada Urbana;VIA DEI DURANTINI;all'intersezione con;VIA DELLA TRACHITE;VIA DELLA TRACHITE;;;Tamponamento;Incrocio;Una carreggiata a doppio senso;Bagnato (pioggia);Asfaltata;Verticale;Pioggia in atto;Scarso;Sufficiente;Sufficiente;2;0;0;1;12.542;41.9163;-1;1;Autovettura privata;In marcia / fermata / arresto;Conducente;F;Illeso;0;;Non accertato;Inesploso
4249276;5;20/01/2019 23:00:00;Strada Urbana;VIA DEI DURANTINI;all'intersezione con;VIA DELLA TRACHITE;VIA DELLA TRACHITE;;;Tamponamento;Incrocio;Una carreggiata a doppio senso;Bagnato (pioggia);Asfaltata;Verticale;Pioggia in atto;Scarso;Sufficiente;Sufficiente;2;0;0;1;12.542;41.9163;-1;2;Motociclo con passeggero;In marcia / fermata / arresto;Conducente;M;Rimandato;0;NON DECEDUTO;Non accertato;
4249276;5;20/01/2019 23:00:00;Strada Urbana;VIA DEI DURANTINI;all'intersezione con;VIA DELLA TRACHITE;VIA DELLA TRACHITE;;;Tamponamento;Incrocio;Una carreggiata a doppio senso;Bagnato (pioggia);Asfaltata;Verticale;Pioggia in atto;Scarso;Sufficiente;Sufficiente;2;0;0;1;12.542;41.9163;-1;2;Motociclo con passeggero;In marcia / fermata / arresto;Passeggero;F;Rimandato;0;NON DECEDUTO;Non accertato;
4252200;1;30/01/2019 20:30:00;Strada Urbana;LUNGOTEVERE DE' CENCI;all'intersezione semaforizzata con;PONTE GARIBALDI;PONTE GARIBALDI;;;Scontro frontale/laterale SX fra veicoli in marcia;Intersezione semaforizzata;Una carreggiata a senso unico di marcia;Asciutto;Asfaltata;Verticale ed orizzontale;Sereno;Normale;Sufficiente;Sufficiente;0;0;0;3;12.4765;41.8919;-1;1;Autovettura privata;In marcia / fermata / arresto;Conducente;M;Illeso;0;;;
4252200;1;30/01/2019 20:30:00;Strada Urbana;LUNGOTEVERE DE' CENCI;all'intersezione semaforizzata con;PONTE GARIBALDI;PONTE GARIBALDI;;;Scontro frontale/laterale SX fra veicoli in marcia;Intersezione semaforizzata;Una carreggiata a senso unico di marcia;Asciutto;Asfaltata;Verticale ed orizzontale;Sereno;Normale;Sufficiente;Sufficiente;0;0;0;3;12.4765;41.8919;-1;1;Autovettura privata;In marcia / fermata / arresto;Passeggero;M;Illeso;0;;;
4252200;1;30/01/2019 20:30:00;Strada Urbana;LUNGOTEVERE DE' CENCI;all'intersezione semaforizzata con;PONTE GARIBALDI;PONTE GARIBALDI;;;Scontro frontale/laterale SX fra veicoli in marcia;Intersezione semaforizzata;Una carreggiata a senso unico di marcia;Asciutto;Asfaltata;Verticale ed orizzontale;Sereno;Normale;Sufficiente;Sufficiente;0;0;0;3;12.4765;41.8919;-1;1;Autovettura privata;In marcia / fermata / arresto;Passeggero;F;Illeso;0;;Non accertato;
4252200;1;30/01/2019 20:30:00;Strada Urbana;LUNGOTEVERE DE' CENCI;all'intersezione semaforizzata con;PONTE GARIBALDI;PONTE GARIBALDI;;;Scontro frontale/laterale SX fra veicoli in marcia;Intersezione semaforizzata;Una carreggiata a senso unico di marcia;Asciutto;Asfaltata;Verticale ed orizzontale;Sereno;Normale;Sufficiente;Sufficiente;0;0;0;3;12.4765;41.8919;-1;2;Autovettura privata;In marcia / fermata / arresto;;;;;;;
4258257;2;18/01/2019 17:10:00;Strada Urbana;VIALE ETIOPIA;da specificare;;;;//;Scontro frontale/laterale SX fra veicoli in marcia;Rettilineo;Una carreggiata a doppio senso;Asciutto;Asfaltata;Verticale ed orizzontale;Sereno;Normale;Buona;Sufficiente;0;0;0;2;12.5235;41.9315;-1;1;Autovettura privata;In marcia / fermata / arresto;Conducente;M;Illeso;0;;;
4258257;2;18/01/2019 17:10:00;Strada Urbana;VIALE ETIOPIA;da specificare;;;;//;Scontro frontale/laterale SX fra veicoli in marcia;Rettilineo;Una carreggiata a doppio senso;Asciutto;Asfaltata;Verticale ed orizzontale;Sereno;Normale;Buona;Sufficiente;0;0;0;2;12.5235;41.9315;-1;2;Autovettura privata;In marcia / fermata / arresto;Conducente;M;Illeso;0;;;
4288133;1;26/01/2019 07:00:00;Strada Urbana;PIAZZA DI PORTA PORTESE;da specificare;;;;.;Veicolo in marcia contro veicolo in sosta;Rettilineo;Una carreggiata a doppio senso;Asciutto;In cubetti di porfido;Verticale ed orizzontale;Sereno;Scarso;Buona;Ore Diurne;0;0;0;0;12.4742;41.884;-1;1;Autovettura privata;Sosta;;;;;;;
4288133;1;26/01/2019 07:00:00;Strada Urbana;PIAZZA DI PORTA PORTESE;da specificare;;;;.;Veicolo in marcia contro veicolo in sosta;Rettilineo;Una carreggiata a doppio senso;Asciutto;In cubetti di porfido;Verticale ed orizzontale;Sereno;Scarso;Buona;Ore Diurne;0;0;0;0;12.4742;41.884;-1;2;Altro;Allontanatosi;;;;;;;
4376483;9;10/01/2019 18:30:00;Strada Urbana;PIAZZA CESARE CANTU';da specificare;;;;fronte Farmacia Cantù;Scontro frontale/laterale SX fra veicoli in marcia;Rettilineo;Due carreggiate;Asciutto;Asfaltata;Verticale ed orizzontale;Sereno;Normale;Buona;Sufficiente;1;0;0;1;12.5271;41.8713;-1;1;Autovettura privata;In marcia / fermata / arresto;Conducente;M;Illeso;0;;;
4376483;9;10/01/2019 18:30:00;Strada Urbana;PIAZZA CESARE CANTU';da specificare;;;;fronte Farmacia Cantù;Scontro frontale/laterale SX fra veicoli in marcia;Rettilineo;Due carreggiate;Asciutto;Asfaltata;Verticale ed orizzontale;Sereno;Normale;Buona;Sufficiente;1;0;0;1;12.5271;41.8713;-1;2;Motociclo a solo;In marcia / fermata / arresto;Conducente;M;Rimandato;0;NON DECEDUTO;;